	日期	事件标题	国家	区域	消费品名称	涉及的消费品数量	伤害事件	事件来源	消费品一级类别	消费品二级类别	链接	伤害类型	严重程度	危害情况	危害源	消费品危害类型	消费品一级危害类型	消费品二级危害类型	消费者年龄	消费者受教育程度	消费者职业	健康状况	消费品问题部件	尺寸	绳索及类似物	不透气	填充物	锐利边缘	部件空隙或开口	尖角	光滑表面	粗糙表面	小零件	昼夜	温度	湿度	海拔	稳定性	腐蚀性	速度	腐蚀物	坎坷	爬坡	下坡	地面摩擦	斜坡	楼梯	灰尘	静电	辐射	警示标识缺失	高温表面	高温液体	高温气体	低温表面	低温液体	低温气体	明火	高低电压	过热	漏电	短路	接触不良	铁芯发热	散热不良	稳定性噪音危害	变动性噪音危害	脉冲性噪音危害	爆炸性气体	爆炸性粉尘	爆炸性喷雾	聚合爆炸	蒸发爆炸	液体混合爆炸	爆炸性化合物	固体爆炸性物质	爆炸性气体	旋转部件牵扯	飞行物体撞击	移动部件挤压	机械稳定性	机械强度	弹性组件失控	压力空间失控	热辐射危害	激光辐射	紫外线辐射	X光线辐射	高频电磁辐射	低频电磁辐射	甲醛	乙醛	丙烯醛	其它有毒醛类	蒽类化合物	菲类化合物	芘类化合物	其它有毒芳香稠环类化合物类	N-杂环化合物	S-杂环化合物	O-杂环化合物	其它有毒杂环类化合物	有机氟化物	有机氯化物	有机溴化物	其它有毒有机氯化物	一氧化氮	一氧化碳	氯气	臭氧	氯化氢	硫化氢	其它有毒气体	砷	镉	铬	铜	汞	镍	铅	其它有毒重金属及其化合物	硫酸	盐酸	氢氧化钠	其它有毒酸碱类物	氢氰酸	氰化钾	氰化氢	其它无机氰化物	尘螨	蛔虫卵	绦虫卵	其它寄生虫危害	甲肝病毒	甲型流感病毒	轮状病毒	禽流感病毒	其它原生微生物危害	皮肤癣真菌	着色真菌	孢子丝菌	新生隐球菌	假丝酵母菌	曲霉	毛霉	卡氏肺孢菌	其它真核细胞微生物危害	大肠杆菌	沙门氏菌	副溶血性弧菌	金黄色葡萄球菌	腊样芽孢肝菌	其它原核细胞微生物危害
0	2021/5/26	又一辆电动车充电时起火，这次是在居民楼地下室	中国	北京	电动自行车	1	5月25日，在朝阳区百环家园2号楼地下室，一辆正在充电的电动车突然起火。	舆情	交通用具及相关产品	空	https://news.sina.cn/2021-05-26/detail-ikmyaawc7684991.d.html	烧伤	2	财产损失	电气危害	物理危害	高/低温物质危害,电气危害	高温物质危害,电气爆炸	未知	未知	未知	未知	未知	未知	未知	否	未知	未知	未知	未知	未知	未知	未知	未知	空	空	空	空	否	空	无	未知	未知	未知	未知	未知	未知	未知	未知	未知	未知	未知	未知	未知	未知	未知	未知	是	未知	是	未知	未知	未知	未知	未知	未知	未知	未知	未知	未知	未知	未知	未知	未知	未知	未知	未知	未知	未知	未知	是	未知	未知	未知	未知	无	无	无	未知	未知	未知	未知	未知	未知	未知	未知	未知	未知	未知	未知	未知	未知	未知	未知	未知	未知	未知	未知	未知	未知	未知	未知	未知	未知	未知	未知	未知	未知	未知	未知	未知	未知	未知	未知	未知	未知	未知	未知	未知	无	无	无	无	无	无	无	无	无	无	无	无	无	无	无	无	无	无	无	无	无	无	无	无
1	2021/5/26	电动车家中充电,爆燃起火 2人逃生途中受伤	中国	贵州	电动自行车电池	1	5月26日，都匀市七星安置房10楼一住户家发生火灾，经消防部门调查，该起火灾原因为在室内为电动自行车锂电池充电，因锂电池故障起火。	舆情	交通用具及相关产品	空	https://baijiahao.baidu.com/s?id=1700812885479001304&wfr=spider&for=pc	烧伤	2	烧伤	电气危害	物理危害	高/低温物质危害,电气危害,机械危害	高温物质危害,电气爆炸,形状和表面性能危害	未知	未知	未知	未知	未知	未知	未知	否	未知	未知	未知	未知	未知	未知	电池	未知	空	空	空	空	否	空	无	未知	未知	未知	未知	未知	未知	未知	未知	未知	未知	未知	未知	未知	未知	未知	未知	是	未知	是	未知	未知	未知	未知	未知	未知	未知	未知	未知	未知	未知	未知	未知	未知	未知	未知	未知	未知	未知	未知	是	未知	未知	未知	未知	无	无	无	未知	未知	未知	未知	未知	未知	未知	未知	未知	未知	未知	未知	未知	未知	未知	未知	未知	未知	未知	未知	未知	未知	未知	未知	未知	未知	未知	未知	未知	未知	未知	未知	未知	未知	未知	未知	未知	未知	未知	未知	未知	无	无	无	无	无	无	无	无	无	无	无	无	无	无	无	无	无	无	无	无	无	无	无	无
2	2021/5/26	郑州一女子给电动车充电引发火灾，听到赔偿时当场晕倒	中国	河南	电动自行车	1	郑州一小区租户为电动车飞线充电导致发生火灾，该小区8辆车被烧。	舆情	交通用具及相关产品	空	https://view.inews.qq.com/a/20210526A08A9800	烧伤	2	财产损失	电气危害	物理危害	高/低温物质危害,电气危害	高温物质危害,电气爆炸	未知	未知	未知	未知	未知	未知	未知	否	未知	未知	未知	未知	未知	未知	未知	未知	空	空	空	空	否	空	无	未知	未知	未知	未知	未知	未知	未知	未知	未知	未知	未知	未知	未知	未知	未知	未知	是	未知	是	未知	未知	未知	未知	未知	未知	未知	未知	未知	未知	未知	未知	未知	未知	未知	未知	未知	未知	未知	未知	是	未知	未知	未知	未知	无	无	无	未知	未知	未知	未知	未知	未知	未知	未知	未知	未知	未知	未知	未知	未知	未知	未知	未知	未知	未知	未知	未知	未知	未知	未知	未知	未知	未知	未知	未知	未知	未知	未知	未知	未知	未知	未知	未知	未知	未知	未知	未知	无	无	无	无	无	无	无	无	无	无	无	无	无	无	无	无	无	无	无	无	无	无	无	无
3	2021/5/26	海宁一宾馆突发爆炸！疑因住客将电动车电瓶带到房内充电引起	中国	浙江	电动自行车	1	5月25日，海宁有一家乡镇宾馆，因住宿客人将电动车电瓶带至房间里充电，电瓶在充电过程中突然发生爆裂。	舆情	交通用具及相关产品	空	https://view.inews.qq.com/a/20210526A03WLD00	未知	0	财产损失	电气危害	未知	未知	未知	未知	未知	未知	未知	未知	未知	未知	否	未知	未知	未知	未知	未知	未知	未知	未知	空	空	空	空	否	空	无	未知	未知	未知	未知	未知	未知	未知	未知	未知	未知	未知	未知	未知	未知	未知	未知	未知	未知	未知	未知	未知	未知	未知	未知	未知	未知	未知	未知	未知	未知	未知	未知	未知	未知	未知	未知	未知	未知	未知	是	未知	未知	未知	未知	无	无	无	未知	未知	未知	未知	未知	未知	未知	未知	未知	未知	未知	未知	未知	未知	未知	未知	未知	未知	未知	未知	未知	未知	未知	未知	未知	未知	未知	未知	未知	未知	未知	未知	未知	未知	未知	未知	未知	未知	未知	未知	未知	无	无	无	无	无	无	无	无	无	无	无	无	无	无	无	无	无	无	无	无	无	无	无	无
4	2021/5/27	南通一小区车库内电瓶车起火60秒爆燃，监控画面触目惊心	中国	江苏	电动自行车	1	5月23日，南通崇川区一车库电瓶车起火引发爆燃。	舆情	交通用具及相关产品	空	https://3g.163.com/local/article/GB0CSRBO04249CUF.html	烧伤	2	财产损失	电气危害	物理危害	高/低温物质危害,电气危害	高温物质危害,电气爆炸	未知	未知	未知	未知	未知	未知	未知	否	未知	未知	未知	未知	未知	未知	未知	未知	空	空	空	空	否	空	无	未知	未知	未知	未知	未知	未知	未知	未知	未知	未知	未知	未知	未知	未知	未知	未知	是	未知	是	未知	未知	未知	未知	未知	未知	未知	未知	未知	未知	未知	未知	未知	未知	未知	未知	未知	未知	未知	未知	是	未知	未知	未知	未知	无	无	无	未知	未知	未知	未知	未知	未知	未知	未知	未知	未知	未知	未知	未知	未知	未知	未知	未知	未知	未知	未知	未知	未知	未知	未知	未知	未知	未知	未知	未知	未知	未知	未知	未知	未知	未知	未知	未知	未知	未知	未知	未知	无	无	无	无	无	无	无	无	无	无	无	无	无	无	无	无	无	无	无	无	无	无	无	无
5	2021/5/27	新买华为手机48℃用得烫手！不到两月故障频出	中国	江西	手机	1	近日，南昌熊先生在华为专卖店买了一部华为Mate40 Pro，不到两个月，手机出现黑屏、卡顿的情况，华为客服通过刷机解决了。但最近他的手机又出现过热的问题。	舆情	电子及信息技术产品	空	https://t.cj.sina.com.cn/articles/view/6418480627/m17e923df303300z871?from=digit	烫伤	2	财产损失	质量问题	物理危害	电气危害	触电危害	未知	未知	未知	未知	未知	未知	未知	否	未知	未知	未知	未知	未知	未知	未知	未知	空	空	空	空	否	空	无	未知	未知	未知	未知	未知	未知	未知	未知	未知	未知	未知	未知	未知	未知	未知	未知	未知	未知	是	未知	未知	未知	未知	未知	未知	未知	未知	未知	未知	未知	未知	未知	未知	未知	未知	未知	未知	未知	未知	是	未知	未知	未知	未知	无	无	无	未知	未知	未知	未知	未知	未知	未知	未知	未知	未知	未知	未知	未知	未知	未知	未知	未知	未知	未知	未知	未知	未知	未知	未知	未知	未知	未知	未知	未知	未知	未知	未知	未知	未知	未知	未知	未知	未知	未知	未知	未知	无	无	无	无	无	无	无	无	无	无	无	无	无	无	无	无	无	无	无	无	无	无	无	无
6	2021/5/27	燃气灶爆炸，淘宝平台不跟进，商家不赔偿	中国	不详	燃气灶	1	消费者投诉网购库森好太太韩康店的燃气灶，煮粥时燃气灶起火，一人被烧伤。	舆情	家用电器及电器附件	空	https://tousu.sina.com.cn/complaint/view/17353400344/	烧伤	2	烧伤	危害源不详	物理危害	高/低温物质危害	高温物质危害	未知	未知	未知	未知	未知	未知	未知	否	未知	未知	未知	未知	未知	未知	未知	未知	空	空	空	空	否	空	无	未知	未知	未知	未知	未知	未知	未知	未知	未知	未知	有	未知	未知	未知	未知	未知	是	未知	未知	未知	未知	未知	未知	未知	未知	未知	未知	未知	未知	未知	未知	未知	未知	未知	未知	未知	未知	未知	未知	是	未知	未知	未知	未知	无	无	无	未知	未知	未知	未知	未知	未知	未知	未知	未知	未知	未知	未知	未知	未知	未知	未知	未知	未知	未知	未知	未知	未知	未知	未知	未知	未知	未知	未知	未知	未知	未知	未知	未知	未知	未知	未知	未知	未知	未知	未知	未知	无	无	无	无	无	无	无	无	无	无	无	无	无	无	无	无	无	无	无	无	无	无	无	无
7	2021/5/28	直播间售劣质手机，快手电商永久清退朵唯	中国	甘肃	手机	1	5月28日，快手电商发布公告，对近日诸多媒体及社会关注的快手主播“驴嫂平荣”直播间售卖的“朵唯12Pro”手机事件做了梳理，并公布了最终事件处理结果。针对朵唯出现摄像头、内存错配等问题，快手电商永久清退朵唯所有产品，涉事企业永不合作。	舆情	电子及信息技术产品	空	https://new.qq.com/omn/20210528/20210528A0DSHP00.html	未知	0	财产损失	质量问题	未知	未知	未知	未知	未知	未知	未知	未知	未知	未知	否	未知	未知	未知	未知	未知	未知	未知	未知	空	空	空	空	否	空	无	未知	未知	未知	未知	未知	未知	未知	未知	未知	未知	未知	未知	未知	未知	未知	未知	未知	未知	未知	未知	未知	未知	未知	未知	未知	未知	未知	未知	未知	未知	未知	未知	未知	未知	未知	未知	未知	未知	未知	是	未知	未知	未知	未知	无	无	无	未知	未知	未知	未知	未知	未知	未知	未知	未知	未知	未知	未知	未知	未知	未知	未知	未知	未知	未知	未知	未知	未知	未知	未知	未知	未知	未知	未知	未知	未知	未知	未知	未知	未知	未知	未知	未知	未知	未知	未知	未知	无	无	无	无	无	无	无	无	无	无	无	无	无	无	无	无	无	无	无	无	无	无	无	无
8	2021/5/28	北京一电动车凌晨着火 万幸发生在室外充电车棚	中国	北京	电动自行车	1	5月27日凌晨，北京市海淀区东升镇一平房区发生电动车火灾，一辆正在充电的电动自行车蓄电池突然着火。因事发在室外充电车棚，火灾未造成人员被困。	舆情	交通用具及相关产品	空	https://www.163.com/news/article/GB330UOA0001899O.html	烧伤	2	财产损失	电气危害	物理危害	高/低温物质危害,电气危害,机械危害	高温物质危害,电气爆炸,形状和表面性能危害	未知	未知	未知	未知	未知	未知	未知	否	未知	未知	未知	未知	未知	未知	电池	未知	空	空	空	空	否	空	无	未知	未知	未知	未知	未知	未知	未知	未知	未知	未知	未知	未知	未知	未知	未知	未知	是	未知	是	未知	未知	未知	未知	未知	未知	未知	未知	未知	未知	未知	未知	未知	未知	未知	未知	未知	未知	未知	未知	是	未知	未知	未知	未知	无	无	无	未知	未知	未知	未知	未知	未知	未知	未知	未知	未知	未知	未知	未知	未知	未知	未知	未知	未知	未知	未知	未知	未知	未知	未知	未知	未知	未知	未知	未知	未知	未知	未知	未知	未知	未知	未知	未知	未知	未知	未知	未知	无	无	无	无	无	无	无	无	无	无	无	无	无	无	无	无	无	无	无	无	无	无	无	无
9	2021/5/28	蚌埠一房屋起火，现场烧得黢黑！疑似电瓶车充电短路所致！	中国	安徽	电动自行车	1	"近日，蚌埠市沫河口镇三铺村有房屋着火，店铺着火原因疑是房主
将电瓶车放屋内充电，电线短路导致。"	舆情	交通用具及相关产品	空	https://3g.163.com/dy/article/GB36ACLS05148M7V.html?referFrom=www.netinsight.com.cn&isFromOtherWeb=true	烧伤,电击伤	2	财产损失	电气危害	物理危害	电气危害	触电危害	未知	未知	未知	未知	未知	未知	未知	否	未知	未知	未知	未知	未知	未知	未知	未知	空	空	空	空	否	空	无	未知	未知	未知	未知	未知	未知	未知	未知	未知	未知	未知	未知	未知	未知	未知	未知	未知	未知	未知	未知	是	未知	未知	未知	未知	未知	未知	未知	未知	未知	未知	未知	未知	未知	未知	未知	未知	未知	未知	是	未知	未知	未知	未知	无	无	无	未知	未知	未知	未知	未知	未知	未知	未知	未知	未知	未知	未知	未知	未知	未知	未知	未知	未知	未知	未知	未知	未知	未知	未知	未知	未知	未知	未知	未知	未知	未知	未知	未知	未知	未知	未知	未知	未知	未知	未知	未知	无	无	无	无	无	无	无	无	无	无	无	无	无	无	无	无	无	无	无	无	无	无	无	无
10	2021/5/29	江西宜春：惊险！充电宝突然爆炸，整个卧室燃起大火 	中国	江西	充电宝	1	5月28日，江西宜春高安市凤凰6号一出租屋内弥漫着大量浓烟，火势从屋内的席梦思朝整个卧室蔓延，消防人员赶到后发现，原来造成火灾的罪魁祸首竟然是充电宝。	舆情	电子及信息技术产品	空	https://www.sohu.com/a/469406686_120045059	烧伤	2	财产损失	电气危害	物理危害	高/低温物质危害	高温物质危害	未知	未知	未知	未知	未知	未知	未知	否	未知	未知	未知	未知	未知	未知	未知	未知	空	空	空	空	否	空	无	未知	未知	未知	未知	未知	未知	未知	未知	未知	未知	未知	未知	未知	未知	未知	未知	是	未知	未知	未知	未知	未知	未知	未知	未知	未知	未知	未知	未知	未知	未知	未知	未知	未知	未知	未知	未知	未知	未知	是	未知	未知	未知	未知	无	无	无	未知	未知	未知	未知	未知	未知	未知	未知	未知	未知	未知	未知	未知	未知	未知	未知	未知	未知	未知	未知	未知	未知	未知	未知	未知	未知	未知	未知	未知	未知	未知	未知	未知	未知	未知	未知	未知	未知	未知	未知	未知	无	无	无	无	无	无	无	无	无	无	无	无	无	无	无	无	无	无	无	无	无	无	无	无
11	2021/5/30	梅塘镇一民居电动车家中充电起火，有人被困……	中国	广东	电动自行车	1	5月29日，普宁市梅塘镇内丰村附近一民居起火，火灾原因初步调查为电动车违规充电和电气线路故障所致。	舆情	交通用具及相关产品	空	https://new.qq.com/rain/a/20210530A07IZY00	烧伤	2	财产损失	电气危害	物理危害	高/低温物质危害,电气危害	高温物质危害,电气爆炸	未知	未知	未知	未知	未知	未知	未知	否	未知	未知	未知	未知	未知	未知	未知	未知	空	空	空	空	否	空	无	未知	未知	未知	未知	未知	未知	未知	未知	未知	未知	未知	未知	未知	未知	未知	未知	是	未知	是	未知	未知	未知	未知	未知	未知	未知	未知	未知	未知	未知	未知	未知	未知	未知	未知	未知	未知	未知	未知	是	未知	未知	未知	未知	无	无	无	未知	未知	未知	未知	未知	未知	未知	未知	未知	未知	未知	未知	未知	未知	未知	未知	未知	未知	未知	未知	未知	未知	未知	未知	未知	未知	未知	未知	未知	未知	未知	未知	未知	未知	未知	未知	未知	未知	未知	未知	未知	无	无	无	无	无	无	无	无	无	无	无	无	无	无	无	无	无	无	无	无	无	无	无	无
12	2021/5/30	事发阜阳汽车南站附近！电瓶车突发爆燃！	中国	安徽	电动自行车	1	5月29日，阜阳汽车南站附近有一辆电瓶车发生自燃，火势凶猛，转眼间，电瓶车就发生了爆燃。	舆情	交通用具及相关产品	空	https://www.163.com/dy/article/GB8Q31T40514EF2B.html	未知	0	财产损失	电气危害	物理危害	电气危害	电气爆炸	未知	未知	未知	未知	未知	未知	未知	否	未知	未知	未知	未知	未知	未知	未知	未知	空	空	空	空	否	空	无	未知	未知	未知	未知	未知	未知	未知	未知	未知	未知	未知	未知	未知	未知	未知	未知	未知	未知	是	未知	未知	未知	未知	未知	未知	未知	未知	未知	未知	未知	未知	未知	未知	未知	未知	未知	未知	未知	未知	是	未知	未知	未知	未知	无	无	无	未知	未知	未知	未知	未知	未知	未知	未知	未知	未知	未知	未知	未知	未知	未知	未知	未知	未知	未知	未知	未知	未知	未知	未知	未知	未知	未知	未知	未知	未知	未知	未知	未知	未知	未知	未知	未知	未知	未知	未知	未知	无	无	无	无	无	无	无	无	无	无	无	无	无	无	无	无	无	无	无	无	无	无	无	无
13	2021/5/30	潮汕一厂发生火灾，疑似通道电动车起火引燃	中国	湖南	电动自行车	1	5月24日空港渔湖镇水上乐园金来宝鞋厂起火，起火原因初步了解为通道的电动车起火引燃了周边的可燃物。	舆情	交通用具及相关产品	空	https://new.qq.com/omn/20210530/20210530A0AEIM00.html	烧伤	2	财产损失	电气危害	物理危害	高/低温物质危害,电气危害	高温物质危害,电气爆炸	未知	未知	未知	未知	未知	未知	未知	否	未知	未知	未知	未知	未知	未知	未知	未知	空	空	空	空	否	空	无	未知	未知	未知	未知	未知	未知	未知	未知	未知	未知	未知	未知	未知	未知	未知	未知	是	未知	是	未知	未知	未知	未知	未知	未知	未知	未知	未知	未知	未知	未知	未知	未知	未知	未知	未知	未知	未知	未知	是	未知	未知	未知	未知	无	无	无	未知	未知	未知	未知	未知	未知	未知	未知	未知	未知	未知	未知	未知	未知	未知	未知	未知	未知	未知	未知	未知	未知	未知	未知	未知	未知	未知	未知	未知	未知	未知	未知	未知	未知	未知	未知	未知	未知	未知	未知	未知	无	无	无	无	无	无	无	无	无	无	无	无	无	无	无	无	无	无	无	无	无	无	无	无
14	2021/5/30	小学门口文具店竟卖电子烟！有班级50个学生近半数都在抽	中国	广东	电子魔术道具	1	央视财经报道，近日在广东梅州市丰顺县，有市民反映，当地学校周边的一些文具店为了谋取利益，竟私下向小学生售卖电子烟。这些电子烟产品，外包装上标注为“电子魔术道具”，有多种水果口味，有的还可以添加烟油，实际就是电子烟。电子烟可能含有害和潜在有害的物质，如尼古丁、可吸入肺深处的超细颗粒、调味品（如二乙酰，与严重的肺部疾病有关的化学物质）、挥发性有机化合物、致癌化学物质、镍/锡和铅等重金属，各种食源性或非食源性的香精等添加剂，导致肺部疾病。	舆情	儿童用品	空	https://new.qq.com/omn/20210530/20210530A09UCL00.html	致癌	4	致病	有毒有害物质	未知	未知	未知	未知	未知	未知	未知	未知	未知	未知	否	未知	未知	未知	未知	未知	未知	未知	未知	空	空	空	空	否	空	无	未知	未知	未知	未知	未知	未知	未知	未知	未知	未知	未知	未知	未知	未知	未知	未知	未知	未知	未知	未知	未知	未知	未知	未知	未知	未知	未知	未知	未知	未知	未知	未知	未知	未知	未知	未知	未知	未知	未知	是	未知	未知	未知	未知	无	无	无	未知	未知	未知	未知	未知	未知	未知	未知	未知	未知	未知	未知	未知	未知	未知	未知	未知	未知	未知	未知	未知	未知	未知	未知	未知	未知	未知	未知	未知	未知	有	有	未知	未知	未知	未知	未知	未知	未知	未知	未知	无	无	无	无	无	无	无	无	无	无	无	无	无	无	无	无	无	无	无	无	无	无	无	无
15	2021/5/30	蓝牙耳机发生爆炸自燃	中国	不详	蓝牙耳机	1	消费者投诉在拼多多购买的蓝牙耳机发生自燃爆炸，产品质量有问题。	舆情	电子及信息技术产品	空	https://tousu.sina.com.cn/complaint/view/17353445442/	未知	0	财产损失	电气危害	未知	未知	未知	未知	未知	未知	未知	未知	未知	未知	否	未知	未知	未知	未知	未知	未知	未知	未知	空	空	空	空	否	空	无	未知	未知	未知	未知	未知	未知	未知	未知	未知	未知	未知	未知	未知	未知	未知	未知	未知	未知	未知	未知	未知	未知	未知	未知	未知	未知	未知	未知	未知	未知	未知	未知	未知	未知	未知	未知	未知	未知	未知	是	未知	未知	未知	未知	无	无	无	未知	未知	未知	未知	未知	未知	未知	未知	未知	未知	未知	未知	未知	未知	未知	未知	未知	未知	未知	未知	未知	未知	未知	未知	未知	未知	未知	未知	未知	未知	未知	未知	未知	未知	未知	未知	未知	未知	未知	未知	未知	无	无	无	无	无	无	无	无	无	无	无	无	无	无	无	无	无	无	无	无	无	无	无	无
16	2021/5/31	小区住户私拉充电线，电动车起火烧成骨架 	中国	江苏	电动自行车	1	5月28日，江苏南京一小区内发生一起电动自行车火灾，一辆电动车被烧成骨架。初步判断车主涉嫌私拉电线进行充电，	舆情	交通用具及相关产品	空	https://www.sohu.com/a/469686780_260616	烧伤	2	财产损失	电气危害	物理危害	高/低温物质危害,电气危害	高温物质危害,电气爆炸	未知	未知	未知	未知	未知	未知	未知	否	未知	未知	未知	未知	未知	未知	未知	未知	空	空	空	空	否	空	无	未知	未知	未知	未知	未知	未知	未知	未知	未知	未知	未知	未知	未知	未知	未知	未知	是	未知	是	未知	未知	未知	未知	未知	未知	未知	未知	未知	未知	未知	未知	未知	未知	未知	未知	未知	未知	未知	未知	是	未知	未知	未知	未知	无	无	无	未知	未知	未知	未知	未知	未知	未知	未知	未知	未知	未知	未知	未知	未知	未知	未知	未知	未知	未知	未知	未知	未知	未知	未知	未知	未知	未知	未知	未知	未知	未知	未知	未知	未知	未知	未知	未知	未知	未知	未知	未知	无	无	无	无	无	无	无	无	无	无	无	无	无	无	无	无	无	无	无	无	无	无	无	无
17	2021/5/31	徐州一小区空调外机起火，业主：今年第一次开空调	中国	江苏	空调	1	5月31月，徐州蟠桃花园三期，一空调外机突然起火燃烧。	舆情	家用电器及电器附件	空	https://new.qq.com/rain/a/20210602A05I6K00	烧伤	2	财产损失	电气危害	物理危害	高/低温物质危害	高温物质危害	未知	未知	未知	未知	未知	未知	未知	否	未知	未知	未知	未知	未知	未知	未知	未知	空	空	空	空	否	空	无	未知	未知	未知	未知	未知	未知	未知	未知	未知	未知	未知	未知	未知	未知	未知	未知	是	未知	未知	未知	未知	未知	未知	未知	未知	未知	未知	未知	未知	未知	未知	未知	未知	未知	未知	未知	未知	未知	未知	是	未知	未知	未知	未知	无	无	无	未知	未知	未知	未知	未知	未知	未知	未知	未知	未知	未知	未知	未知	未知	未知	未知	未知	未知	未知	未知	未知	未知	未知	未知	未知	未知	未知	未知	未知	未知	未知	未知	未知	未知	未知	未知	未知	未知	未知	未知	未知	无	无	无	无	无	无	无	无	无	无	无	无	无	无	无	无	无	无	无	无	无	无	无	无
18	2021/5/31	威海文登交通路一电动车自燃，车身全部烧毁	中国	山东	电动自行车	1	5月31日，在威海文登区岛里线交通路发生一起电动车自燃事故，现场浓烟滚滚，电动车车身全部烧毁。	舆情	交通用具及相关产品	空	http://k.sina.com.cn/article_5328858693_v13d9fee45020017ck0.html	未知	0	财产损失	电气危害	物理危害	电气危害,机械危害	电气爆炸,形状和表面性能危害	未知	未知	未知	未知	车身	未知	未知	否	未知	未知	未知	未知	未知	未知	未知	未知	空	空	空	空	否	空	无	未知	未知	未知	未知	未知	未知	未知	未知	未知	未知	未知	未知	未知	未知	未知	未知	未知	未知	是	未知	未知	未知	未知	未知	未知	未知	未知	未知	未知	未知	未知	未知	未知	未知	未知	未知	未知	未知	未知	是	未知	未知	未知	未知	无	无	无	未知	未知	未知	未知	未知	未知	未知	未知	未知	未知	未知	未知	未知	未知	未知	未知	未知	未知	未知	未知	未知	未知	未知	未知	未知	未知	未知	未知	未知	未知	未知	未知	未知	未知	未知	未知	未知	未知	未知	未知	未知	无	无	无	无	无	无	无	无	无	无	无	无	无	无	无	无	无	无	无	无	无	无	无	无
19	2021/6/1	手机充电器半夜爆炸 厦门一男子右眼被炸伤	中国	福建	手机充电器	1	厦门市民小陈在睡觉前对手机进行充电，半夜手机充电器突然爆炸，小陈的右眼被烧伤了，充电器碎片打穿了眼睑外侧。	舆情	电子及信息技术产品	空	http://www.fj.chinanews.com/news/2021/2021-06-01/485216.html	烧伤	2	炸伤	电气危害	物理危害	高/低温物质危害,爆炸危害	高温物质危害,固相爆炸危害	未知	未知	未知	未知	未知	未知	未知	否	未知	未知	未知	未知	未知	未知	未知	夜间	空	空	空	空	否	空	无	未知	未知	未知	未知	未知	未知	未知	未知	未知	未知	有	未知	未知	未知	未知	未知	未知	未知	未知	未知	未知	未知	未知	未知	未知	未知	未知	未知	未知	未知	未知	未知	未知	未知	有	未知	未知	未知	未知	是	未知	未知	未知	未知	无	无	无	未知	未知	未知	未知	未知	未知	未知	未知	未知	未知	未知	未知	未知	未知	未知	未知	未知	未知	未知	未知	未知	未知	未知	未知	未知	未知	未知	未知	未知	未知	未知	未知	未知	未知	未知	未知	未知	未知	未知	未知	未知	无	无	无	无	无	无	无	无	无	无	无	无	无	无	无	无	无	无	无	无	无	无	无	无
20	2021/6/1	事发郴州！凌晨5点电动车疑因充电起火，烤融旁边汽车外壳	中国	湖南	电动自行车	1	6月1日，郴州市一民房起火，起火原因疑是电动车充电不当所引发，民房内四台电动车均被烧毁，附近一辆小轿车外壳也被烤融化。	舆情	交通用具及相关产品	空	https://new.qq.com/omn/20210601/20210601A0AX2G00.html	烧伤	2	财产损失	电气危害	物理危害	高/低温物质危害,电气危害	高温物质危害,电气爆炸	未知	未知	未知	未知	未知	未知	未知	否	未知	未知	未知	未知	未知	未知	未知	未知	空	空	空	空	否	空	无	未知	未知	未知	未知	未知	未知	未知	未知	未知	未知	未知	未知	未知	未知	未知	未知	是	未知	是	未知	未知	未知	未知	未知	未知	未知	未知	未知	未知	未知	未知	未知	未知	未知	未知	未知	未知	未知	未知	是	未知	未知	未知	未知	无	无	无	未知	未知	未知	未知	未知	未知	未知	未知	未知	未知	未知	未知	未知	未知	未知	未知	未知	未知	未知	未知	未知	未知	未知	未知	未知	未知	未知	未知	未知	未知	未知	未知	未知	未知	未知	未知	未知	未知	未知	未知	未知	无	无	无	无	无	无	无	无	无	无	无	无	无	无	无	无	无	无	无	无	无	无	无	无
21	2021/6/2	河南一男子裤兜里小米手机突然爆炸，医生：烧伤严重后续可能植皮	中国	河南	手机	1	5月27日，洛阳宜阳县的昝先生加完班，骑电动车回家的路上，突然感觉装在裤兜里的手机发烫，还没等掏出口袋，手机突然发生了爆炸。昝先生的大腿皮肤不仅被灼伤，一着急还从电动车上摔了下来，脸部也擦伤了。	舆情	电子及信息技术产品	空	https://www.163.com/dy/article/GBFQ813H05149FAT.html	擦伤,烧伤	2	烧伤	电气危害	物理危害	爆炸危害	固相爆炸危害	未知	未知	未知	未知	未知	未知	未知	否	未知	未知	未知	未知	未知	未知	未知	未知	空	空	空	空	否	空	无	未知	未知	未知	未知	未知	未知	未知	未知	未知	未知	未知	未知	未知	未知	未知	未知	未知	未知	未知	未知	未知	未知	未知	未知	未知	未知	未知	未知	未知	未知	未知	未知	未知	未知	有	未知	未知	未知	未知	是	未知	未知	未知	未知	无	无	无	未知	未知	未知	未知	未知	未知	未知	未知	未知	未知	未知	未知	未知	未知	未知	未知	未知	未知	未知	未知	未知	未知	未知	未知	未知	未知	未知	未知	未知	未知	未知	未知	未知	未知	未知	未知	未知	未知	未知	未知	未知	无	无	无	无	无	无	无	无	无	无	无	无	无	无	无	无	无	无	无	无	无	无	无	无
22	2021/6/2	手机爆炸，是质量问题还是人为所致？	中国	湖南	手机	1	近日，湘潭市民李先生的父亲将手机放置在床头柜上充电，没多久手机发生爆炸燃烧。	舆情	电子及信息技术产品	空	http://news.xtol.cn/2021/0602/5439098.shtml	未知	0	财产损失	电气危害	物理危害	高/低温物质危害,爆炸危害	高温物质危害,固相爆炸危害	未知	未知	未知	未知	未知	未知	未知	否	未知	未知	未知	未知	未知	未知	未知	未知	空	空	空	空	否	空	无	未知	未知	未知	未知	未知	未知	未知	未知	未知	未知	未知	未知	未知	未知	未知	未知	是	未知	未知	未知	未知	未知	未知	未知	未知	未知	未知	未知	未知	未知	未知	未知	未知	未知	有	未知	未知	未知	未知	是	未知	未知	未知	未知	无	无	无	未知	未知	未知	未知	未知	未知	未知	未知	未知	未知	未知	未知	未知	未知	未知	未知	未知	未知	未知	未知	未知	未知	未知	未知	未知	未知	未知	未知	未知	未知	未知	未知	未知	未知	未知	未知	未知	未知	未知	未知	未知	无	无	无	无	无	无	无	无	无	无	无	无	无	无	无	无	无	无	无	无	无	无	无	无
23	2021/6/2	电瓶车充电时起火爆炸 男子全身20％烧伤	中国	浙江	电动自行车	1	5月24日，宁波鄞州区一处民房内，正在充电的电瓶车燃烧了起来。租户小臧准备把放在一起的其他电瓶车推走时，燃烧的电瓶车突然爆炸，小臧被烧伤。	舆情	交通用具及相关产品	空	https://new.qq.com/rain/a/20210602A0B11J00	烧伤	2	财产损失	电气危害	物理危害	高/低温物质危害	高温物质危害	未知	未知	未知	未知	未知	未知	未知	否	未知	未知	未知	未知	未知	未知	未知	未知	空	空	空	空	否	空	无	未知	未知	未知	未知	未知	未知	未知	未知	未知	未知	有	未知	未知	未知	未知	未知	是	未知	未知	未知	未知	未知	未知	未知	未知	未知	未知	未知	未知	未知	未知	未知	未知	未知	未知	未知	未知	未知	未知	是	未知	未知	未知	未知	无	无	无	未知	未知	未知	未知	未知	未知	未知	未知	未知	未知	未知	未知	未知	未知	未知	未知	未知	未知	未知	未知	未知	未知	未知	未知	未知	未知	未知	未知	未知	未知	未知	未知	未知	未知	未知	未知	未知	未知	未知	未知	未知	无	无	无	无	无	无	无	无	无	无	无	无	无	无	无	无	无	无	无	无	无	无	无	无
24	2021/6/2	儿童电动车自燃爆炸导致家里面烧坏	中国	不详	儿童电动车	1	消费者投诉在拼多多上买的儿童电动车，还没有三个月就出现自燃爆炸的情况，导致房间木地板被烧焦。	舆情	儿童用品	空	https://tousu.sina.com.cn/complaint/view/17353479958/	未知	0	财产损失	电气危害	未知	未知	未知	未知	未知	未知	未知	未知	未知	未知	否	未知	未知	未知	未知	未知	未知	未知	未知	空	空	空	空	否	空	无	未知	未知	未知	未知	未知	未知	未知	未知	未知	未知	未知	未知	未知	未知	未知	未知	未知	未知	未知	未知	未知	未知	未知	未知	未知	未知	未知	未知	未知	未知	未知	未知	未知	未知	未知	未知	未知	未知	未知	是	未知	未知	未知	未知	无	无	无	未知	未知	未知	未知	未知	未知	未知	未知	未知	未知	未知	未知	未知	未知	未知	未知	未知	未知	未知	未知	未知	未知	未知	未知	未知	未知	未知	未知	未知	未知	未知	未知	未知	未知	未知	未知	未知	未知	未知	未知	未知	无	无	无	无	无	无	无	无	无	无	无	无	无	无	无	无	无	无	无	无	无	无	无	无
25	2021/6/3	“嘭，嘭”作响 火花飞溅 风情港附近一电动车突然起火	中国	湖南	电动自行车	1	6月3日，柳州风情港下穿通道附近，一辆电动车在行驶中突然发生自燃。	舆情	交通用具及相关产品	空	http://a.lzgd.com.cn/news/AppNews.aspx?fontsize=20&id=91601	未知	0	财产损失	电气危害	未知	未知	未知	未知	未知	未知	未知	未知	未知	未知	否	未知	未知	未知	未知	未知	未知	未知	未知	空	空	空	空	否	空	无	未知	未知	未知	未知	未知	未知	未知	未知	未知	未知	未知	未知	未知	未知	未知	未知	未知	未知	未知	未知	未知	未知	未知	未知	未知	未知	未知	未知	未知	未知	未知	未知	未知	未知	未知	未知	未知	未知	未知	是	未知	未知	未知	未知	无	无	无	未知	未知	未知	未知	未知	未知	未知	未知	未知	未知	未知	未知	未知	未知	未知	未知	未知	未知	未知	未知	未知	未知	未知	未知	未知	未知	未知	未知	未知	未知	未知	未知	未知	未知	未知	未知	未知	未知	未知	未知	未知	无	无	无	无	无	无	无	无	无	无	无	无	无	无	无	无	无	无	无	无	无	无	无	无
26	2021/6/3	冰箱买了的当天怎么就烧了	中国	浙江	冰箱	1	近日，在台州路桥打工的李先生称，家中新买的扬子冰箱有质量问题引起火灾。	舆情	家用电器及电器附件	空	https://www.sohu.com/a/470291468_121123843	烧伤	2	财产损失	电气危害	物理危害	高/低温物质危害	高温物质危害	未知	未知	未知	未知	未知	未知	未知	否	未知	未知	未知	未知	未知	未知	未知	未知	空	空	空	空	否	空	无	未知	未知	未知	未知	未知	未知	未知	未知	未知	未知	未知	未知	未知	未知	未知	未知	是	未知	未知	未知	未知	未知	未知	未知	未知	未知	未知	未知	未知	未知	未知	未知	未知	未知	未知	未知	未知	未知	未知	是	未知	未知	未知	未知	无	无	无	未知	未知	未知	未知	未知	未知	未知	未知	未知	未知	未知	未知	未知	未知	未知	未知	未知	未知	未知	未知	未知	未知	未知	未知	未知	未知	未知	未知	未知	未知	未知	未知	未知	未知	未知	未知	未知	未知	未知	未知	未知	无	无	无	无	无	无	无	无	无	无	无	无	无	无	无	无	无	无	无	无	无	无	无	无
27	2021/6/4	手机店电瓶车充电起火，四川自贡消防2分钟控制火情	中国	四川	电动自行车	1	6月3日，四川省自贡市富顺县西湖北路一手机店冒出黑烟，原因为电瓶车在充电过程中起火。	舆情	交通用具及相关产品	空	https://new.qq.com/rain/a/20210604A025Y000	烧伤	2	财产损失	电气危害	物理危害	高/低温物质危害,电气危害	高温物质危害,电气爆炸	未知	未知	未知	未知	未知	未知	未知	否	未知	未知	未知	未知	未知	未知	未知	未知	空	空	空	空	否	空	无	未知	未知	未知	未知	未知	未知	未知	未知	未知	未知	未知	未知	未知	未知	未知	未知	是	未知	是	未知	未知	未知	未知	未知	未知	未知	未知	未知	未知	未知	未知	未知	未知	未知	未知	未知	未知	未知	未知	是	未知	未知	未知	未知	无	无	无	未知	未知	未知	未知	未知	未知	未知	未知	未知	未知	未知	未知	未知	未知	未知	未知	未知	未知	未知	未知	未知	未知	未知	未知	未知	未知	未知	未知	未知	未知	未知	未知	未知	未知	未知	未知	未知	未知	未知	未知	未知	无	无	无	无	无	无	无	无	无	无	无	无	无	无	无	无	无	无	无	无	无	无	无	无
28	2021/6/4	宁夏4岁半男童误吞21颗磁力珠，手术竟发现6处肠穿孔！	中国	宁夏	磁力珠	1	6月2日，银川一名4岁男童误吞了21颗磁力珠出现腹痛、呕吐的症状，手术发现磁力珠造成其6处肠穿孔。	舆情	儿童用品	空	https://www.163.com/dy/article/GBM4A0KF05506NW2.html	体内异物,内部器官损伤	4	胃肠道穿孔或阻塞	小零件和磁通量	物理危害	机械危害	形状和表面性能危害	4	未知	未知	未知	未知	未知	未知	否	未知	未知	未知	未知	未知	未知	磁力珠	未知	空	空	空	空	否	空	无	未知	未知	未知	未知	未知	未知	未知	未知	未知	未知	未知	未知	未知	未知	未知	未知	未知	未知	未知	未知	未知	未知	未知	未知	未知	未知	未知	未知	未知	未知	未知	未知	未知	未知	未知	未知	未知	未知	未知	是	未知	未知	未知	未知	无	无	无	未知	未知	未知	未知	未知	未知	未知	未知	未知	未知	未知	未知	未知	未知	未知	未知	未知	未知	未知	未知	未知	未知	未知	未知	未知	未知	未知	未知	未知	未知	未知	未知	未知	未知	未知	未知	未知	未知	未知	未知	未知	无	无	无	无	无	无	无	无	无	无	无	无	无	无	无	无	无	无	无	无	无	无	无	无
29	2021/6/4	又是它！合肥一居民家中给电瓶充电突然起火	中国	安徽	电动自行车	1	6月3日，合肥市马鞍山路一住户家中锂电池充电时突然起火引燃了附近可燃物。	舆情	交通用具及相关产品	空	https://kuaibao.qq.com/s/20210604A0BUPB00	烧伤	2	财产损失	电气危害	物理危害	高/低温物质危害,机械危害	高温物质危害,形状和表面性能危害	未知	未知	未知	未知	未知	未知	未知	否	未知	未知	未知	未知	未知	未知	电池	未知	空	空	空	空	否	空	无	未知	未知	未知	未知	未知	未知	未知	未知	未知	未知	未知	未知	未知	未知	未知	未知	是	未知	未知	未知	未知	未知	未知	未知	未知	未知	未知	未知	未知	未知	未知	未知	未知	未知	未知	未知	未知	未知	未知	是	未知	未知	未知	未知	无	无	无	未知	未知	未知	未知	未知	未知	未知	未知	未知	未知	未知	未知	未知	未知	未知	未知	未知	未知	未知	未知	未知	未知	未知	未知	未知	未知	未知	未知	未知	未知	未知	未知	未知	未知	未知	未知	未知	未知	未知	未知	未知	无	无	无	无	无	无	无	无	无	无	无	无	无	无	无	无	无	无	无	无	无	无	无	无
30	2021/6/4	黑猫投诉：苹果手机充电起火	中国	不详	手机	1	消费者投诉苹果手机在充电时起火，客服推脱不解决。	舆情	电子及信息技术产品	空	https://tousu.sina.com.cn/complaint/view/17353496794/	烧伤	2	财产损失	电气危害	物理危害	高/低温物质危害	高温物质危害	未知	未知	未知	未知	未知	未知	未知	否	未知	未知	未知	未知	未知	未知	未知	未知	空	空	空	空	否	空	无	未知	未知	未知	未知	未知	未知	未知	未知	未知	未知	未知	未知	未知	未知	未知	未知	是	未知	未知	未知	未知	未知	未知	未知	未知	未知	未知	未知	未知	未知	未知	未知	未知	未知	未知	未知	未知	未知	未知	是	未知	未知	未知	未知	无	无	无	未知	未知	未知	未知	未知	未知	未知	未知	未知	未知	未知	未知	未知	未知	未知	未知	未知	未知	未知	未知	未知	未知	未知	未知	未知	未知	未知	未知	未知	未知	未知	未知	未知	未知	未知	未知	未知	未知	未知	未知	未知	无	无	无	无	无	无	无	无	无	无	无	无	无	无	无	无	无	无	无	无	无	无	无	无
31	2021/6/5	3岁女童误吞21颗磁力珠，小肠坏死危及生命	中国	辽宁	磁力珠	1	近日，中山一名3岁女童误吞21颗磁力珠，导致小肠坏死。	舆情	儿童用品	空	https://new.qq.com/omn/20210605/20210605A083OL00.html	体内异物	2	胃肠道穿孔或阻塞	小零件和磁通量	物理危害	机械危害	形状和表面性能危害	3	未知	未知	未知	未知	未知	未知	否	未知	未知	未知	未知	未知	未知	磁力珠	未知	空	空	空	空	否	空	无	未知	未知	未知	未知	未知	未知	未知	未知	未知	未知	未知	未知	未知	未知	未知	未知	未知	未知	未知	未知	未知	未知	未知	未知	未知	未知	未知	未知	未知	未知	未知	未知	未知	未知	未知	未知	未知	未知	未知	是	未知	未知	未知	未知	无	无	无	未知	未知	未知	未知	未知	未知	未知	未知	未知	未知	未知	未知	未知	未知	未知	未知	未知	未知	未知	未知	未知	未知	未知	未知	未知	未知	未知	未知	未知	未知	未知	未知	未知	未知	未知	未知	未知	未知	未知	未知	未知	无	无	无	无	无	无	无	无	无	无	无	无	无	无	无	无	无	无	无	无	无	无	无	无
32	2021/6/6	南宁一电动车突然起火，众人拿着灭火器不知所措	中国	广西	电动自行车	1	6月5日，在南宁民生广场交通闸附近，一名男子的电动车后座突然冒烟起火。	舆情	交通用具及相关产品	空	https://baijiahao.baidu.com/s?id=1701792081731547112&wfr=spider&for=pc	烧伤	2	财产损失	电气危害	物理危害	高/低温物质危害,电气危害	高温物质危害,电气爆炸	未知	未知	未知	未知	未知	未知	未知	否	未知	未知	未知	未知	未知	未知	未知	未知	空	空	空	空	否	空	无	未知	未知	未知	未知	未知	未知	未知	未知	未知	未知	未知	未知	未知	未知	未知	未知	是	未知	是	未知	未知	未知	未知	未知	未知	未知	未知	未知	未知	未知	未知	未知	未知	未知	未知	未知	未知	未知	未知	是	未知	未知	未知	未知	无	无	无	未知	未知	未知	未知	未知	未知	未知	未知	未知	未知	未知	未知	未知	未知	未知	未知	未知	未知	未知	未知	未知	未知	未知	未知	未知	未知	未知	未知	未知	未知	未知	未知	未知	未知	未知	未知	未知	未知	未知	未知	未知	无	无	无	无	无	无	无	无	无	无	无	无	无	无	无	无	无	无	无	无	无	无	无	无
33	2021/6/6	廊坊凤河公寓一居民家中电动车充电引发火灾，现场惨不忍睹！	中国	河北	电动自行车	1	6月4日，廊坊市广阳区凤河公寓一居民家中发生火灾，初步认定为电动自行车充电后线路故障导致火灾。	舆情	交通用具及相关产品	空	https://new.qq.com/rain/a/20210606A08URX00	烧伤	2	财产损失	电气危害	物理危害	高/低温物质危害,电气危害	高温物质危害,电气爆炸	未知	未知	未知	未知	未知	未知	未知	否	未知	未知	未知	未知	未知	未知	未知	未知	空	空	空	空	否	空	无	未知	未知	未知	未知	未知	未知	未知	未知	未知	未知	未知	未知	未知	未知	未知	未知	是	未知	是	未知	未知	未知	未知	未知	未知	未知	未知	未知	未知	未知	未知	未知	未知	未知	未知	未知	未知	未知	未知	是	未知	未知	未知	未知	无	无	无	未知	未知	未知	未知	未知	未知	未知	未知	未知	未知	未知	未知	未知	未知	未知	未知	未知	未知	未知	未知	未知	未知	未知	未知	未知	未知	未知	未知	未知	未知	未知	未知	未知	未知	未知	未知	未知	未知	未知	未知	未知	无	无	无	无	无	无	无	无	无	无	无	无	无	无	无	无	无	无	无	无	无	无	无	无
34	2021/6/6	柳州一小区电动车深夜自燃烧剩车架，现场未发现充电装置	中国	广西	电动自行车	1	6月5日，柳州市柳石路兆安福园小区内一辆电动车突然着火，被烧得只剩下焦黑的车架。	舆情	交通用具及相关产品	空	https://xw.qq.com/partner/vivoscreen/20210606A05E7P00	烧伤	2	财产损失	电气危害	物理危害	机械危害	形状和表面性能危害	未知	未知	未知	未知	车架	未知	未知	否	未知	未知	未知	未知	未知	未知	未知	未知	空	空	空	空	否	空	无	未知	未知	未知	未知	未知	未知	未知	未知	未知	未知	未知	未知	未知	未知	未知	未知	未知	未知	未知	未知	未知	未知	未知	未知	未知	未知	未知	未知	未知	未知	未知	未知	未知	未知	未知	未知	未知	未知	未知	是	未知	未知	未知	未知	无	无	无	未知	未知	未知	未知	未知	未知	未知	未知	未知	未知	未知	未知	未知	未知	未知	未知	未知	未知	未知	未知	未知	未知	未知	未知	未知	未知	未知	未知	未知	未知	未知	未知	未知	未知	未知	未知	未知	未知	未知	未知	未知	无	无	无	无	无	无	无	无	无	无	无	无	无	无	无	无	无	无	无	无	无	无	无	无
35	2021/6/7	中山一住户洗衣机突发自燃！	中国	辽宁	洗衣机	1	6月6日，中山市世纪新城一住户家中的洗衣机发生自燃，所幸发现及扑救及时，未造成火势蔓延。	舆情	家用电器及电器附件	空	http://baijiahao.baidu.com/s?id=1701918277816339502	未知	0	财产损失	电气危害	未知	未知	未知	未知	未知	未知	未知	未知	未知	未知	否	未知	未知	未知	未知	未知	未知	未知	未知	空	空	空	空	否	空	无	未知	未知	未知	未知	未知	未知	未知	未知	未知	未知	未知	未知	未知	未知	未知	未知	未知	未知	未知	未知	未知	未知	未知	未知	未知	未知	未知	未知	未知	未知	未知	未知	未知	未知	未知	未知	未知	未知	未知	是	未知	未知	未知	未知	无	无	无	未知	未知	未知	未知	未知	未知	未知	未知	未知	未知	未知	未知	未知	未知	未知	未知	未知	未知	未知	未知	未知	未知	未知	未知	未知	未知	未知	未知	未知	未知	未知	未知	未知	未知	未知	未知	未知	未知	未知	未知	未知	无	无	无	无	无	无	无	无	无	无	无	无	无	无	无	无	无	无	无	无	无	无	无	无
36	2021/6/7	1岁男童误吞23颗磁珠 医生把磁力珠像钓鱼一样钓出来	中国	山东	磁力珠	1	6月5日，济南一岁男童误吞23颗磁力珠，在其肚子里连接成串，险造成肠穿孔。	舆情	儿童用品	空	https://www.sohu.com/a/470969988_120488303	体内异物,内部器官损伤	4	胃肠道穿孔或阻塞	小零件和磁通量	物理危害	机械危害	形状和表面性能危害	未知	未知	未知	未知	未知	未知	未知	否	未知	未知	未知	未知	未知	未知	磁力珠	未知	空	空	空	空	否	空	无	未知	未知	未知	未知	未知	未知	未知	未知	未知	未知	未知	未知	未知	未知	未知	未知	未知	未知	未知	未知	未知	未知	未知	未知	未知	未知	未知	未知	未知	未知	未知	未知	未知	未知	未知	未知	未知	未知	未知	是	未知	未知	未知	未知	无	无	无	未知	未知	未知	未知	未知	未知	未知	未知	未知	未知	未知	未知	未知	未知	未知	未知	未知	未知	未知	未知	未知	未知	未知	未知	未知	未知	未知	未知	未知	未知	未知	未知	未知	未知	未知	未知	未知	未知	未知	未知	未知	无	无	无	无	无	无	无	无	无	无	无	无	无	无	无	无	无	无	无	无	无	无	无	无
37	2021/6/7	海口一电动车自燃 路过司机帮忙灭火	中国	天津	电动自行车	1	6月7日，海口长堤路拐上和平桥的上桥口处一辆电动自行车自燃，火势凶猛。	舆情	交通用具及相关产品	空	https://new.qq.com/rain/a/20210608A00JVR00	未知	0	财产损失	电气危害	未知	未知	未知	未知	未知	未知	未知	未知	未知	未知	否	未知	未知	未知	未知	未知	未知	未知	未知	空	空	空	空	否	空	无	未知	未知	未知	未知	未知	未知	未知	未知	未知	未知	未知	未知	未知	未知	未知	未知	未知	未知	未知	未知	未知	未知	未知	未知	未知	未知	未知	未知	未知	未知	未知	未知	未知	未知	未知	未知	未知	未知	未知	是	未知	未知	未知	未知	无	无	无	未知	未知	未知	未知	未知	未知	未知	未知	未知	未知	未知	未知	未知	未知	未知	未知	未知	未知	未知	未知	未知	未知	未知	未知	未知	未知	未知	未知	未知	未知	未知	未知	未知	未知	未知	未知	未知	未知	未知	未知	未知	无	无	无	无	无	无	无	无	无	无	无	无	无	无	无	无	无	无	无	无	无	无	无	无
38	2021/6/8	电动车自燃 南京公交司机40秒快速灭火	中国	江苏	电动自行车	1	6月5日，南京市羊皮巷附近一辆电动自行车自燃。	舆情	交通用具及相关产品	空	https://www.toutiao.com/i6971338435525345825/	未知	0	财产损失	电气危害	未知	未知	未知	未知	未知	未知	未知	未知	未知	未知	否	未知	未知	未知	未知	未知	未知	未知	未知	空	空	空	空	否	空	无	未知	未知	未知	未知	未知	未知	未知	未知	未知	未知	未知	未知	未知	未知	未知	未知	未知	未知	未知	未知	未知	未知	未知	未知	未知	未知	未知	未知	未知	未知	未知	未知	未知	未知	未知	未知	未知	未知	未知	是	未知	未知	未知	未知	无	无	无	未知	未知	未知	未知	未知	未知	未知	未知	未知	未知	未知	未知	未知	未知	未知	未知	未知	未知	未知	未知	未知	未知	未知	未知	未知	未知	未知	未知	未知	未知	未知	未知	未知	未知	未知	未知	未知	未知	未知	未知	未知	无	无	无	无	无	无	无	无	无	无	无	无	无	无	无	无	无	无	无	无	无	无	无	无
39	2021/6/8	7辆电动车同时着火！逃生口被封住多人无法逃出	中国	江苏	电动自行车	1	6月3日凌晨，江苏省徐州市泉山区杏山花园10号楼1单元1层楼道门口着火，经过初步调查，疑是电线故障引发电动车起火，共有7辆电动车被烧毁。	舆情	交通用具及相关产品	空	https://www.toutiao.com/i6971267470002897411/	烧伤	2	财产损失	电气危害	物理危害	高/低温物质危害,电气危害	高温物质危害,电气爆炸	未知	未知	未知	未知	未知	未知	未知	否	未知	未知	未知	未知	未知	未知	未知	未知	空	空	空	空	否	空	无	未知	未知	未知	未知	未知	未知	未知	未知	未知	未知	未知	未知	未知	未知	未知	未知	是	未知	是	未知	未知	未知	未知	未知	未知	未知	未知	未知	未知	未知	未知	未知	未知	未知	未知	未知	未知	未知	未知	是	未知	未知	未知	未知	无	无	无	未知	未知	未知	未知	未知	未知	未知	未知	未知	未知	未知	未知	未知	未知	未知	未知	未知	未知	未知	未知	未知	未知	未知	未知	未知	未知	未知	未知	未知	未知	未知	未知	未知	未知	未知	未知	未知	未知	未知	未知	未知	无	无	无	无	无	无	无	无	无	无	无	无	无	无	无	无	无	无	无	无	无	无	无	无
40	2021/6/9	事发安阳，电动车电瓶室内充电起火！一家3口被困	中国	福建	电动自行车电池	1	6月4日，河南安阳一小区居民家中电动车电瓶起火，三人被困家中。	舆情	交通用具及相关产品	空	https://new.qq.com/rain/a/20210609A00ZZO00	烧伤	2	财产损失	电气危害	物理危害	高/低温物质危害,电气危害	高温物质危害,电气爆炸	未知	未知	未知	未知	未知	未知	未知	否	未知	未知	未知	未知	未知	未知	未知	未知	空	空	空	空	否	空	无	未知	未知	未知	未知	未知	未知	未知	未知	未知	未知	未知	未知	未知	未知	未知	未知	是	未知	是	未知	未知	未知	未知	未知	未知	未知	未知	未知	未知	未知	未知	未知	未知	未知	未知	未知	未知	未知	未知	是	未知	未知	未知	未知	无	无	无	未知	未知	未知	未知	未知	未知	未知	未知	未知	未知	未知	未知	未知	未知	未知	未知	未知	未知	未知	未知	未知	未知	未知	未知	未知	未知	未知	未知	未知	未知	未知	未知	未知	未知	未知	未知	未知	未知	未知	未知	未知	无	无	无	无	无	无	无	无	无	无	无	无	无	无	无	无	无	无	无	无	无	无	无	无
41	2021/6/9	锦州凌海一电动车商铺起火，消防赶到后20分扑灭	中国	辽宁	电动自行车	1	6月4日，锦州凌海市白台子乡王楼村一电动车商铺起火，经了解，起火的是一辆电动车，已被烧到变形，附近停放近百台电动车也受到波及。	舆情	交通用具及相关产品	空	https://new.qq.com/rain/a/20210609A000TB00	烧伤	2	财产损失	电气危害	物理危害	高/低温物质危害,电气危害	高温物质危害,电气爆炸	未知	未知	未知	未知	未知	未知	未知	否	未知	未知	未知	未知	未知	未知	未知	未知	空	空	空	空	否	空	无	未知	未知	未知	未知	未知	未知	未知	未知	未知	未知	未知	未知	未知	未知	未知	未知	是	未知	是	未知	未知	未知	未知	未知	未知	未知	未知	未知	未知	未知	未知	未知	未知	未知	未知	未知	未知	未知	未知	是	未知	未知	未知	未知	无	无	无	未知	未知	未知	未知	未知	未知	未知	未知	未知	未知	未知	未知	未知	未知	未知	未知	未知	未知	未知	未知	未知	未知	未知	未知	未知	未知	未知	未知	未知	未知	未知	未知	未知	未知	未知	未知	未知	未知	未知	未知	未知	无	无	无	无	无	无	无	无	无	无	无	无	无	无	无	无	无	无	无	无	无	无	无	无
42	2021/6/9	黑猫投诉：京东华帝百得燃气灶炸裂	中国	不详	燃气灶	1	消费者投诉在京东购买的华帝百得燃气灶刚安装三个月，玻璃面板发生爆裂，老人手被划伤。	舆情	家用电器及电器附件	空	https://tousu.sina.com.cn/complaint/view/17353564133/	擦伤	1	划伤	玻璃应力	未知	未知	未知	未知	未知	未知	未知	未知	未知	未知	否	未知	未知	未知	未知	未知	未知	未知	未知	空	空	空	空	否	空	无	未知	未知	未知	未知	未知	未知	未知	未知	未知	未知	未知	未知	未知	未知	未知	未知	未知	未知	未知	未知	未知	未知	未知	未知	未知	未知	未知	未知	未知	未知	未知	未知	未知	未知	未知	未知	未知	未知	未知	是	未知	未知	未知	未知	无	无	无	未知	未知	未知	未知	未知	未知	未知	未知	未知	未知	未知	未知	未知	未知	未知	未知	未知	未知	未知	未知	未知	未知	未知	未知	未知	未知	未知	未知	未知	未知	未知	未知	未知	未知	未知	未知	未知	未知	未知	未知	未知	无	无	无	无	无	无	无	无	无	无	无	无	无	无	无	无	无	无	无	无	无	无	无	无
43	2021/6/9	小区楼下电瓶车爆燃，邻居小伙拎着灭火器直冲过来	中国	浙江	电动自行车	1	6月9日，杭州西湖区一居民楼下充电区域的一辆电瓶车突然起火，不到10秒，明火就点燃了整辆电瓶车。	舆情	交通用具及相关产品	空	https://cbgc.scol.com.cn/home/1489986	烧伤	2	财产损失	电气危害	物理危害	高/低温物质危害,电气危害	高温物质危害,电气爆炸	未知	未知	未知	未知	未知	未知	未知	否	未知	未知	未知	未知	未知	未知	未知	未知	空	空	空	空	否	空	无	未知	未知	未知	未知	未知	未知	未知	未知	未知	未知	未知	未知	未知	未知	未知	未知	是	未知	是	未知	未知	未知	未知	未知	未知	未知	未知	未知	未知	未知	未知	未知	未知	未知	未知	未知	未知	未知	未知	是	未知	未知	未知	未知	无	无	无	未知	未知	未知	未知	未知	未知	未知	未知	未知	未知	未知	未知	未知	未知	未知	未知	未知	未知	未知	未知	未知	未知	未知	未知	未知	未知	未知	未知	未知	未知	未知	未知	未知	未知	未知	未知	未知	未知	未知	未知	未知	无	无	无	无	无	无	无	无	无	无	无	无	无	无	无	无	无	无	无	无	无	无	无	无
44	2021/6/9	电动车在家充电起火，界首一男童被困屋内陷入昏迷	中国	安徽	电动自行车	1	6月7日，阜阳市界首一民房因电动车充电引发火灾，一名9岁男童昏迷。	舆情	交通用具及相关产品	空	https://new.qq.com/omn/20210609/20210609A01MC500.html	烧伤	2	中毒	电气危害	物理危害	高/低温物质危害,电气危害	高温物质危害,电气爆炸	9	未知	未知	未知	未知	未知	未知	否	未知	未知	未知	未知	未知	未知	未知	未知	空	空	空	空	否	空	无	未知	未知	未知	未知	未知	未知	未知	未知	未知	未知	未知	未知	未知	未知	未知	未知	是	未知	是	未知	未知	未知	未知	未知	未知	未知	未知	未知	未知	未知	未知	未知	未知	未知	未知	未知	未知	未知	未知	是	未知	未知	未知	未知	无	无	无	未知	未知	未知	未知	未知	未知	未知	未知	未知	未知	未知	未知	未知	未知	未知	未知	未知	未知	未知	未知	未知	未知	未知	未知	未知	未知	未知	未知	未知	未知	未知	未知	未知	未知	未知	未知	未知	未知	未知	未知	未知	无	无	无	无	无	无	无	无	无	无	无	无	无	无	无	无	无	无	无	无	无	无	无	无
45	2021/6/9	突发！资阳西门转盘电动车自燃	中国	湖南	电动自行车	1	资阳西门转盘嘉陵电动车门店前停放的电瓶车发生燃烧，几名正在附近执勤的交警从路过的公交车上拿起灭火器前去灭火。	舆情	交通用具及相关产品	空	https://new.qq.com/rain/a/20210609A02AUV00	未知	0	财产损失	电气危害	物理危害	高/低温物质危害,机械危害	高温物质危害,形状和表面性能危害	未知	未知	未知	未知	车门	未知	未知	否	未知	未知	未知	未知	未知	未知	未知	未知	空	空	空	空	否	空	无	未知	未知	未知	未知	未知	未知	未知	未知	未知	未知	未知	未知	未知	未知	未知	未知	是	未知	未知	未知	未知	未知	未知	未知	未知	未知	未知	未知	未知	未知	未知	未知	未知	未知	未知	未知	未知	未知	未知	是	未知	未知	未知	未知	无	无	无	未知	未知	未知	未知	未知	未知	未知	未知	未知	未知	未知	未知	未知	未知	未知	未知	未知	未知	未知	未知	未知	未知	未知	未知	未知	未知	未知	未知	未知	未知	未知	未知	未知	未知	未知	未知	未知	未知	未知	未知	未知	无	无	无	无	无	无	无	无	无	无	无	无	无	无	无	无	无	无	无	无	无	无	无	无
46	2021/6/9	多乐士屡陷“质量门”，油漆异味刺鼻 	中国	上海	油漆	1	6月7日，上海一消费者在黑猫平台投诉称，多乐士换新服务施工完成一个月后，房间仍然充满刺鼻异味，委托第三方专业检测机构进行检测，依据国标GB 50325-2020《民用建筑工程室内环境污染控制标准》，墙面焕新施工后的甲醛量超过国家限定的最高标准达22%。	舆情	家具及建筑装饰装修材料	空	https://www.sohu.com/a/471317584_100032554	未知	0	中毒	甲醛	未知	未知	未知	未知	未知	未知	未知	未知	未知	未知	否	未知	未知	未知	未知	未知	未知	未知	未知	空	空	空	空	否	空	无	未知	未知	未知	未知	未知	未知	未知	未知	未知	未知	未知	未知	未知	未知	未知	未知	未知	未知	未知	未知	未知	未知	未知	未知	未知	未知	未知	未知	未知	未知	未知	未知	未知	未知	未知	未知	未知	未知	未知	是	未知	未知	未知	未知	无	无	无	未知	未知	有	未知	未知	未知	未知	未知	未知	未知	未知	未知	未知	未知	未知	未知	未知	未知	未知	未知	未知	未知	未知	未知	未知	未知	未知	未知	未知	未知	未知	未知	未知	未知	未知	未知	未知	未知	未知	未知	未知	无	无	无	无	无	无	无	无	无	无	无	无	无	无	无	无	无	无	无	无	无	无	无	无
47	2021/6/10	花30万买块劳力士，竟然是十几年前库存货？消保委：劳力士店大欺客 	中国	江苏	手表	1	南京市民花30万买了块劳力士，但没戴多久后，却发现走时不准，找了维修中心后，却发现这块表竟然是11年前的库存货。	舆情	日用杂品	空	https://www.sohu.com/a/471388938_170520	未知	0	财产损失	故障	未知	未知	未知	未知	未知	未知	未知	未知	未知	未知	否	未知	未知	未知	未知	未知	未知	未知	未知	空	空	空	空	否	空	无	未知	未知	未知	未知	未知	未知	未知	未知	未知	未知	未知	未知	未知	未知	未知	未知	未知	未知	未知	未知	未知	未知	未知	未知	未知	未知	未知	未知	未知	未知	未知	未知	未知	未知	未知	未知	未知	未知	未知	是	未知	未知	未知	未知	无	无	无	未知	未知	未知	未知	未知	未知	未知	未知	未知	未知	未知	未知	未知	未知	未知	未知	未知	未知	未知	未知	未知	未知	未知	未知	未知	未知	未知	未知	未知	未知	未知	未知	未知	未知	未知	未知	未知	未知	未知	未知	未知	无	无	无	无	无	无	无	无	无	无	无	无	无	无	无	无	无	无	无	无	无	无	无	无
48	2021/6/10	4岁幼童误吞14颗磁力珠，致肠穿孔	中国	贵州	磁力珠	1	6月8日，遵义一名4岁女童误吞了14颗磁力珠，由于磁力珠分别卡在胃及横结肠内，两边磁力珠相互吸引，导致出现了胃和横结肠穿孔。	舆情	儿童用品	空	https://new.qq.com/rain/a/20210610A09SC500	体内异物,内部器官损伤	4	胃肠道穿孔或阻塞	小零件和磁通量	物理危害	机械危害	形状和表面性能危害	4	未知	未知	未知	未知	未知	未知	否	未知	未知	未知	未知	未知	未知	磁力珠	未知	空	空	空	空	否	空	无	未知	未知	未知	未知	未知	未知	未知	未知	未知	未知	未知	未知	未知	未知	未知	未知	未知	未知	未知	未知	未知	未知	未知	未知	未知	未知	未知	未知	未知	未知	未知	未知	未知	未知	未知	未知	未知	未知	未知	是	未知	未知	未知	未知	无	无	无	未知	未知	未知	未知	未知	未知	未知	未知	未知	未知	未知	未知	未知	未知	未知	未知	未知	未知	未知	未知	未知	未知	未知	未知	未知	未知	未知	未知	未知	未知	未知	未知	未知	未知	未知	未知	未知	未知	未知	未知	未知	无	无	无	无	无	无	无	无	无	无	无	无	无	无	无	无	无	无	无	无	无	无	无	无
49	2021/6/10	路遇电动车自燃，公交司机停车40秒灭火	中国	江苏	电动自行车	1	6月5日，南京一辆电动车突发自燃，途经此处的公交司机将火扑灭。	舆情	交通用具及相关产品	空	http://www.thepaper.cn/newsDetail_forward_13082997	未知	0	财产损失	电气危害	未知	未知	未知	未知	未知	未知	未知	未知	未知	未知	否	未知	未知	未知	未知	未知	未知	未知	未知	空	空	空	空	否	空	无	未知	未知	未知	未知	未知	未知	未知	未知	未知	未知	未知	未知	未知	未知	未知	未知	未知	未知	未知	未知	未知	未知	未知	未知	未知	未知	未知	未知	未知	未知	未知	未知	未知	未知	未知	未知	未知	未知	未知	是	未知	未知	未知	未知	无	无	无	未知	未知	未知	未知	未知	未知	未知	未知	未知	未知	未知	未知	未知	未知	未知	未知	未知	未知	未知	未知	未知	未知	未知	未知	未知	未知	未知	未知	未知	未知	未知	未知	未知	未知	未知	未知	未知	未知	未知	未知	未知	无	无	无	无	无	无	无	无	无	无	无	无	无	无	无	无	无	无	无	无	无	无	无	无
50	2021/6/11	突发：汉阳一出租屋空调外机自燃 多方联动及时处理	中国	山西	空调	1	6月10日，汉阳瑶琦园小区一住户家中阳台冒出浓烟，消防队员上门查看情况，发现浓烟是空调外机自燃引起的。	舆情	家用电器及电器附件	空	https://www.163.com/dy/article/GC70D6AF0530Q6HV.html	未知	0	财产损失	电气危害	未知	未知	未知	未知	未知	未知	未知	未知	未知	未知	否	未知	未知	未知	未知	未知	未知	未知	未知	空	空	空	空	否	空	无	未知	未知	未知	未知	未知	未知	未知	未知	未知	未知	未知	未知	未知	未知	未知	未知	未知	未知	未知	未知	未知	未知	未知	未知	未知	未知	未知	未知	未知	未知	未知	未知	未知	未知	未知	未知	未知	未知	未知	是	未知	未知	未知	未知	无	无	无	未知	未知	未知	未知	未知	未知	未知	未知	未知	未知	未知	未知	未知	未知	未知	未知	未知	未知	未知	未知	未知	未知	未知	未知	未知	未知	未知	未知	未知	未知	未知	未知	未知	未知	未知	未知	未知	未知	未知	未知	未知	无	无	无	无	无	无	无	无	无	无	无	无	无	无	无	无	无	无	无	无	无	无	无	无
51	2021/6/11	九江某单元楼梯间内一电瓶车着火，2小孩被困	中国	江西	电动自行车	1	6月9日，九江市都昌县某单元楼梯间内一辆停放着的电瓶车充电时发生自燃，整栋楼被黑烟覆盖。	舆情	交通用具及相关产品	空	https://new.qq.com/rain/a/20210611A088ZF00	未知	0	财产损失	电气危害	未知	未知	未知	未知	未知	未知	未知	未知	未知	未知	否	未知	未知	未知	未知	未知	未知	未知	未知	空	空	空	空	否	空	无	未知	未知	未知	未知	未知	是	未知	未知	未知	未知	未知	未知	未知	未知	未知	未知	未知	未知	未知	未知	未知	未知	未知	未知	未知	未知	未知	未知	未知	未知	未知	未知	未知	未知	未知	未知	未知	未知	未知	是	未知	未知	未知	未知	无	无	无	未知	未知	未知	未知	未知	未知	未知	未知	未知	未知	未知	未知	未知	未知	未知	未知	未知	未知	未知	未知	未知	未知	未知	未知	未知	未知	未知	未知	未知	未知	未知	未知	未知	未知	未知	未知	未知	未知	未知	未知	未知	无	无	无	无	无	无	无	无	无	无	无	无	无	无	无	无	无	无	无	无	无	无	无	无
52	2021/6/11	定海路一建材店起火，当时有电瓶车在充电	中国	上海	电动自行车	1	6月9日，上海杨浦区定海路一家沿街店铺突发火情，可能是电瓶车充电时起火引发火灾。	舆情	交通用具及相关产品	空	https://new.qq.com/rain/a/20210611A057WP00	烧伤	2	财产损失	电气危害	物理危害	高/低温物质危害,电气危害	高温物质危害,电气爆炸	未知	未知	未知	未知	未知	未知	未知	否	未知	未知	未知	未知	未知	未知	未知	未知	空	空	空	空	否	空	无	未知	未知	未知	未知	未知	未知	未知	未知	未知	未知	未知	未知	未知	未知	未知	未知	是	未知	是	未知	未知	未知	未知	未知	未知	未知	未知	未知	未知	未知	未知	未知	未知	未知	未知	未知	未知	未知	未知	是	未知	未知	未知	未知	无	无	无	未知	未知	未知	未知	未知	未知	未知	未知	未知	未知	未知	未知	未知	未知	未知	未知	未知	未知	未知	未知	未知	未知	未知	未知	未知	未知	未知	未知	未知	未知	未知	未知	未知	未知	未知	未知	未知	未知	未知	未知	未知	无	无	无	无	无	无	无	无	无	无	无	无	无	无	无	无	无	无	无	无	无	无	无	无
53	2021/6/12	电动车突然起火，还堵住出口！广西一私人房早上出险情	中国	广西	电动自行车	1	6月12日早上，在广西柳州柳南区磨滩村297号一私人楼房内，有一辆电动车突然起火，一名男子身上多处被烫伤。	舆情	交通用具及相关产品	空	https://www.sohu.com/a/471840758_120697934	烧伤,烫伤	2	烫伤	电气危害	物理危害	高/低温物质危害,电气危害	高温物质危害,电气爆炸	未知	未知	未知	未知	未知	未知	未知	否	未知	未知	未知	未知	未知	未知	未知	未知	空	空	空	空	否	空	无	未知	未知	未知	未知	未知	未知	未知	未知	未知	未知	有	未知	未知	未知	未知	未知	是	未知	是	未知	未知	未知	未知	未知	未知	未知	未知	未知	未知	未知	未知	未知	未知	未知	未知	未知	未知	未知	未知	是	未知	未知	未知	未知	无	无	无	未知	未知	未知	未知	未知	未知	未知	未知	未知	未知	未知	未知	未知	未知	未知	未知	未知	未知	未知	未知	未知	未知	未知	未知	未知	未知	未知	未知	未知	未知	未知	未知	未知	未知	未知	未知	未知	未知	未知	未知	未知	无	无	无	无	无	无	无	无	无	无	无	无	无	无	无	无	无	无	无	无	无	无	无	无
54	2021/6/13	韩国大量在售口罩香气贴不合格 中国电商平台仍在售	中国	不详	口罩香气贴	1	随着天气变热，很多人戴口罩的时候感到闷热和异味，不少消费者开始寻求能够解决这些问题的口罩香气贴，然而近日韩国消费者院对市面上热销的49款口罩香气贴进行检测发现，49款产品无一通过正规申报，也未经过相关机构的安全性检查。这些产品在中国一些电商平台上仍然有售，甚至被推荐为“口罩神器”。	舆情	日用杂品	空	http://video.sina.com.cn/p/news/2021-06-13/detail-ikqcfnca0785092.d.html	未知	0	致病	危害源不详	未知	未知	未知	未知	未知	未知	未知	未知	未知	未知	否	未知	未知	未知	未知	未知	未知	未知	未知	空	空	空	空	否	空	无	未知	未知	未知	未知	未知	未知	未知	未知	未知	未知	未知	未知	未知	未知	未知	未知	未知	未知	未知	未知	未知	未知	未知	未知	未知	未知	未知	未知	未知	未知	未知	未知	未知	未知	未知	未知	未知	未知	未知	是	未知	未知	未知	未知	无	无	无	未知	未知	未知	未知	未知	未知	未知	未知	未知	未知	未知	未知	未知	未知	未知	未知	未知	未知	未知	未知	未知	未知	未知	未知	未知	未知	未知	未知	未知	未知	未知	未知	未知	未知	未知	未知	未知	未知	未知	未知	未知	无	无	无	无	无	无	无	无	无	无	无	无	无	无	无	无	无	无	无	无	无	无	无	无
55	2021/6/13	南昌市民买的“好太太”燃气灶，3年后炒菜时，台面突然爆裂	中国	江西	燃气灶	1	6月11号中午，万先生的妻子在家做饭，不知道什么原因，燃气灶的钢化玻璃突然爆裂。	舆情	家用电器及电器附件	空	http://k.sina.com.cn/article_1680430844_642956fc020013hcy.html	未知	0	财产损失	玻璃应力	未知	未知	未知	未知	未知	未知	未知	未知	未知	未知	否	未知	未知	未知	未知	未知	未知	未知	未知	空	空	空	空	否	空	无	未知	未知	未知	未知	未知	未知	未知	未知	未知	未知	未知	未知	未知	未知	未知	未知	未知	未知	未知	未知	未知	未知	未知	未知	未知	未知	未知	未知	未知	未知	未知	未知	未知	未知	未知	未知	未知	未知	未知	是	未知	未知	未知	未知	无	无	无	未知	未知	未知	未知	未知	未知	未知	未知	未知	未知	未知	未知	未知	未知	未知	未知	未知	未知	未知	未知	未知	未知	未知	未知	未知	未知	未知	未知	未知	未知	未知	未知	未知	未知	未知	未知	未知	未知	未知	未知	未知	无	无	无	无	无	无	无	无	无	无	无	无	无	无	无	无	无	无	无	无	无	无	无	无
56	2021/6/13	宜宾一高层住户窗外的空调外机起火	中国	四川	空调	1	宜宾一小区高层住户窗外的空调外机发生火灾，随后火被扑灭，所幸未造成人员伤亡。	舆情	家用电器及电器附件	空	https://new.qq.com/rain/a/20210613A054TY00	烧伤	2	财产损失	电气危害	物理危害	高/低温物质危害	高温物质危害	未知	未知	未知	未知	未知	未知	未知	否	未知	未知	未知	未知	未知	未知	未知	未知	空	空	空	空	否	空	无	未知	未知	未知	未知	未知	未知	未知	未知	未知	未知	未知	未知	未知	未知	未知	未知	是	未知	未知	未知	未知	未知	未知	未知	未知	未知	未知	未知	未知	未知	未知	未知	未知	未知	未知	未知	未知	未知	未知	是	未知	未知	未知	未知	无	无	无	未知	未知	未知	未知	未知	未知	未知	未知	未知	未知	未知	未知	未知	未知	未知	未知	未知	未知	未知	未知	未知	未知	未知	未知	未知	未知	未知	未知	未知	未知	未知	未知	未知	未知	未知	未知	未知	未知	未知	未知	未知	无	无	无	无	无	无	无	无	无	无	无	无	无	无	无	无	无	无	无	无	无	无	无	无
57	2021/6/14	美的空调不制冷，不解决问题，千万不要买	中国	河南	空调	1	消费者投诉在洛阳西工区纱厂路八方电器买了两台美的空调，安装后其中一台不制冷，售后不解决问题。	舆情	家用电器及电器附件	空	http://people.lyd.com.cn/wenti/20210614085917432/	未知	0	财产损失	故障	未知	未知	未知	未知	未知	未知	未知	未知	未知	未知	否	未知	未知	未知	未知	未知	未知	未知	未知	空	空	空	空	否	空	无	未知	未知	未知	未知	未知	未知	未知	未知	未知	未知	未知	未知	未知	未知	未知	未知	未知	未知	未知	未知	未知	未知	未知	未知	未知	未知	未知	未知	未知	未知	未知	未知	未知	未知	未知	未知	未知	未知	未知	是	未知	未知	未知	未知	无	无	无	未知	未知	未知	未知	未知	未知	未知	未知	未知	未知	未知	未知	未知	未知	未知	未知	未知	未知	未知	未知	未知	未知	未知	未知	未知	未知	未知	未知	未知	未知	未知	未知	未知	未知	未知	未知	未知	未知	未知	未知	未知	无	无	无	无	无	无	无	无	无	无	无	无	无	无	无	无	无	无	无	无	无	无	无	无
58	2021/6/14	柳州一车主刚从维修店出来电车秒变火球	中国	广西	电动自行车	1	6月12日，柳州桂中菜市附近，一名外卖小哥的两轮电动车突然蹿起火苗，浓烟滚滚。	舆情	交通用具及相关产品	空	http://news.gxnews.com.cn/staticpages/20210614/newgx60c6ad5e-20307830.shtml	烧伤	2	财产损失	电气危害	物理危害	高/低温物质危害,电气危害	高温物质危害,电气爆炸	未知	未知	未知	未知	未知	未知	未知	否	未知	未知	未知	未知	未知	未知	未知	未知	空	空	空	空	否	空	无	未知	未知	未知	未知	未知	未知	未知	未知	未知	未知	未知	未知	未知	未知	未知	未知	是	未知	是	未知	未知	未知	未知	未知	未知	未知	未知	未知	未知	未知	未知	未知	未知	未知	未知	未知	未知	未知	未知	是	未知	未知	未知	未知	无	无	无	未知	未知	未知	未知	未知	未知	未知	未知	未知	未知	未知	未知	未知	未知	未知	未知	未知	未知	未知	未知	未知	未知	未知	未知	未知	未知	未知	未知	未知	未知	未知	未知	未知	未知	未知	未知	未知	未知	未知	未知	未知	无	无	无	无	无	无	无	无	无	无	无	无	无	无	无	无	无	无	无	无	无	无	无	无
59	2021/6/14	福州一小区15层楼道起火，窗户被烧黑，又是因为电动车	中国	福建	电动自行车	1	6月14日，福州市一小区高层突发电动车起火事件，所幸物业工作人员及消防及时赶到将火扑灭，未造成人员伤亡	舆情	交通用具及相关产品	空	https://new.qq.com/omn/20210614/20210614A0972R00.html	烧伤	2	财产损失	电气危害	物理危害	高/低温物质危害,电气危害	高温物质危害,电气爆炸	未知	未知	未知	未知	未知	未知	未知	否	未知	未知	未知	未知	未知	未知	未知	未知	空	空	空	空	否	空	无	未知	未知	未知	未知	未知	未知	未知	未知	未知	未知	未知	未知	未知	未知	未知	未知	是	未知	是	未知	未知	未知	未知	未知	未知	未知	未知	未知	未知	未知	未知	未知	未知	未知	未知	未知	未知	未知	未知	是	未知	未知	未知	未知	无	无	无	未知	未知	未知	未知	未知	未知	未知	未知	未知	未知	未知	未知	未知	未知	未知	未知	未知	未知	未知	未知	未知	未知	未知	未知	未知	未知	未知	未知	未知	未知	未知	未知	未知	未知	未知	未知	未知	未知	未知	未知	未知	无	无	无	无	无	无	无	无	无	无	无	无	无	无	无	无	无	无	无	无	无	无	无	无
60	2021/6/14	老余杭一小区两辆电瓶车充电爆燃！	中国	浙江	电动自行车	1	近日，余杭街道某小区发生火灾，经消防队员对现场初步勘查，确认起火原因为地下车库电瓶车充电造成的两辆电瓶车爆燃。	舆情	交通用具及相关产品	空	http://www.yidianzixun.com/article/0V3fjRf5	烧伤	2	财产损失	电气危害	物理危害	高/低温物质危害,电气危害	高温物质危害,电气爆炸	未知	未知	未知	未知	未知	未知	未知	否	未知	未知	未知	未知	未知	未知	未知	未知	空	空	空	空	否	空	无	未知	未知	未知	未知	未知	未知	未知	未知	未知	未知	未知	未知	未知	未知	未知	未知	是	未知	是	未知	未知	未知	未知	未知	未知	未知	未知	未知	未知	未知	未知	未知	未知	未知	未知	未知	未知	未知	未知	是	未知	未知	未知	未知	无	无	无	未知	未知	未知	未知	未知	未知	未知	未知	未知	未知	未知	未知	未知	未知	未知	未知	未知	未知	未知	未知	未知	未知	未知	未知	未知	未知	未知	未知	未知	未知	未知	未知	未知	未知	未知	未知	未知	未知	未知	未知	未知	无	无	无	无	无	无	无	无	无	无	无	无	无	无	无	无	无	无	无	无	无	无	无	无
61	2021/6/14	京东苏泊尔自营油烟机漏油	中国	不详	抽油烟机	1	消费者投诉京东苏泊尔自营售卖有质量问题的油烟机，从使用开始一直用漏油。	舆情	家用电器及电器附件	空	https://tousu.sina.com.cn/complaint/view/17353630369/	未知	0	财产损失	漏油	未知	未知	未知	未知	未知	未知	未知	未知	未知	未知	否	未知	未知	未知	未知	未知	未知	未知	未知	空	空	空	空	否	空	无	未知	未知	未知	未知	未知	未知	未知	未知	未知	未知	未知	未知	未知	未知	未知	未知	未知	未知	未知	未知	未知	未知	未知	未知	未知	未知	未知	未知	未知	未知	未知	未知	未知	未知	未知	未知	未知	未知	未知	是	未知	未知	未知	未知	无	无	无	未知	未知	未知	未知	未知	未知	未知	未知	未知	未知	未知	未知	未知	未知	未知	未知	未知	未知	未知	未知	未知	未知	未知	未知	未知	未知	未知	未知	未知	未知	未知	未知	未知	未知	未知	未知	未知	未知	未知	未知	未知	无	无	无	无	无	无	无	无	无	无	无	无	无	无	无	无	无	无	无	无	无	无	无	无
62	2021/6/15	油烟机起火 烧烤店被“烧烤”	中国	山西	抽油烟机	1	6月13日，太原一小区内的烧烤店内，油烟机突然起火燃烧。	舆情	家用电器及电器附件	空	http://epaper.tyrbw.com/tywb/html/2021-06/15/content_234_32324.htm	烧伤	2	财产损失	电气危害	物理危害	高/低温物质危害	高温物质危害	未知	未知	未知	未知	未知	未知	未知	否	未知	未知	未知	未知	未知	未知	未知	未知	空	空	空	空	否	空	无	未知	未知	未知	未知	未知	未知	未知	未知	未知	未知	未知	未知	未知	未知	未知	未知	是	未知	未知	未知	未知	未知	未知	未知	未知	未知	未知	未知	未知	未知	未知	未知	未知	未知	未知	未知	未知	未知	未知	是	未知	未知	未知	未知	无	无	无	未知	未知	未知	未知	未知	未知	未知	未知	未知	未知	未知	未知	未知	未知	未知	未知	未知	未知	未知	未知	未知	未知	未知	未知	未知	未知	未知	未知	未知	未知	未知	未知	未知	未知	未知	未知	未知	未知	未知	未知	未知	无	无	无	无	无	无	无	无	无	无	无	无	无	无	无	无	无	无	无	无	无	无	无	无
63	2021/6/15	揭阳马牙路一电动车突然自燃，瞬间火光冲天！	中国	广东	电动自行车	1	揭阳一辆电动车停靠在人行道旁边，旁边车辆在等红灯，该电动车突然冒烟，瞬间起火。	舆情	交通用具及相关产品	空	https://www.163.com/dy/article/GCH5OKTK0534J7XZ.html	烧伤	2	财产损失	电气危害	物理危害	高/低温物质危害,电气危害	高温物质危害,电气爆炸	未知	未知	未知	未知	未知	未知	未知	否	未知	未知	未知	未知	未知	未知	未知	未知	空	空	空	空	否	空	无	未知	未知	未知	未知	未知	未知	未知	未知	未知	未知	未知	未知	未知	未知	未知	未知	是	未知	是	未知	未知	未知	未知	未知	未知	未知	未知	未知	未知	未知	未知	未知	未知	未知	未知	未知	未知	未知	未知	是	未知	未知	未知	未知	无	无	无	未知	未知	未知	未知	未知	未知	未知	未知	未知	未知	未知	未知	未知	未知	未知	未知	未知	未知	未知	未知	未知	未知	未知	未知	未知	未知	未知	未知	未知	未知	未知	未知	未知	未知	未知	未知	未知	未知	未知	未知	未知	无	无	无	无	无	无	无	无	无	无	无	无	无	无	无	无	无	无	无	无	无	无	无	无
64	2021/6/15	饮水机发生故障 商家不闻不问 诚信在哪？	中国	安徽	净水器	1	安徽宿松村民在点亮乡村“安全用水”惠民工程中购买的扬子净水器，安装后第三天就出现故障不能烧开水，售后维修后仅使用两天再次故障，此后售后一直推脱不维修。	舆情	家用电器及电器附件	空	http://baijiahao.baidu.com/s?id=1702593469237459017	未知	0	财产损失	故障	未知	未知	未知	未知	未知	未知	未知	未知	未知	未知	否	未知	未知	未知	未知	未知	未知	未知	未知	空	空	空	空	否	空	无	未知	未知	未知	未知	未知	未知	未知	未知	未知	未知	未知	未知	未知	未知	未知	未知	未知	未知	未知	未知	未知	未知	未知	未知	未知	未知	未知	未知	未知	未知	未知	未知	未知	未知	未知	未知	未知	未知	未知	是	未知	未知	未知	未知	无	无	无	未知	未知	未知	未知	未知	未知	未知	未知	未知	未知	未知	未知	未知	未知	未知	未知	未知	未知	未知	未知	未知	未知	未知	未知	未知	未知	未知	未知	未知	未知	未知	未知	未知	未知	未知	未知	未知	未知	未知	未知	未知	无	无	无	无	无	无	无	无	无	无	无	无	无	无	无	无	无	无	无	无	无	无	无	无
65	2021/6/15	北京一家三口被困火场，避难空调外挂机，他们从“天”而降	中国	北京	电动自行车	1	6月13日清晨，北京石景山区一小区突发火灾，一家三口被困火场！消防员紧急出动，将这一家三口成功救出。起火住户表示起火原因与电动车充电有关，电瓶起火后，仅仅两分钟就烟雾弥漫。	舆情	交通用具及相关产品	空	https://www.163.com/dy/article/GCI87GTC0534KXLK.html	烧伤	2	财产损失	电气危害	物理危害	高/低温物质危害,电气危害	高温物质危害,电气爆炸	未知	未知	未知	未知	未知	未知	未知	否	未知	未知	未知	未知	未知	未知	未知	未知	空	空	空	空	否	空	无	未知	未知	未知	未知	未知	未知	未知	未知	未知	未知	未知	未知	未知	未知	未知	未知	是	未知	是	未知	未知	未知	未知	未知	未知	未知	未知	未知	未知	未知	未知	未知	未知	未知	未知	未知	未知	未知	未知	是	未知	未知	未知	未知	无	无	无	未知	未知	未知	未知	未知	未知	未知	未知	未知	未知	未知	未知	未知	未知	未知	未知	未知	未知	未知	未知	未知	未知	未知	未知	未知	未知	未知	未知	未知	未知	未知	未知	未知	未知	未知	未知	未知	未知	未知	未知	未知	无	无	无	无	无	无	无	无	无	无	无	无	无	无	无	无	无	无	无	无	无	无	无	无
66	2021/6/16	杭州卫丽净智能马桶盖使用两个多月多次故障，售后推诿无保障	中国	浙江	智能马桶	1	消费者投诉在天猫卫丽净旗舰店购买的智能马桶盖，安装使用两个月后出现冲洗功能故障、指示灯显示异常、遥控器失灵等故障。	舆情	家用电器及电器附件	空	https://www.xfb315.com/tousu/94848343	未知	0	财产损失	故障	未知	未知	未知	未知	未知	未知	未知	未知	未知	未知	否	未知	未知	未知	未知	未知	未知	未知	未知	空	空	空	空	否	空	无	未知	未知	未知	未知	未知	未知	未知	未知	未知	未知	未知	未知	未知	未知	未知	未知	未知	未知	未知	未知	未知	未知	未知	未知	未知	未知	未知	未知	未知	未知	未知	未知	未知	未知	未知	未知	未知	未知	未知	是	未知	未知	未知	未知	无	无	无	未知	未知	未知	未知	未知	未知	未知	未知	未知	未知	未知	未知	未知	未知	未知	未知	未知	未知	未知	未知	未知	未知	未知	未知	未知	未知	未知	未知	未知	未知	未知	未知	未知	未知	未知	未知	未知	未知	未知	未知	未知	无	无	无	无	无	无	无	无	无	无	无	无	无	无	无	无	无	无	无	无	无	无	无	无
67	2021/6/16	双十一购买的“摩恩”智能马桶，使用未到半年发生漏电，电到老人	中国	不详	智能马桶	1	消费者投诉在天猫平台购买摩恩智能马桶，使用半年出现漏电现象，老人腿部电麻。	舆情	家用电器及电器附件	空	https://tousu.sina.com.cn/complaint/view/17353657129	电击伤	2	电击伤	漏电	物理危害	电气危害	触电危害	未知	未知	未知	未知	未知	未知	未知	否	未知	未知	未知	未知	未知	未知	未知	未知	空	空	空	空	否	空	无	未知	未知	未知	未知	未知	未知	未知	未知	未知	未知	未知	未知	未知	未知	未知	未知	未知	未知	未知	是	未知	未知	未知	未知	未知	未知	未知	未知	未知	未知	未知	未知	未知	未知	未知	未知	未知	未知	未知	是	未知	未知	未知	未知	无	无	无	未知	未知	未知	未知	未知	未知	未知	未知	未知	未知	未知	未知	未知	未知	未知	未知	未知	未知	未知	未知	未知	未知	未知	未知	未知	未知	未知	未知	未知	未知	未知	未知	未知	未知	未知	未知	未知	未知	未知	未知	未知	无	无	无	无	无	无	无	无	无	无	无	无	无	无	无	无	无	无	无	无	无	无	无	无
68	2021/6/16	突发！瑞昌街上一电动车自燃着火…	中国	江西	电动自行车	1	6月16日，瑞昌市桂林街道停放在人行道的一辆电动车突然冒烟着火。	舆情	交通用具及相关产品	空	http://wxtwavtongzhen.ganji.com/qktpcouloir/youthenoutlaid/guruexigent/ahorsequant/kuschouster/ennuiunworn/embolonmenado?infoid=1405203452988014592&source=18&type=0	烧伤	2	财产损失	电气危害	未知	未知	未知	未知	未知	未知	未知	未知	未知	未知	否	未知	未知	未知	未知	未知	未知	未知	未知	空	空	空	空	否	空	无	未知	未知	未知	未知	未知	未知	未知	未知	未知	未知	未知	未知	未知	未知	未知	未知	未知	未知	未知	未知	未知	未知	未知	未知	未知	未知	未知	未知	未知	未知	未知	未知	未知	未知	未知	未知	未知	未知	未知	是	未知	未知	未知	未知	无	无	无	未知	未知	未知	未知	未知	未知	未知	未知	未知	未知	未知	未知	未知	未知	未知	未知	未知	未知	未知	未知	未知	未知	未知	未知	未知	未知	未知	未知	未知	未知	未知	未知	未知	未知	未知	未知	未知	未知	未知	未知	未知	无	无	无	无	无	无	无	无	无	无	无	无	无	无	无	无	无	无	无	无	无	无	无	无
69	2021/6/16	突发！蚌埠某小区内外卖小哥的电瓶车自燃！	中国	安徽	电动自行车	1	6月15日，在蚌埠香榭兰庭小区内，有一外卖小哥的电瓶车突发自燃。 	舆情	交通用具及相关产品	空	http://wxtwavtongzhen.ganji.com/qktpcouloir/youthenoutlaid/guruexigent/ahorsequant/kuschouster/ennuiunworn/embolonmenado?infoid=1405135972441575424&source=18&type=33	未知	0	财产损失	电气危害	未知	未知	未知	未知	未知	未知	未知	未知	未知	未知	否	未知	未知	未知	未知	未知	未知	未知	未知	空	空	空	空	否	空	无	未知	未知	未知	未知	未知	未知	未知	未知	未知	未知	未知	未知	未知	未知	未知	未知	未知	未知	未知	未知	未知	未知	未知	未知	未知	未知	未知	未知	未知	未知	未知	未知	未知	未知	未知	未知	未知	未知	未知	是	未知	未知	未知	未知	无	无	无	未知	未知	未知	未知	未知	未知	未知	未知	未知	未知	未知	未知	未知	未知	未知	未知	未知	未知	未知	未知	未知	未知	未知	未知	未知	未知	未知	未知	未知	未知	未知	未知	未知	未知	未知	未知	未知	未知	未知	未知	未知	无	无	无	无	无	无	无	无	无	无	无	无	无	无	无	无	无	无	无	无	无	无	无	无
70	2021/6/16	福建漳州电动车充电时突然起火，女子趴防盗网上求助！	中国	福建	电动自行车	1	6月15日，漳州市南靖县山城镇翠眉村一住宅的柴火间，一辆电动车在充电时，突然起火冒烟，因为柴火间紧靠住户楼梯，瞬间楼道内浓烟滚滚。	舆情	交通用具及相关产品	空	https://view.inews.qq.com/a/20210616A08LMX00	烧伤	2	财产损失	电气危害	物理危害	高/低温物质危害,电气危害	高温物质危害,电气爆炸	未知	未知	未知	未知	未知	未知	未知	否	未知	未知	未知	未知	未知	未知	未知	未知	空	空	空	空	否	空	无	未知	未知	未知	未知	未知	是	未知	未知	未知	未知	未知	未知	未知	未知	未知	未知	是	未知	是	未知	未知	未知	未知	未知	未知	未知	未知	未知	未知	未知	未知	未知	未知	未知	未知	未知	未知	未知	未知	是	未知	未知	未知	未知	无	无	无	未知	未知	未知	未知	未知	未知	未知	未知	未知	未知	未知	未知	未知	未知	未知	未知	未知	未知	未知	未知	未知	未知	未知	未知	未知	未知	未知	未知	未知	未知	未知	未知	未知	未知	未知	未知	未知	未知	未知	未知	未知	无	无	无	无	无	无	无	无	无	无	无	无	无	无	无	无	无	无	无	无	无	无	无	无
71	2021/6/16	浏阳古港一居民楼突然起火，浓烟滚滚！	中国	江苏	电动自行车	1	6月13日，湖南浏阳古港镇车站路一居民楼冒出滚滚浓烟，消防员组成搜救组进行人员搜救疏散。十余分钟楼栋13名群众成功疏散，其中多为老人和小孩，起火原因为一楼电动车起火所致。	舆情	交通用具及相关产品	空	https://kuaibao.qq.com/s/20210616A0457P00	烧伤	2	财产损失	电气危害	物理危害	高/低温物质危害,电气危害	高温物质危害,电气爆炸	未知	未知	未知	未知	未知	未知	未知	否	未知	未知	未知	未知	未知	未知	未知	未知	空	空	空	空	否	空	无	未知	未知	未知	未知	未知	未知	未知	未知	未知	未知	未知	未知	未知	未知	未知	未知	是	未知	是	未知	未知	未知	未知	未知	未知	未知	未知	未知	未知	未知	未知	未知	未知	未知	未知	未知	未知	未知	未知	是	未知	未知	未知	未知	无	无	无	未知	未知	未知	未知	未知	未知	未知	未知	未知	未知	未知	未知	未知	未知	未知	未知	未知	未知	未知	未知	未知	未知	未知	未知	未知	未知	未知	未知	未知	未知	未知	未知	未知	未知	未知	未知	未知	未知	未知	未知	未知	无	无	无	无	无	无	无	无	无	无	无	无	无	无	无	无	无	无	无	无	无	无	无	无
72	2021/6/16	太原一住宅楼电动车起火，浓烟大火封死楼道口……	中国	山西	电动自行车	1	6月14日，太原小店区永康南路一低层住宅楼的楼道内，停放着的电动自行车发生火灾，导致楼道口基本被火与烟封死。	舆情	交通用具及相关产品	空	https://kuaibao.qq.com/s/20210616A05NB900	烧伤	2	财产损失	电气危害	物理危害	高/低温物质危害,电气危害	高温物质危害,电气爆炸	未知	未知	未知	未知	未知	未知	未知	否	未知	未知	未知	未知	未知	未知	未知	未知	空	空	空	空	否	空	无	未知	未知	未知	未知	未知	未知	未知	未知	未知	未知	未知	未知	未知	未知	未知	未知	是	未知	是	未知	未知	未知	未知	未知	未知	未知	未知	未知	未知	未知	未知	未知	未知	未知	未知	未知	未知	未知	未知	是	未知	未知	未知	未知	无	无	无	未知	未知	未知	未知	未知	未知	未知	未知	未知	未知	未知	未知	未知	未知	未知	未知	未知	未知	未知	未知	未知	未知	未知	未知	未知	未知	未知	未知	未知	未知	未知	未知	未知	未知	未知	未知	未知	未知	未知	未知	未知	无	无	无	无	无	无	无	无	无	无	无	无	无	无	无	无	无	无	无	无	无	无	无	无
73	2021/6/17	电冰箱短路惹火灾 巡警协助消防扑火	中国	广东	冰箱	1	6月15日，蓬江一小区居民房发生火灾，经查，事故原因系屋主家中的电冰箱短路引发起火。	舆情	家用电器及电器附件	空	https://kuaibao.qq.com/s/20210617A0AMZ800	烧伤,电击伤	2	财产损失	电气危害	物理危害	高/低温物质危害,电气危害	高温物质危害,触电危害	未知	未知	未知	未知	未知	未知	未知	否	未知	未知	未知	未知	未知	未知	未知	未知	空	空	空	空	否	空	无	未知	未知	未知	未知	未知	未知	未知	未知	未知	未知	未知	未知	未知	未知	未知	未知	是	未知	未知	未知	是	未知	未知	未知	未知	未知	未知	未知	未知	未知	未知	未知	未知	未知	未知	未知	未知	未知	未知	是	未知	未知	未知	未知	无	无	无	未知	未知	未知	未知	未知	未知	未知	未知	未知	未知	未知	未知	未知	未知	未知	未知	未知	未知	未知	未知	未知	未知	未知	未知	未知	未知	未知	未知	未知	未知	未知	未知	未知	未知	未知	未知	未知	未知	未知	未知	未知	无	无	无	无	无	无	无	无	无	无	无	无	无	无	无	无	无	无	无	无	无	无	无	无
74	2021/6/17	开平一住宅楼突发大火，原因是… 	中国	河北	电风扇	1	开平一住宅电风扇爆炸，经调查，初步判定起火原因是电风扇短路所致。	舆情	家用电器及电器附件	空	https://www.sohu.com/a/472635959_121123746	烧伤,电击伤	2	财产损失	电气危害	物理危害	高/低温物质危害,电气危害	高温物质危害,触电危害	未知	未知	未知	未知	未知	未知	未知	否	未知	未知	未知	未知	未知	未知	未知	未知	空	空	空	空	否	空	无	未知	未知	未知	未知	未知	未知	未知	未知	未知	未知	未知	未知	未知	未知	未知	未知	是	未知	未知	未知	是	未知	未知	未知	未知	未知	未知	未知	未知	未知	未知	未知	未知	未知	未知	未知	未知	未知	未知	是	未知	未知	未知	未知	无	无	无	未知	未知	未知	未知	未知	未知	未知	未知	未知	未知	未知	未知	未知	未知	未知	未知	未知	未知	未知	未知	未知	未知	未知	未知	未知	未知	未知	未知	未知	未知	未知	未知	未知	未知	未知	未知	未知	未知	未知	未知	未知	无	无	无	无	无	无	无	无	无	无	无	无	无	无	无	无	无	无	无	无	无	无	无	无
75	2021/6/18	电风扇使用不到一个小时发生起火	中国	不详	电风扇	1	去年买的电风扇，昨晚上用了不到一个小时，就起火了，好在及时发现，只是把床头柜烧坏了，其它没有损失。	舆情	家用电器及电器附件	空	https://www.toutiao.com/w/i1702908224923648/	烧伤	2	财产损失	电气危害	物理危害	高/低温物质危害	高温物质危害	未知	未知	未知	未知	未知	未知	未知	否	未知	未知	未知	未知	未知	未知	未知	夜间	空	空	空	空	否	空	无	未知	未知	未知	未知	未知	未知	未知	未知	未知	未知	未知	未知	未知	未知	未知	未知	是	未知	未知	未知	未知	未知	未知	未知	未知	未知	未知	未知	未知	未知	未知	未知	未知	未知	未知	未知	未知	未知	未知	是	未知	未知	未知	未知	无	无	无	未知	未知	未知	未知	未知	未知	未知	未知	未知	未知	未知	未知	未知	未知	未知	未知	未知	未知	未知	未知	未知	未知	未知	未知	未知	未知	未知	未知	未知	未知	未知	未知	未知	未知	未知	未知	未知	未知	未知	未知	未知	无	无	无	无	无	无	无	无	无	无	无	无	无	无	无	无	无	无	无	无	无	无	无	无
76	2021/6/18	福州一电动车楼道起火烧得面目全非	中国	福建	电动自行车	1	6月14日，福州飞凤水岸小区楼道一辆电动车起火，车主否认当时在充电。	舆情	交通用具及相关产品	空	http://video.sina.com.cn/p/news/2021-06-18/detail-ikqcfnca1688822.d.html	烧伤	2	财产损失	电气危害	物理危害	高/低温物质危害,电气危害	高温物质危害,电气爆炸	未知	未知	未知	未知	未知	未知	未知	否	未知	未知	未知	未知	未知	未知	未知	未知	空	空	空	空	否	空	无	未知	未知	未知	未知	未知	未知	未知	未知	未知	未知	未知	未知	未知	未知	未知	未知	是	未知	是	未知	未知	未知	未知	未知	未知	未知	未知	未知	未知	未知	未知	未知	未知	未知	未知	未知	未知	未知	未知	是	未知	未知	未知	未知	无	无	无	未知	未知	未知	未知	未知	未知	未知	未知	未知	未知	未知	未知	未知	未知	未知	未知	未知	未知	未知	未知	未知	未知	未知	未知	未知	未知	未知	未知	未知	未知	未知	未知	未知	未知	未知	未知	未知	未知	未知	未知	未知	无	无	无	无	无	无	无	无	无	无	无	无	无	无	无	无	无	无	无	无	无	无	无	无
77	2021/6/19	好痛！“小电驴”凌晨起火，14辆车被烧	中国	江西	电动自行车	1	6月16日，江西南昌新建区兴国路附近一处电动车车棚发生大火，原因为电动自行车在充电时突然起火。据统计，现场共有14辆车被烧毁。	舆情	交通用具及相关产品	空	https://kuaibao.qq.com/s/20210619A099B200	烧伤	2	财产损失	电气危害	物理危害	高/低温物质危害,电气危害	高温物质危害,电气爆炸	未知	未知	未知	未知	未知	未知	未知	否	未知	未知	未知	未知	未知	未知	未知	未知	空	空	空	空	否	空	无	未知	未知	未知	未知	未知	未知	未知	未知	未知	未知	未知	未知	未知	未知	未知	未知	是	未知	是	未知	未知	未知	未知	未知	未知	未知	未知	未知	未知	未知	未知	未知	未知	未知	未知	未知	未知	未知	未知	是	未知	未知	未知	未知	无	无	无	未知	未知	未知	未知	未知	未知	未知	未知	未知	未知	未知	未知	未知	未知	未知	未知	未知	未知	未知	未知	未知	未知	未知	未知	未知	未知	未知	未知	未知	未知	未知	未知	未知	未知	未知	未知	未知	未知	未知	未知	未知	无	无	无	无	无	无	无	无	无	无	无	无	无	无	无	无	无	无	无	无	无	无	无	无
78	2021/6/19	男子进酒店时玻璃门瞬间碎成渣！酒店：不用赔，男子却不干了 	中国	贵州	玻璃门	1	6月17日晚，贵州安顺的王师傅到贵阳入住了一家酒店，可就在他进门的时候，手推了一下正在打开的自动玻璃门，随后玻璃门突然破裂，玻璃渣全部掉落下来，王师傅手臂被划伤。	舆情	家具及建筑装饰装修材料	空	https://www.sohu.com/a/472997405_120953242	擦伤	1	划伤	玻璃应力	未知	未知	未知	未知	未知	未知	未知	未知	未知	未知	否	未知	未知	未知	未知	未知	未知	未知	未知	空	空	空	空	否	空	无	未知	未知	未知	未知	未知	未知	未知	未知	未知	未知	未知	未知	未知	未知	未知	未知	未知	未知	未知	未知	未知	未知	未知	未知	未知	未知	未知	未知	未知	未知	未知	未知	未知	未知	未知	未知	未知	未知	未知	是	未知	未知	未知	未知	无	无	无	未知	未知	未知	未知	未知	未知	未知	未知	未知	未知	未知	未知	未知	未知	未知	未知	未知	未知	未知	未知	未知	未知	未知	未知	未知	未知	未知	未知	未知	未知	未知	未知	未知	未知	未知	未知	未知	未知	未知	未知	未知	无	无	无	无	无	无	无	无	无	无	无	无	无	无	无	无	无	无	无	无	无	无	无	无
79	2021/6/20	今天杭州一酒店里有个小女孩被玻璃门砸伤，目前还在抢救，警方已介入调查	中国	浙江	玻璃门	1	6月20日，杭州石祥路上的海外海酒店，有一个6岁的小女孩被玻璃门砸伤了。	舆情	家具及建筑装饰装修材料	空	https://www.163.com/dy/article/GCVHBQSR0512GTK3.html	砸伤	1	划伤	玻璃应力	未知	未知	未知	6	未知	未知	未知	未知	未知	未知	否	未知	未知	未知	未知	未知	未知	未知	未知	空	空	空	空	否	空	无	未知	未知	未知	未知	未知	未知	未知	未知	未知	未知	未知	未知	未知	未知	未知	未知	未知	未知	未知	未知	未知	未知	未知	未知	未知	未知	未知	未知	未知	未知	未知	未知	未知	未知	未知	未知	未知	未知	未知	是	未知	未知	未知	未知	无	无	无	未知	未知	未知	未知	未知	未知	未知	未知	未知	未知	未知	未知	未知	未知	未知	未知	未知	未知	未知	未知	未知	未知	未知	未知	未知	未知	未知	未知	未知	未知	未知	未知	未知	未知	未知	未知	未知	未知	未知	未知	未知	无	无	无	无	无	无	无	无	无	无	无	无	无	无	无	无	无	无	无	无	无	无	无	无
80	2021/6/20	电话手表自燃爆炸！4岁女童三度烧伤！ 	中国	福建	电话手表	1	福建泉州4岁女童所佩戴的电话手表突然发生自燃爆炸，孩子的手背皮肤被严重烧伤。经医生诊断，其手背属于三度烧伤！	舆情	儿童用品	空	https://www.sohu.com/na/473083666_121106842	烧伤	2	烫伤	电气危害	物理危害	高/低温物质危害	高温物质危害	4	未知	未知	未知	未知	未知	未知	否	未知	未知	未知	未知	未知	未知	未知	未知	空	空	空	空	否	空	无	未知	未知	未知	未知	未知	未知	未知	未知	未知	未知	有	未知	未知	未知	未知	未知	未知	未知	未知	未知	未知	未知	未知	未知	未知	未知	未知	未知	未知	未知	未知	未知	未知	未知	未知	未知	未知	未知	未知	是	未知	未知	未知	未知	无	无	无	未知	未知	未知	未知	未知	未知	未知	未知	未知	未知	未知	未知	未知	未知	未知	未知	未知	未知	未知	未知	未知	未知	未知	未知	未知	未知	未知	未知	未知	未知	未知	未知	未知	未知	未知	未知	未知	未知	未知	未知	未知	无	无	无	无	无	无	无	无	无	无	无	无	无	无	无	无	无	无	无	无	无	无	无	无
81	2021/6/20	充电头爆炸险些引发火灾！固原男子庆幸：还好没玩手机…	中国	宁夏	手机充电器	1	6月16日，杨先生正在给手机充电，突然沙发上的手机充电器发生爆炸，皮沙发烧坏一大片，下面的海绵垫子也被烧焦，溅起的火星还把地毯烫出几个洞。	舆情	电子及信息技术产品	空	https://www.163.com/dy/article/GCTOVBUQ0548139L.html	未知	0	财产损失	电气危害	物理危害	爆炸危害	固相爆炸危害	未知	未知	未知	未知	未知	未知	未知	否	未知	未知	未知	未知	未知	未知	未知	未知	空	空	空	空	否	空	无	未知	未知	未知	未知	未知	未知	未知	未知	未知	未知	未知	未知	未知	未知	未知	未知	未知	未知	未知	未知	未知	未知	未知	未知	未知	未知	未知	未知	未知	未知	未知	未知	未知	未知	有	未知	未知	未知	未知	是	未知	未知	未知	未知	无	无	无	未知	未知	未知	未知	未知	未知	未知	未知	未知	未知	未知	未知	未知	未知	未知	未知	未知	未知	未知	未知	未知	未知	未知	未知	未知	未知	未知	未知	未知	未知	未知	未知	未知	未知	未知	未知	未知	未知	未知	未知	未知	无	无	无	无	无	无	无	无	无	无	无	无	无	无	无	无	无	无	无	无	无	无	无	无
82	2021/6/20	路遇电动车起火，铁骑出手帮灭火	中国	广东	电动自行车	1	近日，深圳宝安兴业路一辆电动车因线路短路导致起火。	舆情	交通用具及相关产品	空	https://new.qq.com/rain/a/20210620A03B6U00	烧伤,电击伤	2	财产损失	电气危害	物理危害	高/低温物质危害,电气危害	高温物质危害,触电危害,电气爆炸	未知	未知	未知	未知	未知	未知	未知	否	未知	未知	未知	未知	未知	未知	未知	未知	空	空	空	空	否	空	无	未知	未知	未知	未知	未知	未知	未知	未知	未知	未知	未知	未知	未知	未知	未知	未知	是	未知	是	未知	是	未知	未知	未知	未知	未知	未知	未知	未知	未知	未知	未知	未知	未知	未知	未知	未知	未知	未知	是	未知	未知	未知	未知	无	无	无	未知	未知	未知	未知	未知	未知	未知	未知	未知	未知	未知	未知	未知	未知	未知	未知	未知	未知	未知	未知	未知	未知	未知	未知	未知	未知	未知	未知	未知	未知	未知	未知	未知	未知	未知	未知	未知	未知	未知	未知	未知	无	无	无	无	无	无	无	无	无	无	无	无	无	无	无	无	无	无	无	无	无	无	无	无
83	2021/6/20	电动车楼下充电时突然自燃三辆车被烧毁 市民合力扑火	中国	广东	电动自行车	1	6月16日，深圳罗湖区向西村大洋水产宿舍楼一辆电动自行车正在楼下巷道充电，充电完成后还没来得及拔插头，电动自行车突然燃起大火。	舆情	交通用具及相关产品	空	http://www.yidianzixun.com/article/V_0NemDVOG?s=sd24&appid=s3rd_sd24	未知	0	财产损失	电气危害	未知	未知	未知	未知	未知	未知	未知	未知	未知	未知	否	未知	未知	未知	未知	未知	未知	未知	未知	空	空	空	空	否	空	无	未知	未知	未知	未知	未知	未知	未知	未知	未知	未知	未知	未知	未知	未知	未知	未知	未知	未知	未知	未知	未知	未知	未知	未知	未知	未知	未知	未知	未知	未知	未知	未知	未知	未知	未知	未知	未知	未知	未知	是	未知	未知	未知	未知	无	无	无	未知	未知	未知	未知	未知	未知	未知	未知	未知	未知	未知	未知	未知	未知	未知	未知	未知	未知	未知	未知	未知	未知	未知	未知	未知	未知	未知	未知	未知	未知	未知	未知	未知	未知	未知	未知	未知	未知	未知	未知	未知	无	无	无	无	无	无	无	无	无	无	无	无	无	无	无	无	无	无	无	无	无	无	无	无
84	2021/6/21	昔阳一居民在做饭时,油烟机突然起火	中国	山西	抽油烟机	1	6月21日，昔阳县教师公寓一居民家中油烟机起火。	舆情	家用电器及电器附件	空	https://www.toutiao.com/w/i6976179438299972109/	烧伤	2	财产损失	电气危害	物理危害	高/低温物质危害	高温物质危害	未知	未知	未知	未知	未知	未知	未知	否	未知	未知	未知	未知	未知	未知	未知	未知	空	空	空	空	否	空	无	未知	未知	未知	未知	未知	未知	未知	未知	未知	未知	未知	未知	未知	未知	未知	未知	是	未知	未知	未知	未知	未知	未知	未知	未知	未知	未知	未知	未知	未知	未知	未知	未知	未知	未知	未知	未知	未知	未知	是	未知	未知	未知	未知	无	无	无	未知	未知	未知	未知	未知	未知	未知	未知	未知	未知	未知	未知	未知	未知	未知	未知	未知	未知	未知	未知	未知	未知	未知	未知	未知	未知	未知	未知	未知	未知	未知	未知	未知	未知	未知	未知	未知	未知	未知	未知	未知	无	无	无	无	无	无	无	无	无	无	无	无	无	无	无	无	无	无	无	无	无	无	无	无
85	2021/6/22	清远一民宅发生火警，初步分析起火原因是屋主在家中对电动车充电……	中国	广东	电动自行车	1	6月19日，清远市清新区一居民楼发生火灾，原因为屋主在家中对电动车充电引发。	舆情	交通用具及相关产品	空	https://www.163.com/news/article/GD3DQSDE00019K82.html	烧伤	2	财产损失	电气危害	物理危害	高/低温物质危害,电气危害	高温物质危害,电气爆炸	未知	未知	未知	未知	未知	未知	未知	否	未知	未知	未知	未知	未知	未知	未知	未知	空	空	空	空	否	空	无	未知	未知	未知	未知	未知	未知	未知	未知	未知	未知	未知	未知	未知	未知	未知	未知	是	未知	是	未知	未知	未知	未知	未知	未知	未知	未知	未知	未知	未知	未知	未知	未知	未知	未知	未知	未知	未知	未知	是	未知	未知	未知	未知	无	无	无	未知	未知	未知	未知	未知	未知	未知	未知	未知	未知	未知	未知	未知	未知	未知	未知	未知	未知	未知	未知	未知	未知	未知	未知	未知	未知	未知	未知	未知	未知	未知	未知	未知	未知	未知	未知	未知	未知	未知	未知	未知	无	无	无	无	无	无	无	无	无	无	无	无	无	无	无	无	无	无	无	无	无	无	无	无
86	2021/6/22	华帝天猫旗舰店购买的消毒柜发生爆炸	中国	不详	消毒柜	1	消费者投诉在华帝天猫旗舰店购买的消毒柜，发生了爆炸。	舆情	家用电器及电器附件	空	https://tousu.sina.com.cn/complaint/view/17353731658	未知	0	财产损失	电气危害	未知	未知	未知	未知	未知	未知	未知	未知	未知	未知	否	未知	未知	未知	未知	未知	未知	未知	未知	空	空	空	空	否	空	无	未知	未知	未知	未知	未知	未知	未知	未知	未知	未知	未知	未知	未知	未知	未知	未知	未知	未知	未知	未知	未知	未知	未知	未知	未知	未知	未知	未知	未知	未知	未知	未知	未知	未知	未知	未知	未知	未知	未知	是	未知	未知	未知	未知	无	无	无	未知	未知	未知	未知	未知	未知	未知	未知	未知	未知	未知	未知	未知	未知	未知	未知	未知	未知	未知	未知	未知	未知	未知	未知	未知	未知	未知	未知	未知	未知	未知	未知	未知	未知	未知	未知	未知	未知	未知	未知	未知	无	无	无	无	无	无	无	无	无	无	无	无	无	无	无	无	无	无	无	无	无	无	无	无
87	2021/6/22	格力空调安装一年后不制冷，售后不发配件维修，投诉售后无人回应解决	中国	不详	空调	1	消费者投诉格力空调刚安装一年就不制冷了，维修人员称外机冷凝器坏了，售后不发配件维修，投诉售后无人回应解决。	舆情	家用电器及电器附件	空	https://www.xfb315.com/tousu/94852010	未知	0	财产损失	故障	物理危害	机械危害	形状和表面性能危害	未知	未知	未知	未知	冷凝器	未知	未知	否	未知	未知	未知	未知	未知	未知	未知	未知	空	空	空	空	否	空	无	未知	未知	未知	未知	未知	未知	未知	未知	未知	未知	未知	未知	未知	未知	未知	未知	未知	未知	未知	未知	未知	未知	未知	未知	未知	未知	未知	未知	未知	未知	未知	未知	未知	未知	未知	未知	未知	未知	未知	是	未知	未知	未知	未知	无	无	无	未知	未知	未知	未知	未知	未知	未知	未知	未知	未知	未知	未知	未知	未知	未知	未知	未知	未知	未知	未知	未知	未知	未知	未知	未知	未知	未知	未知	未知	未知	未知	未知	未知	未知	未知	未知	未知	未知	未知	未知	未知	无	无	无	无	无	无	无	无	无	无	无	无	无	无	无	无	无	无	无	无	无	无	无	无
88	2021/6/23	郴州一门店洗衣机突发自燃	中国	湖南	洗衣机	1	6月22日，资兴市矿工南路附近一门店内洗衣机发生自燃，所幸发现及扑救及时，未造成火势蔓延。	舆情	家用电器及电器附件	空	https://new.qq.com/omn/20210623/20210623A0D15Z00.html	未知	0	财产损失	电气危害	未知	未知	未知	未知	未知	未知	未知	未知	未知	未知	否	未知	未知	未知	未知	未知	未知	未知	未知	空	空	空	空	否	空	无	未知	未知	未知	未知	未知	未知	未知	未知	未知	未知	未知	未知	未知	未知	未知	未知	未知	未知	未知	未知	未知	未知	未知	未知	未知	未知	未知	未知	未知	未知	未知	未知	未知	未知	未知	未知	未知	未知	未知	是	未知	未知	未知	未知	无	无	无	未知	未知	未知	未知	未知	未知	未知	未知	未知	未知	未知	未知	未知	未知	未知	未知	未知	未知	未知	未知	未知	未知	未知	未知	未知	未知	未知	未知	未知	未知	未知	未知	未知	未知	未知	未知	未知	未知	未知	未知	未知	无	无	无	无	无	无	无	无	无	无	无	无	无	无	无	无	无	无	无	无	无	无	无	无
89	2021/6/23	4岁男童误吞13颗磁力珠，胃壁都穿孔了！	中国	吉林	磁力珠	1	6月22日，西安一4岁男孩误吞了13颗磁力珠，导致胃穿孔。	舆情	儿童用品	空	https://www.sohu.com/a/473703346_355330	体内异物,内部器官损伤	4	胃肠道穿孔或阻塞	小零件和磁通量	物理危害	机械危害	形状和表面性能危害	4	未知	未知	未知	未知	未知	未知	否	未知	未知	未知	未知	未知	未知	磁力珠	未知	空	空	空	空	否	空	无	未知	未知	未知	未知	未知	未知	未知	未知	未知	未知	未知	未知	未知	未知	未知	未知	未知	未知	未知	未知	未知	未知	未知	未知	未知	未知	未知	未知	未知	未知	未知	未知	未知	未知	未知	未知	未知	未知	未知	是	未知	未知	未知	未知	无	无	无	未知	未知	未知	未知	未知	未知	未知	未知	未知	未知	未知	未知	未知	未知	未知	未知	未知	未知	未知	未知	未知	未知	未知	未知	未知	未知	未知	未知	未知	未知	未知	未知	未知	未知	未知	未知	未知	未知	未知	未知	未知	无	无	无	无	无	无	无	无	无	无	无	无	无	无	无	无	无	无	无	无	无	无	无	无
90	2021/6/23	宜宾一电瓶车突然起火	中国	四川	电动自行车	1	6月22日，宜宾市叙州区山水原著一期停车棚内一电瓶车突然起火，随即火势向整个车棚蔓延开来，现场火光冲天。	舆情	交通用具及相关产品	空	https://www.163.com/dy/article/GD62ORJU05149FGH.html	烧伤	2	财产损失	电气危害	物理危害	高/低温物质危害,电气危害	高温物质危害,电气爆炸	未知	未知	未知	未知	未知	未知	未知	否	未知	未知	未知	未知	未知	未知	未知	未知	空	空	空	空	否	空	无	未知	未知	未知	未知	未知	未知	未知	未知	未知	未知	未知	未知	未知	未知	未知	未知	是	未知	是	未知	未知	未知	未知	未知	未知	未知	未知	未知	未知	未知	未知	未知	未知	未知	未知	未知	未知	未知	未知	是	未知	未知	未知	未知	无	无	无	未知	未知	未知	未知	未知	未知	未知	未知	未知	未知	未知	未知	未知	未知	未知	未知	未知	未知	未知	未知	未知	未知	未知	未知	未知	未知	未知	未知	未知	未知	未知	未知	未知	未知	未知	未知	未知	未知	未知	未知	未知	无	无	无	无	无	无	无	无	无	无	无	无	无	无	无	无	无	无	无	无	无	无	无	无
91	2021/6/23	浦东一小区非机动车棚起火，近10辆电瓶车烧毁	中国	上海	电动自行车	1	6月21日，浦东新区周康四村内，一处露天非机动车停车棚发生火灾，近10辆电瓶车被烧毁。	舆情	交通用具及相关产品	空	http://k.sina.com.cn/article_7494521253_1beb551a500100y2b0.html	烧伤	2	财产损失	电气危害	物理危害	高/低温物质危害,电气危害	高温物质危害,电气爆炸	未知	未知	未知	未知	未知	未知	未知	否	未知	未知	未知	未知	未知	未知	未知	未知	空	空	空	空	否	空	无	未知	未知	未知	未知	未知	未知	未知	未知	未知	未知	未知	未知	未知	未知	未知	未知	是	未知	是	未知	未知	未知	未知	未知	未知	未知	未知	未知	未知	未知	未知	未知	未知	未知	未知	未知	未知	未知	未知	是	未知	未知	未知	未知	无	无	无	未知	未知	未知	未知	未知	未知	未知	未知	未知	未知	未知	未知	未知	未知	未知	未知	未知	未知	未知	未知	未知	未知	未知	未知	未知	未知	未知	未知	未知	未知	未知	未知	未知	未知	未知	未知	未知	未知	未知	未知	未知	无	无	无	无	无	无	无	无	无	无	无	无	无	无	无	无	无	无	无	无	无	无	无	无
92	2021/6/24	四川成都一小区上百辆电动车起火，车棚跟车子半小时之内烧成废铁	中国	四川	电动自行车	1	6月23日，四川成都上善清波小区，一处停放200多台电动车的车棚起火，仅仅半个小时，就直接把停放的200多台电动车烧成了废铁。	舆情	交通用具及相关产品	空	https://www.163.com/dy/article/GD8FT8V00534VALK.html	烧伤	2	财产损失	电气危害	物理危害	高/低温物质危害,电气危害	高温物质危害,电气爆炸	未知	未知	未知	未知	未知	未知	未知	否	未知	未知	未知	未知	未知	未知	未知	未知	空	空	空	空	否	空	无	未知	未知	未知	未知	未知	未知	未知	未知	未知	未知	未知	未知	未知	未知	未知	未知	是	未知	是	未知	未知	未知	未知	未知	未知	未知	未知	未知	未知	未知	未知	未知	未知	未知	未知	未知	未知	未知	未知	是	未知	未知	未知	未知	无	无	无	未知	未知	未知	未知	未知	未知	未知	未知	未知	未知	未知	未知	未知	未知	未知	未知	未知	未知	未知	未知	未知	未知	未知	未知	未知	未知	未知	未知	未知	未知	未知	未知	未知	未知	未知	未知	未知	未知	未知	未知	未知	无	无	无	无	无	无	无	无	无	无	无	无	无	无	无	无	无	无	无	无	无	无	无	无
93	2021/6/24	深圳一小区充电桩起火，浓烟滚滚火势凶猛，多辆电单车被烧成车架	中国	广东	电动自行车	1	6月23日，深圳龙岗布吉街道一个小区的架空层里又发生了一起火灾，起火原因为电单车充电引发。	舆情	交通用具及相关产品	空	https://www.163.com/dy/article/GD8CI2C50545V8LM.html	烧伤	2	财产损失	电气危害	物理危害	高/低温物质危害	高温物质危害	未知	未知	未知	未知	未知	未知	未知	否	未知	未知	未知	未知	未知	未知	未知	未知	空	空	空	空	否	空	无	未知	未知	未知	未知	未知	未知	未知	未知	未知	未知	未知	未知	未知	未知	未知	未知	是	未知	未知	未知	未知	未知	未知	未知	未知	未知	未知	未知	未知	未知	未知	未知	未知	未知	未知	未知	未知	未知	未知	是	未知	未知	未知	未知	无	无	无	未知	未知	未知	未知	未知	未知	未知	未知	未知	未知	未知	未知	未知	未知	未知	未知	未知	未知	未知	未知	未知	未知	未知	未知	未知	未知	未知	未知	未知	未知	未知	未知	未知	未知	未知	未知	未知	未知	未知	未知	未知	无	无	无	无	无	无	无	无	无	无	无	无	无	无	无	无	无	无	无	无	无	无	无	无
94	2021/6/24	黑猫投诉：苏泊尔夏美专卖店购买的燃气灶发生台面爆炸	中国	不详	燃气灶	1	消费者投诉，2018年1月7日从天猫（苏泊尔夏美专卖店）购买的燃气灶，6月24日煮粥的时候突然爆裂了，玻璃飞溅。	舆情	家用电器及电器附件	空	https://tousu.sina.com.cn/complaint/view/17353755505/	未知	0	财产损失	玻璃应力	未知	未知	未知	未知	未知	未知	未知	未知	未知	未知	否	未知	未知	未知	未知	未知	未知	未知	未知	空	空	空	空	否	空	无	未知	未知	未知	未知	未知	未知	未知	未知	未知	未知	未知	未知	未知	未知	未知	未知	未知	未知	未知	未知	未知	未知	未知	未知	未知	未知	未知	未知	未知	未知	未知	未知	未知	未知	未知	未知	未知	未知	未知	是	未知	未知	未知	未知	无	无	无	未知	未知	未知	未知	未知	未知	未知	未知	未知	未知	未知	未知	未知	未知	未知	未知	未知	未知	未知	未知	未知	未知	未知	未知	未知	未知	未知	未知	未知	未知	未知	未知	未知	未知	未知	未知	未知	未知	未知	未知	未知	无	无	无	无	无	无	无	无	无	无	无	无	无	无	无	无	无	无	无	无	无	无	无	无
95	2021/6/24	女子家中洗澡 电热水器起火	中国	广西	电热水器	1	6月15日，柳州市北雀路品尚小区，徐女士在家中洗澡时，电热水器突然冒烟起火，把她吓得不轻，所幸火势被巡警和物业人员及时扑灭。	舆情	家用电器及电器附件	空	https://emwap.eastmoney.com/a/202106241972452882.html	烧伤	2	财产损失	电气危害	物理危害	高/低温物质危害	高温物质危害	未知	未知	未知	未知	未知	未知	未知	否	未知	未知	未知	未知	未知	未知	未知	未知	空	空	空	空	否	空	无	未知	未知	未知	未知	未知	未知	未知	未知	未知	未知	未知	未知	未知	未知	未知	未知	是	未知	未知	未知	未知	未知	未知	未知	未知	未知	未知	未知	未知	未知	未知	未知	未知	未知	未知	未知	未知	未知	未知	是	未知	未知	未知	未知	无	无	无	未知	未知	未知	未知	未知	未知	未知	未知	未知	未知	未知	未知	未知	未知	未知	未知	未知	未知	未知	未知	未知	未知	未知	未知	未知	未知	未知	未知	未知	未知	未知	未知	未知	未知	未知	未知	未知	未知	未知	未知	未知	无	无	无	无	无	无	无	无	无	无	无	无	无	无	无	无	无	无	无	无	无	无	无	无
96	2021/6/24	绍兴男子骑电动车半路突然起火，路人赶紧做了这事！	中国	浙江	电动自行车	1	6月23日，男子章某骑电动车通过嵊州市区富民街时，突然起火。	舆情	交通用具及相关产品	空	http://cdn.m.api.shaoxing.com.cn/v2/article?areas=&clientid=1&contentid=2874479&modules=common:3&sharesiteid=10001&siteid=&type=android	烧伤	2	财产损失	电气危害	物理危害	高/低温物质危害,电气危害	高温物质危害,电气爆炸	未知	未知	未知	未知	未知	未知	未知	否	未知	未知	未知	未知	未知	未知	未知	未知	空	空	空	空	否	空	无	未知	未知	未知	未知	未知	未知	未知	未知	未知	未知	未知	未知	未知	未知	未知	未知	是	未知	是	未知	未知	未知	未知	未知	未知	未知	未知	未知	未知	未知	未知	未知	未知	未知	未知	未知	未知	未知	未知	是	未知	未知	未知	未知	无	无	无	未知	未知	未知	未知	未知	未知	未知	未知	未知	未知	未知	未知	未知	未知	未知	未知	未知	未知	未知	未知	未知	未知	未知	未知	未知	未知	未知	未知	未知	未知	未知	未知	未知	未知	未知	未知	未知	未知	未知	未知	未知	无	无	无	无	无	无	无	无	无	无	无	无	无	无	无	无	无	无	无	无	无	无	无	无
97	2021/6/25	南京新街口一电动车发生自燃 无人员受伤	中国	江苏	电动自行车	1	6月24日，南京新街口一辆停放在这里的电动车发生燃烧，波及停放在一起的另两辆电动车，所幸明火很快被扑灭，无人员受伤。	舆情	交通用具及相关产品	空	http://m.people.cn/n4/2021/0625/c1549-15061068.html	未知	0	财产损失	电气危害	物理危害	高/低温物质危害	高温物质危害	未知	未知	未知	未知	未知	未知	未知	否	未知	未知	未知	未知	未知	未知	未知	未知	空	空	空	空	否	空	无	未知	未知	未知	未知	未知	未知	未知	未知	未知	未知	未知	未知	未知	未知	未知	未知	是	未知	未知	未知	未知	未知	未知	未知	未知	未知	未知	未知	未知	未知	未知	未知	未知	未知	未知	未知	未知	未知	未知	是	未知	未知	未知	未知	无	无	无	未知	未知	未知	未知	未知	未知	未知	未知	未知	未知	未知	未知	未知	未知	未知	未知	未知	未知	未知	未知	未知	未知	未知	未知	未知	未知	未知	未知	未知	未知	未知	未知	未知	未知	未知	未知	未知	未知	未知	未知	未知	无	无	无	无	无	无	无	无	无	无	无	无	无	无	无	无	无	无	无	无	无	无	无	无
98	2021/5/29	西安交大一附院矿泉水和口罩捆绑销售: 口罩为“三无”产品	中国	陕西	口罩	1	自媒体账号“西安讯点”5月29日在新浪微博发帖称，交大一附院的门诊大厅的自动售货机里，售卖3.5元一瓶550ml的“太极之源”矿泉水，水瓶外面用胶带包有一个口罩，水的生产企业为宝鸡天海山泉饮品有限公司，此款矿泉水在网上没有相关零售价等信息，当事企业在2021年1月5日生产的相关产品因不符合食品安全标准被宝鸡市市场监督管理局处罚过。口罩正反面并没有相关生产等信息，明显为“三无”产品。	舆情	疫情相关产品	空	https://weibo.com/3151530492/KhLdz71Me?type=comment#_rnd1622424509382	未知	0	影响健康	假冒伪劣	未知	未知	未知	未知	未知	未知	未知	未知	未知	未知	否	未知	未知	未知	未知	未知	未知	未知	未知	空	空	空	空	否	空	无	未知	未知	未知	未知	未知	未知	未知	未知	未知	未知	未知	未知	未知	未知	未知	未知	未知	未知	未知	未知	未知	未知	未知	未知	未知	未知	未知	未知	未知	未知	未知	未知	未知	未知	未知	未知	未知	未知	未知	是	未知	未知	未知	未知	无	无	无	未知	未知	未知	未知	未知	未知	未知	未知	未知	未知	未知	未知	未知	未知	未知	未知	未知	未知	未知	未知	未知	未知	未知	未知	未知	未知	未知	未知	未知	未知	未知	未知	未知	未知	未知	未知	未知	未知	未知	未知	未知	无	无	无	无	无	无	无	无	无	无	无	无	无	无	无	无	无	无	无	无	无	无	无	无
99	2021/5/30	断好多次了旺旺口罩真滴不行 ​	中国	不详	口罩	1	网友“-奶橘啵啵酱白菜”5月30日在新浪微博发帖称，旺旺口罩质量差，耳挂绳经常断掉。	舆情	疫情相关产品	空	https://weibo.com/5138986897/KhR5DecWb?refer_flag=1001030103_&type=comment#_rnd1622427180907	未知	0	影响健康	假冒伪劣	未知	未知	未知	未知	未知	未知	未知	未知	未知	未知	否	未知	未知	未知	未知	未知	未知	未知	未知	空	空	空	空	否	空	无	未知	未知	未知	未知	未知	未知	未知	未知	未知	未知	未知	未知	未知	未知	未知	未知	未知	未知	未知	未知	未知	未知	未知	未知	未知	未知	未知	未知	未知	未知	未知	未知	未知	未知	未知	未知	未知	未知	未知	是	未知	未知	未知	未知	无	无	无	未知	未知	未知	未知	未知	未知	未知	未知	未知	未知	未知	未知	未知	未知	未知	未知	未知	未知	未知	未知	未知	未知	未知	未知	未知	未知	未知	未知	未知	未知	未知	未知	未知	未知	未知	未知	未知	未知	未知	未知	未知	无	无	无	无	无	无	无	无	无	无	无	无	无	无	无	无	无	无	无	无	无	无	无	无
100	2021/5/30	这不是疫情初期好口罩断货的时候买来应急的劣质口罩吗……薄得像纸一样 ​​​​	中国	不详	口罩	1	网友“别动咖啡机_ ”5月30日在新浪微博发帖称，淘宝店销售两层超薄民用口罩为劣质产品，薄得像纸一样。	舆情	疫情相关产品	空	https://weibo.com/1685784964/KhMmWpkw6?refer_flag=1001030103_&type=comment#_rnd1622427371893	未知	0	影响健康	假冒伪劣	未知	未知	未知	未知	未知	未知	未知	未知	未知	未知	否	未知	未知	未知	未知	未知	未知	未知	未知	空	空	空	空	否	空	无	未知	未知	未知	未知	未知	未知	未知	未知	未知	未知	未知	未知	未知	未知	未知	未知	未知	未知	未知	未知	未知	未知	未知	未知	未知	未知	未知	未知	未知	未知	未知	未知	未知	未知	未知	未知	未知	未知	未知	是	未知	未知	未知	未知	无	无	无	未知	未知	未知	未知	未知	未知	未知	未知	未知	未知	未知	未知	未知	未知	未知	未知	未知	未知	未知	未知	未知	未知	未知	未知	未知	未知	未知	未知	未知	未知	未知	未知	未知	未知	未知	未知	未知	未知	未知	未知	未知	无	无	无	无	无	无	无	无	无	无	无	无	无	无	无	无	无	无	无	无	无	无	无	无
101	2021/6/1	买了100个口罩 很薄 褶皱线也乱钉的	中国	不详	口罩	1	网友“我今天下班了吗”6月1日在新浪微博发帖称，买了100个口罩，很薄，褶皱线也乱钉的。	舆情	疫情相关产品	空	https://weibo.com/5842635385/Ki7iLz3JP?refer_flag=1001030103_&type=comment	未知	0	影响健康	假冒伪劣	未知	未知	未知	未知	未知	未知	未知	未知	未知	未知	否	未知	未知	未知	未知	未知	未知	未知	未知	空	空	空	空	否	空	无	未知	未知	未知	未知	未知	未知	未知	未知	未知	未知	未知	未知	未知	未知	未知	未知	未知	未知	未知	未知	未知	未知	未知	未知	未知	未知	未知	未知	未知	未知	未知	未知	未知	未知	未知	未知	未知	未知	未知	是	未知	未知	未知	未知	无	无	无	未知	未知	未知	未知	未知	未知	未知	未知	未知	未知	未知	未知	未知	未知	未知	未知	未知	未知	未知	未知	未知	未知	未知	未知	未知	未知	未知	未知	未知	未知	未知	未知	未知	未知	未知	未知	未知	未知	未知	未知	未知	无	无	无	无	无	无	无	无	无	无	无	无	无	无	无	无	无	无	无	无	无	无	无	无
102	2021/6/2	在都是人的地铁里突然口罩在你脸上缓缓的断了是什么体验	中国	不详	口罩	1	网友“七饱啦”6月2日在新浪微博发帖称，坐地铁的时候口罩绳断了。	舆情	疫情相关产品	空	https://weibo.com/6257007888/KikTBC87E?refer_flag=1001030103_&type=comment#_rnd1622700984585	未知	0	影响健康	假冒伪劣	未知	未知	未知	未知	未知	未知	未知	未知	未知	未知	否	未知	未知	未知	未知	未知	未知	未知	未知	空	空	空	空	否	空	无	未知	未知	未知	未知	未知	未知	未知	未知	未知	未知	未知	未知	未知	未知	未知	未知	未知	未知	未知	未知	未知	未知	未知	未知	未知	未知	未知	未知	未知	未知	未知	未知	未知	未知	未知	未知	未知	未知	未知	是	未知	未知	未知	未知	无	无	无	未知	未知	未知	未知	未知	未知	未知	未知	未知	未知	未知	未知	未知	未知	未知	未知	未知	未知	未知	未知	未知	未知	未知	未知	未知	未知	未知	未知	未知	未知	未知	未知	未知	未知	未知	未知	未知	未知	未知	未知	未知	无	无	无	无	无	无	无	无	无	无	无	无	无	无	无	无	无	无	无	无	无	无	无	无
103	2021/6/2	"在我快步行到地铁站的时候
口罩绳子断了"	中国	不详	口罩	1	网友“嘬一口旺仔牛奶”6月2日在新浪微博发帖称，走到地铁站的时候口罩绳断了。	舆情	疫情相关产品	空	https://weibo.com/1877941441/KikSof446?refer_flag=1001030103_&type=comment	未知	0	影响健康	假冒伪劣	未知	未知	未知	未知	未知	未知	未知	未知	未知	未知	否	未知	未知	未知	未知	未知	未知	未知	未知	空	空	空	空	否	空	无	未知	未知	未知	未知	未知	未知	未知	未知	未知	未知	未知	未知	未知	未知	未知	未知	未知	未知	未知	未知	未知	未知	未知	未知	未知	未知	未知	未知	未知	未知	未知	未知	未知	未知	未知	未知	未知	未知	未知	是	未知	未知	未知	未知	无	无	无	未知	未知	未知	未知	未知	未知	未知	未知	未知	未知	未知	未知	未知	未知	未知	未知	未知	未知	未知	未知	未知	未知	未知	未知	未知	未知	未知	未知	未知	未知	未知	未知	未知	未知	未知	未知	未知	未知	未知	未知	未知	无	无	无	无	无	无	无	无	无	无	无	无	无	无	无	无	无	无	无	无	无	无	无	无
104	2021/6/4	每一个口罩都因为绳子断掉，这个质量也是醉了	中国	不详	口罩	1	网友“aegean41258_LL”6月4日在小红书发帖称，购买的晟航口罩，耳挂绳都断了。	舆情	疫情相关产品	空	https://www.xiaohongshu.com/discovery/item/60b97637000000002103962b	未知	0	影响健康	假冒伪劣	未知	未知	未知	未知	未知	未知	未知	未知	未知	未知	否	未知	未知	未知	未知	未知	未知	未知	未知	空	空	空	空	否	空	无	未知	未知	未知	未知	未知	未知	未知	未知	未知	未知	未知	未知	未知	未知	未知	未知	未知	未知	未知	未知	未知	未知	未知	未知	未知	未知	未知	未知	未知	未知	未知	未知	未知	未知	未知	未知	未知	未知	未知	是	未知	未知	未知	未知	无	无	无	未知	未知	未知	未知	未知	未知	未知	未知	未知	未知	未知	未知	未知	未知	未知	未知	未知	未知	未知	未知	未知	未知	未知	未知	未知	未知	未知	未知	未知	未知	未知	未知	未知	未知	未知	未知	未知	未知	未知	未知	未知	无	无	无	无	无	无	无	无	无	无	无	无	无	无	无	无	无	无	无	无	无	无	无	无
105	2021/6/4	你们地铁站里面卖的口罩质量太差了吧	中国	四川	口罩	1	网友“隔壁热心王叔叔”6月4日在新浪微博发帖称，成都地铁站里面卖的口罩质量太差，口罩绳一拉就断。	舆情	疫情相关产品	空	https://weibo.com/5332169305/KiADtiYaK?refer_flag=1001030103_&type=comment#_rnd1623226199408	未知	0	影响健康	假冒伪劣	未知	未知	未知	未知	未知	未知	未知	未知	未知	未知	否	未知	未知	未知	未知	未知	未知	未知	未知	空	空	空	空	否	空	无	未知	未知	未知	未知	未知	未知	未知	未知	未知	未知	未知	未知	未知	未知	未知	未知	未知	未知	未知	未知	未知	未知	未知	未知	未知	未知	未知	未知	未知	未知	未知	未知	未知	未知	未知	未知	未知	未知	未知	是	未知	未知	未知	未知	无	无	无	未知	未知	未知	未知	未知	未知	未知	未知	未知	未知	未知	未知	未知	未知	未知	未知	未知	未知	未知	未知	未知	未知	未知	未知	未知	未知	未知	未知	未知	未知	未知	未知	未知	未知	未知	未知	未知	未知	未知	未知	未知	无	无	无	无	无	无	无	无	无	无	无	无	无	无	无	无	无	无	无	无	无	无	无	无
106	2021/6/6	疑似买到假货	中国	不详	口罩	1	网友“伊雪姐姐是好人”6月6日在黑猫投诉平台反映，在淘宝心选买的口罩没有比亚迪钢印。收到的质量很差。跟比亚迪发的口罩质量明显不一样。	舆情	疫情相关产品	空	https://tousu.sina.com.cn/complaint/view/17353528416/	未知	0	影响健康	假冒伪劣	未知	未知	未知	未知	未知	未知	未知	未知	未知	未知	否	未知	未知	未知	未知	未知	未知	未知	未知	空	空	空	空	否	空	无	未知	未知	未知	未知	未知	未知	未知	未知	未知	未知	未知	未知	未知	未知	未知	未知	未知	未知	未知	未知	未知	未知	未知	未知	未知	未知	未知	未知	未知	未知	未知	未知	未知	未知	未知	未知	未知	未知	未知	是	未知	未知	未知	未知	无	无	无	未知	未知	未知	未知	未知	未知	未知	未知	未知	未知	未知	未知	未知	未知	未知	未知	未知	未知	未知	未知	未知	未知	未知	未知	未知	未知	未知	未知	未知	未知	未知	未知	未知	未知	未知	未知	未知	未知	未知	未知	未知	无	无	无	无	无	无	无	无	无	无	无	无	无	无	无	无	无	无	无	无	无	无	无	无
107	2021/6/7	马上就要进超市但是口罩断了	中国	不详	口罩	1	网友“-宋夭零-”6月7日在新浪微博发帖称，去超市的时候口罩绳断了。	舆情	疫情相关产品	空	https://weibo.com/1340627343/Kj3kRCqHr?refer_flag=1001030103_&type=comment#_rnd1623227301192	未知	0	影响健康	假冒伪劣	未知	未知	未知	未知	未知	未知	未知	未知	未知	未知	否	未知	未知	未知	未知	未知	未知	未知	未知	空	空	空	空	否	空	无	未知	未知	未知	未知	未知	未知	未知	未知	未知	未知	未知	未知	未知	未知	未知	未知	未知	未知	未知	未知	未知	未知	未知	未知	未知	未知	未知	未知	未知	未知	未知	未知	未知	未知	未知	未知	未知	未知	未知	是	未知	未知	未知	未知	无	无	无	未知	未知	未知	未知	未知	未知	未知	未知	未知	未知	未知	未知	未知	未知	未知	未知	未知	未知	未知	未知	未知	未知	未知	未知	未知	未知	未知	未知	未知	未知	未知	未知	未知	未知	未知	未知	未知	未知	未知	未知	未知	无	无	无	无	无	无	无	无	无	无	无	无	无	无	无	无	无	无	无	无	无	无	无	无
108	2021/6/9	卖假货 掉色严重 拒不赔偿	中国	不详	口罩	1	匿名网友6月9日在黑猫投诉平台反映，购买了名创优品的口罩，掉色严重，将透明眼镜染成了黑紫色，质疑该商家自制假冒伪劣口罩。	舆情	疫情相关产品	空	https://tousu.sina.com.cn/complaint/view/17353564317/	未知	0	影响健康	假冒伪劣	未知	未知	未知	未知	未知	未知	未知	未知	未知	未知	否	未知	未知	未知	未知	未知	未知	未知	未知	空	空	空	空	否	空	无	未知	未知	未知	未知	未知	未知	未知	未知	未知	未知	未知	未知	未知	未知	未知	未知	未知	未知	未知	未知	未知	未知	未知	未知	未知	未知	未知	未知	未知	未知	未知	未知	未知	未知	未知	未知	未知	未知	未知	是	未知	未知	未知	未知	无	无	无	未知	未知	未知	未知	未知	未知	未知	未知	未知	未知	未知	未知	未知	未知	未知	未知	未知	未知	未知	未知	未知	未知	未知	未知	未知	未知	未知	未知	未知	未知	未知	未知	未知	未知	未知	未知	未知	未知	未知	未知	未知	无	无	无	无	无	无	无	无	无	无	无	无	无	无	无	无	无	无	无	无	无	无	无	无
109	2021/6/9	口罩断了，可是我还要坐地铁	中国	不详	口罩	1	网友“向日葵姑凉”6月9日在新浪微博发帖称，准备坐地铁的时候口罩绳断了。	舆情	疫情相关产品	空	https://weibo.com/2985567195/KjnDKAVic?refer_flag=1001030103_&type=comment#_rnd1623227158571	未知	0	影响健康	假冒伪劣	未知	未知	未知	未知	未知	未知	未知	未知	未知	未知	否	未知	未知	未知	未知	未知	未知	未知	未知	空	空	空	空	否	空	无	未知	未知	未知	未知	未知	未知	未知	未知	未知	未知	未知	未知	未知	未知	未知	未知	未知	未知	未知	未知	未知	未知	未知	未知	未知	未知	未知	未知	未知	未知	未知	未知	未知	未知	未知	未知	未知	未知	未知	是	未知	未知	未知	未知	无	无	无	未知	未知	未知	未知	未知	未知	未知	未知	未知	未知	未知	未知	未知	未知	未知	未知	未知	未知	未知	未知	未知	未知	未知	未知	未知	未知	未知	未知	未知	未知	未知	未知	未知	未知	未知	未知	未知	未知	未知	未知	未知	无	无	无	无	无	无	无	无	无	无	无	无	无	无	无	无	无	无	无	无	无	无	无	无
110	2021/6/13	我恨死miniso了！口罩偷工减料！ ​​​​	中国	不详	口罩	1	网友“陀螺跑跑”6月13日在新浪微博发帖称，miniso口罩偷工减料。	舆情	疫情相关产品	空	https://weibo.com/6527046658/KjWeOpnNy?type=comment	未知	0	影响健康	假冒伪劣	未知	未知	未知	未知	未知	未知	未知	未知	未知	未知	否	未知	未知	未知	未知	未知	未知	未知	未知	空	空	空	空	否	空	无	未知	未知	未知	未知	未知	未知	未知	未知	未知	未知	未知	未知	未知	未知	未知	未知	未知	未知	未知	未知	未知	未知	未知	未知	未知	未知	未知	未知	未知	未知	未知	未知	未知	未知	未知	未知	未知	未知	未知	是	未知	未知	未知	未知	无	无	无	未知	未知	未知	未知	未知	未知	未知	未知	未知	未知	未知	未知	未知	未知	未知	未知	未知	未知	未知	未知	未知	未知	未知	未知	未知	未知	未知	未知	未知	未知	未知	未知	未知	未知	未知	未知	未知	未知	未知	未知	未知	无	无	无	无	无	无	无	无	无	无	无	无	无	无	无	无	无	无	无	无	无	无	无	无
111	2021/6/13	最近这批口罩大概是假冒伪劣的吧 时不时脸就过敏了	中国	不详	口罩	1	网友“Melodyypw”6月13日在新浪微博发帖称，一天换了两个口罩，脸上出现过敏症状，质疑口罩是假冒伪劣的。	舆情	疫情相关产品	空	https://weibo.com/5013932347/Kk24pojtU?refer_flag=1001030103_&type=comment	过敏反应	2	影响健康	假冒伪劣	未知	未知	未知	未知	未知	未知	未知	未知	未知	未知	否	未知	未知	未知	未知	未知	未知	未知	未知	空	空	空	空	否	空	无	未知	未知	未知	未知	未知	未知	未知	未知	未知	未知	未知	未知	未知	未知	未知	未知	未知	未知	未知	未知	未知	未知	未知	未知	未知	未知	未知	未知	未知	未知	未知	未知	未知	未知	未知	未知	未知	未知	未知	是	未知	未知	未知	未知	无	无	无	未知	未知	未知	未知	未知	未知	未知	未知	未知	未知	未知	未知	未知	未知	未知	未知	未知	未知	未知	未知	未知	未知	未知	未知	未知	未知	未知	未知	未知	未知	未知	未知	未知	未知	未知	未知	未知	未知	未知	未知	未知	无	无	无	无	无	无	无	无	无	无	无	无	无	无	无	无	无	无	无	无	无	无	无	无
112	2021/6/14	在这家店买口罩被口罩的质量划伤了	中国	不详	口罩	1	匿名网友6月14日在黑猫投诉平台反映，在天猫allforvita旗舰店购买的口罩，佩戴中被金属鼻梁条划伤。	舆情	疫情相关产品	空	https://tousu.sina.com.cn/complaint/view/17353625646/	擦伤	1	影响健康	假冒伪劣	未知	未知	未知	未知	未知	未知	未知	未知	未知	未知	否	未知	未知	未知	未知	未知	未知	未知	未知	空	空	空	空	否	空	无	未知	未知	未知	未知	未知	未知	未知	未知	未知	未知	未知	未知	未知	未知	未知	未知	未知	未知	未知	未知	未知	未知	未知	未知	未知	未知	未知	未知	未知	未知	未知	未知	未知	未知	未知	未知	未知	未知	未知	是	未知	未知	未知	未知	无	无	无	未知	未知	未知	未知	未知	未知	未知	未知	未知	未知	未知	未知	未知	未知	未知	未知	未知	未知	未知	未知	未知	未知	未知	未知	未知	未知	未知	未知	未知	未知	未知	未知	未知	未知	未知	未知	未知	未知	未知	未知	未知	无	无	无	无	无	无	无	无	无	无	无	无	无	无	无	无	无	无	无	无	无	无	无	无
113	2021/6/14	戴三无劣质口罩过敏 闷出了一脸的红疹子	中国	不详	口罩	1	网友“钮钴禄氏小白猪”6月14日在新浪微博发帖称，戴三无劣质口罩过敏，脸上出红疹。	舆情	疫情相关产品	空	https://weibo.com/2990588053/Kk5E5jUxx?type=comment	过敏反应	2	影响健康	假冒伪劣	未知	未知	未知	未知	未知	未知	未知	未知	未知	未知	否	未知	未知	未知	未知	未知	未知	未知	未知	空	空	空	空	否	空	无	未知	未知	未知	未知	未知	未知	未知	未知	未知	未知	未知	未知	未知	未知	未知	未知	未知	未知	未知	未知	未知	未知	未知	未知	未知	未知	未知	未知	未知	未知	未知	未知	未知	未知	未知	未知	未知	未知	未知	是	未知	未知	未知	未知	无	无	无	未知	未知	未知	未知	未知	未知	未知	未知	未知	未知	未知	未知	未知	未知	未知	未知	未知	未知	未知	未知	未知	未知	未知	未知	未知	未知	未知	未知	未知	未知	未知	未知	未知	未知	未知	未知	未知	未知	未知	未知	未知	无	无	无	无	无	无	无	无	无	无	无	无	无	无	无	无	无	无	无	无	无	无	无	无
114	2021/6/15	口罩内有异物	中国	不详	口罩	1	网友“3564235412”6月15日在黑猫投诉平台反映，在天猫嘉岳旗舰店购买的口罩里有金属异物。	舆情	疫情相关产品	空	https://tousu.sina.com.cn/complaint/view/17353638263/	未知	0	影响健康	假冒伪劣	未知	未知	未知	未知	未知	未知	未知	未知	未知	未知	否	未知	未知	未知	未知	未知	未知	未知	未知	空	空	空	空	否	空	无	未知	未知	未知	未知	未知	未知	未知	未知	未知	未知	未知	未知	未知	未知	未知	未知	未知	未知	未知	未知	未知	未知	未知	未知	未知	未知	未知	未知	未知	未知	未知	未知	未知	未知	未知	未知	未知	未知	未知	是	未知	未知	未知	未知	无	无	无	未知	未知	未知	未知	未知	未知	未知	未知	未知	未知	未知	未知	未知	未知	未知	未知	未知	未知	未知	未知	未知	未知	未知	未知	未知	未知	未知	未知	未知	未知	未知	未知	未知	未知	未知	未知	未知	未知	未知	未知	未知	无	无	无	无	无	无	无	无	无	无	无	无	无	无	无	无	无	无	无	无	无	无	无	无
115	2021/6/15	一上地铁 口罩被我拉断 	中国	不详	口罩	1	网友“卡拉巴拉消灭你”6月15日在新浪微博发帖称，坐地铁的时候口罩绳断了。	舆情	疫情相关产品	空	https://weibo.com/3799935936/Kkffbll5U?refer_flag=1001030103_&type=comment	未知	0	影响健康	假冒伪劣	未知	未知	未知	未知	未知	未知	未知	未知	未知	未知	否	未知	未知	未知	未知	未知	未知	未知	未知	空	空	空	空	否	空	无	未知	未知	未知	未知	未知	未知	未知	未知	未知	未知	未知	未知	未知	未知	未知	未知	未知	未知	未知	未知	未知	未知	未知	未知	未知	未知	未知	未知	未知	未知	未知	未知	未知	未知	未知	未知	未知	未知	未知	是	未知	未知	未知	未知	无	无	无	未知	未知	未知	未知	未知	未知	未知	未知	未知	未知	未知	未知	未知	未知	未知	未知	未知	未知	未知	未知	未知	未知	未知	未知	未知	未知	未知	未知	未知	未知	未知	未知	未知	未知	未知	未知	未知	未知	未知	未知	未知	无	无	无	无	无	无	无	无	无	无	无	无	无	无	无	无	无	无	无	无	无	无	无	无
116	2021/6/16	从包里掏出口罩 挂上一个耳朵 另一根口罩绳断了	中国	不详	口罩	1	网友“你怎么还不来呀”6月16日在新浪微博发帖称，上班路上准备做公交车时，口罩绳断了。	舆情	疫情相关产品	空	https://weibo.com/5414494730/KkpeWjMyc?refer_flag=1001030103_&type=comment	未知	0	影响健康	假冒伪劣	未知	未知	未知	未知	未知	未知	未知	未知	未知	未知	否	未知	未知	未知	未知	未知	未知	未知	未知	空	空	空	空	否	空	无	未知	未知	未知	未知	未知	未知	未知	未知	未知	未知	未知	未知	未知	未知	未知	未知	未知	未知	未知	未知	未知	未知	未知	未知	未知	未知	未知	未知	未知	未知	未知	未知	未知	未知	未知	未知	未知	未知	未知	是	未知	未知	未知	未知	无	无	无	未知	未知	未知	未知	未知	未知	未知	未知	未知	未知	未知	未知	未知	未知	未知	未知	未知	未知	未知	未知	未知	未知	未知	未知	未知	未知	未知	未知	未知	未知	未知	未知	未知	未知	未知	未知	未知	未知	未知	未知	未知	无	无	无	无	无	无	无	无	无	无	无	无	无	无	无	无	无	无	无	无	无	无	无	无
117	2021/6/17	阿里健康大药房出售劣质口罩，异味特别重致人脸发红过敏！	中国	西藏	口罩	1	匿名网友6月17日在黑猫投诉平台反映，在天猫阿里健康大药房购买了可孚200支无菌医用口罩，到货使用后脸颊发红发痒过敏，真假掺合，异味特别重。无良商家虚假宣传说该口罩为医用外科无菌口罩，实际口罩质量很差很薄，根本不属于医用级别。	舆情	疫情相关产品	空	https://tousu.sina.com.cn/complaint/view/17353662254	过敏反应	2	影响健康	假冒伪劣	未知	未知	未知	未知	未知	未知	未知	未知	未知	未知	否	未知	未知	未知	未知	未知	未知	未知	未知	空	空	空	空	否	空	无	未知	未知	未知	未知	未知	未知	未知	未知	未知	未知	未知	未知	未知	未知	未知	未知	未知	未知	未知	未知	未知	未知	未知	未知	未知	未知	未知	未知	未知	未知	未知	未知	未知	未知	未知	未知	未知	未知	未知	是	未知	未知	未知	未知	无	无	无	未知	未知	未知	未知	未知	未知	未知	未知	未知	未知	未知	未知	未知	未知	未知	未知	未知	未知	未知	未知	未知	未知	未知	未知	未知	未知	未知	未知	未知	未知	未知	未知	未知	未知	未知	未知	未知	未知	未知	未知	未知	无	无	无	无	无	无	无	无	无	无	无	无	无	无	无	无	无	无	无	无	无	无	无	无
118	2021/6/19	京东商城疫情期间售卖过期的医用口罩	中国	河南	口罩	1	网友“小岛正义使者”6月19日在黑猫投诉平台反映，6月15日在京东商城下单一件口罩产品，商品名称“君霖医用外科一次性医用三层防护透气舒适成人医用外科口罩 医用外科口罩拉新优惠五十片”，订单金额9.9元，收到货后发现商品失效期写的是2021年4月28日，已经过期，联系客服没人回复。	舆情	疫情相关产品	空	https://tousu.sina.com.cn/complaint/view/17353694107	未知	0	影响健康	假冒伪劣	未知	未知	未知	未知	未知	未知	未知	未知	未知	未知	否	未知	未知	未知	未知	未知	未知	未知	未知	空	空	空	空	否	空	无	未知	未知	未知	未知	未知	未知	未知	未知	未知	未知	未知	未知	未知	未知	未知	未知	未知	未知	未知	未知	未知	未知	未知	未知	未知	未知	未知	未知	未知	未知	未知	未知	未知	未知	未知	未知	未知	未知	未知	是	未知	未知	未知	未知	无	无	无	未知	未知	未知	未知	未知	未知	未知	未知	未知	未知	未知	未知	未知	未知	未知	未知	未知	未知	未知	未知	未知	未知	未知	未知	未知	未知	未知	未知	未知	未知	未知	未知	未知	未知	未知	未知	未知	未知	未知	未知	未知	无	无	无	无	无	无	无	无	无	无	无	无	无	无	无	无	无	无	无	无	无	无	无	无
119	2021/6/19	长东生产的这个口罩质量太差，还没用侧边就开了	中国	海南	口罩	1	网友“桃李天下东方彦”6月19日在新浪微博发帖称，长东集团生产的口罩质量太差，还没用侧边压褶就开了。	舆情	疫情相关产品	空	https://weibo.com/2073871677/KkTLFEzV9?refer_flag=1001030103_&type=comment#_rnd1624415635362	未知	0	影响健康	假冒伪劣	未知	未知	未知	未知	未知	未知	未知	未知	未知	未知	否	未知	未知	未知	未知	未知	未知	未知	未知	空	空	空	空	否	空	无	未知	未知	未知	未知	未知	未知	未知	未知	未知	未知	未知	未知	未知	未知	未知	未知	未知	未知	未知	未知	未知	未知	未知	未知	未知	未知	未知	未知	未知	未知	未知	未知	未知	未知	未知	未知	未知	未知	未知	是	未知	未知	未知	未知	无	无	无	未知	未知	未知	未知	未知	未知	未知	未知	未知	未知	未知	未知	未知	未知	未知	未知	未知	未知	未知	未知	未知	未知	未知	未知	未知	未知	未知	未知	未知	未知	未知	未知	未知	未知	未知	未知	未知	未知	未知	未知	未知	无	无	无	无	无	无	无	无	无	无	无	无	无	无	无	无	无	无	无	无	无	无	无	无
120	2021/6/22	我买的口罩都是不合格的，带子老断	中国	不详	口罩	1	网友“璇转超人_qfse ”6月22日在新浪微博发帖称，其购买的口罩不合格，耳挂绳经常断。	舆情	疫情相关产品	空	https://weibo.com/6753401190/Klpx1mzYO?type=comment#_rnd1624413484876	未知	0	影响健康	假冒伪劣	未知	未知	未知	未知	未知	未知	未知	未知	未知	未知	否	未知	未知	未知	未知	未知	未知	未知	未知	空	空	空	空	否	空	无	未知	未知	未知	未知	未知	未知	未知	未知	未知	未知	未知	未知	未知	未知	未知	未知	未知	未知	未知	未知	未知	未知	未知	未知	未知	未知	未知	未知	未知	未知	未知	未知	未知	未知	未知	未知	未知	未知	未知	是	未知	未知	未知	未知	无	无	无	未知	未知	未知	未知	未知	未知	未知	未知	未知	未知	未知	未知	未知	未知	未知	未知	未知	未知	未知	未知	未知	未知	未知	未知	未知	未知	未知	未知	未知	未知	未知	未知	未知	未知	未知	未知	未知	未知	未知	未知	未知	无	无	无	无	无	无	无	无	无	无	无	无	无	无	无	无	无	无	无	无	无	无	无	无
121	2021/6/22	我之前买过一包，10个有3个断了……断了……	中国	不详	口罩	1	网友“秋天和冬天相爱了”6月22日在新浪微博发帖称，买了一包口罩，一共10个，有3个口罩绳断了。	舆情	疫情相关产品	空	https://weibo.com/2676838301/KloocBhy7?refer_flag=1001030103_&type=comment#_rnd1624416639517	未知	0	影响健康	假冒伪劣	未知	未知	未知	未知	未知	未知	未知	未知	未知	未知	否	未知	未知	未知	未知	未知	未知	未知	未知	空	空	空	空	否	空	无	未知	未知	未知	未知	未知	未知	未知	未知	未知	未知	未知	未知	未知	未知	未知	未知	未知	未知	未知	未知	未知	未知	未知	未知	未知	未知	未知	未知	未知	未知	未知	未知	未知	未知	未知	未知	未知	未知	未知	是	未知	未知	未知	未知	无	无	无	未知	未知	未知	未知	未知	未知	未知	未知	未知	未知	未知	未知	未知	未知	未知	未知	未知	未知	未知	未知	未知	未知	未知	未知	未知	未知	未知	未知	未知	未知	未知	未知	未知	未知	未知	未知	未知	未知	未知	未知	未知	无	无	无	无	无	无	无	无	无	无	无	无	无	无	无	无	无	无	无	无	无	无	无	无
122	2021/6/22	带了劣质口罩，好多丝	中国	不详	口罩	1	网友“人间娇气精”6月22日在新浪微博发帖称，口罩质量差，容易起毛。	舆情	疫情相关产品	空	https://weibo.com/5648423369/Klolq3uGM?type=comment	未知	0	影响健康	假冒伪劣	未知	未知	未知	未知	未知	未知	未知	未知	未知	未知	否	未知	未知	未知	未知	未知	未知	未知	未知	空	空	空	空	否	空	无	未知	未知	未知	未知	未知	未知	未知	未知	未知	未知	未知	未知	未知	未知	未知	未知	未知	未知	未知	未知	未知	未知	未知	未知	未知	未知	未知	未知	未知	未知	未知	未知	未知	未知	未知	未知	未知	未知	未知	是	未知	未知	未知	未知	无	无	无	未知	未知	未知	未知	未知	未知	未知	未知	未知	未知	未知	未知	未知	未知	未知	未知	未知	未知	未知	未知	未知	未知	未知	未知	未知	未知	未知	未知	未知	未知	未知	未知	未知	未知	未知	未知	未知	未知	未知	未知	未知	无	无	无	无	无	无	无	无	无	无	无	无	无	无	无	无	无	无	无	无	无	无	无	无
123	2021/6/22	简直不敢相信在smfk官方店买的口罩怎么会质量这么差	中国	不详	口罩	1	网友“Misire_ ”6月22日在新浪微博发帖称，在smfk官方店买的口罩质量差，耳挂绳总是断。	舆情	疫情相关产品	空	https://weibo.com/5238578907/KljHvkDtZ?refer_flag=1001030103_&type=comment	未知	0	影响健康	假冒伪劣	未知	未知	未知	未知	未知	未知	未知	未知	未知	未知	否	未知	未知	未知	未知	未知	未知	未知	未知	空	空	空	空	否	空	无	未知	未知	未知	未知	未知	未知	未知	未知	未知	未知	未知	未知	未知	未知	未知	未知	未知	未知	未知	未知	未知	未知	未知	未知	未知	未知	未知	未知	未知	未知	未知	未知	未知	未知	未知	未知	未知	未知	未知	是	未知	未知	未知	未知	无	无	无	未知	未知	未知	未知	未知	未知	未知	未知	未知	未知	未知	未知	未知	未知	未知	未知	未知	未知	未知	未知	未知	未知	未知	未知	未知	未知	未知	未知	未知	未知	未知	未知	未知	未知	未知	未知	未知	未知	未知	未知	未知	无	无	无	无	无	无	无	无	无	无	无	无	无	无	无	无	无	无	无	无	无	无	无	无
124	2021/6/23	全棉时代这两包口罩，一股劣质化工品味道	中国	不详	口罩	1	网友“古又古”6月23日在新浪微博发帖称，其购买的全棉时代口罩，有一股劣质化工品味道，质疑口罩有质量问题。	舆情	疫情相关产品	空	https://weibo.com/1768310161/Kltq2ADMH?type=comment	未知	0	影响健康	假冒伪劣	未知	未知	未知	未知	未知	未知	未知	未知	未知	未知	否	未知	未知	未知	未知	未知	未知	未知	未知	空	空	空	空	否	空	无	未知	未知	未知	未知	未知	未知	未知	未知	未知	未知	未知	未知	未知	未知	未知	未知	未知	未知	未知	未知	未知	未知	未知	未知	未知	未知	未知	未知	未知	未知	未知	未知	未知	未知	未知	未知	未知	未知	未知	是	未知	未知	未知	未知	无	无	无	未知	未知	未知	未知	未知	未知	未知	未知	未知	未知	未知	未知	未知	未知	未知	未知	未知	未知	未知	未知	未知	未知	未知	未知	未知	未知	未知	未知	未知	未知	未知	未知	未知	未知	未知	未知	未知	未知	未知	未知	未知	无	无	无	无	无	无	无	无	无	无	无	无	无	无	无	无	无	无	无	无	无	无	无	无
125	2021/6/23	但是接口处有点点容易断了，在坐公交车前断了真的有点社死	中国	不详	口罩	1	网友“-NZh7”6月23日在新浪微博发帖称，准备坐公交车的时候口罩绳断了。	舆情	疫情相关产品	空	https://weibo.com/5391766533/KlpZlpMAP?refer_flag=1001030103_&type=comment	未知	0	影响健康	假冒伪劣	未知	未知	未知	未知	未知	未知	未知	未知	未知	未知	否	未知	未知	未知	未知	未知	未知	未知	未知	空	空	空	空	否	空	无	未知	未知	未知	未知	未知	未知	未知	未知	未知	未知	未知	未知	未知	未知	未知	未知	未知	未知	未知	未知	未知	未知	未知	未知	未知	未知	未知	未知	未知	未知	未知	未知	未知	未知	未知	未知	未知	未知	未知	是	未知	未知	未知	未知	无	无	无	未知	未知	未知	未知	未知	未知	未知	未知	未知	未知	未知	未知	未知	未知	未知	未知	未知	未知	未知	未知	未知	未知	未知	未知	未知	未知	未知	未知	未知	未知	未知	未知	未知	未知	未知	未知	未知	未知	未知	未知	未知	无	无	无	无	无	无	无	无	无	无	无	无	无	无	无	无	无	无	无	无	无	无	无	无
