序号,事件标题,日期,链接,数据来源,投诉对象,投诉要求,投诉内容,投诉进度
1,实体店买的笔回家打开发现只有半管水 笔尖蜡封还在全新没用的产品只有半管水,2021-10-02,https://tousu.sina.com.cn/complaint/view/17355241104/,投诉,晨光文具官方微博,"更换,赔偿",实体店买的笔回家打开发现只有半管水 笔尖蜡封还在全新没用的产品只有半管水，挺无语的 商场里购买的晨光文具 厂家品控问题吧 没开封的笔只有半管水还是联名款价格不便宜，高价购买了一个残次品,处理中
2,购买的笔完全无法使用,2021-09-04,https://tousu.sina.com.cn/complaint/view/17354784369/,投诉,晨光文具官方微博,赔偿,在实体店购买的笔打开就写不出来，也没有时间去实体店更换，麻烦这种情况能不能多抓严一点，没用了的笔就不要拿出来售卖不是每个人都有时间试笔的，希望尽快受理,处理中
3,晨光官方旗舰店,2021-08-29,https://tousu.sina.com.cn/complaint/view/17354676552/,投诉,晨光文具官方微博,发货,2021.8.24日购买文具，卖家承诺48小时发货，从25号开始每日反复催促四次发货，客服皆以已经催促仓库发出为由应对，多次协商无果，至今仍未发货。表示强烈不满，要求理赔并发货,处理中
4,天猫晨光官方旗舰店拒绝开发票，打印纸破损不处理,2021-08-22,https://tousu.sina.com.cn/complaint/view/17354575908/,投诉,晨光文具官方微博,"解释,赔偿",2021年7月24日在天猫晨光官方旗舰店购买了A4打印纸，发过来包装全部是烂的，联系晨光客服，客服开始答应补发，但一直不处理，后来又说没法补发。 另外，已申请开发票，至今过去了快一个月，晨光迟迟不开发票，联系客服无果不回应，淘宝天猫客服小蜜也拒绝处理。,处理中
5,不退款 服务不到位,2021-09-01,https://tousu.sina.com.cn/complaint/view/17354732692/,投诉,湖南宏图文具有限公司,退款,2020年11月8号签合同 我们拿到机器自己做了三批不合格 到后面叫他们公司安排老实来调理或者我们把机器邮寄过去叫他们给我们调理都要我们出费用 这就不合理了 我们要求退款只退2000多 现在退是直接退不了,待分配
6,无法退款,2021-09-21,https://tousu.sina.com.cn/complaint/view/17355059236/,投诉,作业帮客户服务,退款,作业帮的学币之前误充冲多了，后来也不需要再买课了，但学币又不能退款也不能买文具，一直都没个着落，希望要么能用学币让我把文具买了，要么就让我提现吧,已回复
7,立品佳文具,2021-10-06,https://tousu.sina.com.cn/complaint/view/17355287749/,投诉,申通快递官微,"赔偿解释,快速配送,改善服务,要求物流如实反馈",10月2号到济南。一直在申通滞留，中间有打电话给平台，未果，联系商家，未果，今天一看，给退回去了。等着学习用，影响学习效率，目标计划的完成，而且因为这个事情心情受影响，备考成绩如果也受影响快递负责吗。申通快递真让人非常讨厌。,已回复
8,宁波市鄞州优迪文具有限公司人事，财务部等，恶意包容公司员工,2021-08-23,https://tousu.sina.com.cn/complaint/view/17354581120/,投诉,宁波市鄞州优迪文具有限公司,"退款,赔偿,道歉,作出处罚,改善服务",宁波市鄞州优迪文具有限公司，工作人员李作栋，恶意拖欠货款，拖欠欠款多年。其公司财务部也恶意包庇这个李作栋，包过人事联系都不帮，联系其公司投诉，其公司工作人员都是敷衍的态度,已完成
9,阳光办公文具,2021-10-04,https://tousu.sina.com.cn/complaint/view/17355266864/,投诉,拼多多客户服务,换货,我在该店购买1.84元的白色kitty笔 收到货却是粉丝kitty笔 和客服说 客服却说我还没下单之前备注的 拒绝赔偿 可本人在别家店购买都是先备注后下单 到货物品是没错的 况且我是备注几秒后下单的,处理中
10,小齐文具画材,2021-10-18,https://tousu.sina.com.cn/complaint/view/17355477416/,投诉,圆通速递,快速配送,我给派送的小哥打了好多次电话每次都关机 我连打了三天的电话 每天就打了一个每次都关机,已回复
11,纵擎办公专营店售后不负责，态度恶劣，拉黑客户,2021-09-01,https://tousu.sina.com.cn/complaint/view/17354731429/,投诉,天猫,"赔偿,道歉,作出处罚,改善服务",在纵擎办公专营店买的杜邦纸文具盒收到货后文具盒被多处严重压坏，且杜邦纸材质无法恢复，联系卖家，卖家不负责，且态度恶劣，讽刺我，最后把我拉黑,处理中
12,店铺:丽爷文具店,2021-10-17,https://tousu.sina.com.cn/complaint/view/17355461573/,投诉,拼多多客户服务,"退款,赔偿,道歉",出售虚假仿品牌笔，已经投诉给拼多多官服，并且投诉成功，证据确凿是假货，要求商家给我退款，并且按照店铺简介所写假一赔十对我进行赔偿，但商家不回复信息，并且不给我处理,处理中
13,京东次日达无法实现,2021-09-01,https://tousu.sina.com.cn/complaint/view/17354728583/,投诉,京东客服,"赔偿,改善服务,修改宣传内容",本人于8.29下午四点过下单一批文具以备开学使用，由于平台承诺18点前下单均能次日送达(部分商品23点下单也能次日达)，于是在平台下单了一批文具，下单文具皆有货，文具分成三批发货，两批从成都发，一批从贵阳发。 29日早上发现三批订单中有一批成都发出文具打包后迟迟未有物流消息，于是找了客服询问原因，客服表示会在...,已完成
14,拉人活动,2021-09-06,https://tousu.sina.com.cn/complaint/view/17354804857/,投诉,高途课堂,发货,7月18日我拉了几个人获得了文具一套，现在还没有收到货,已完成
15,德晓文具店,2021-10-11,https://tousu.sina.com.cn/complaint/view/17354823442/,投诉,蚂蚁金服客户中心,作出处罚,我出售游戏账号，骗子把我引诱到一个平台，然后骗子付钱了，后面又说被冻结了，让我给钱解封。。。我以为可解封就给了。。。,处理中
16,汕头市世宝文具有限公司,2021-09-20,https://tousu.sina.com.cn/complaint/view/17355037672/,投诉,拼多多客户服务,"退款,赔偿,退货",我在拼多多上面买了一个文件夹，到货后发现有一股异味，怀疑是有毒物质超标，让商家拿出检验报告商家没有，而且这个文件夹是个三无产品没有厂址跟生产许可，请工商管理部门严肃处理此卖家,处理中
17,精诚文具礼品批发,2021-09-10,https://tousu.sina.com.cn/complaint/view/17354883212/,投诉,阿里客服,"退款,道歉",卖家包装不严 商品缺斤短两。我分两次购买40了 每次20个 第一次到货13个 第二次到货10个,处理中
18,流星办公文具 不开发票 拖延时间,2021-09-26,https://tousu.sina.com.cn/complaint/view/17355142100/,投诉,拼多多客户服务,开发票,流星办公文具 不开发票 拖延时间 一问还说满100才开 在要求开发票就说没有发票 态度极其恶劣 摆明的偷税漏税,处理中
19,退款及运费10元,2021-10-04,https://tousu.sina.com.cn/complaint/view/17355266927/,投诉,阿里客服,"退款,道歉,作出处罚,解释,退运费10元",卖家客服不理人，收到货不退款，要求卖家退款及运费，并且中彩文具道歉，并且彩笔存在质量问题，请求核查，签收不退款,处理中
20,不派送快件且售后无人处理,2021-10-18,https://tousu.sina.com.cn/complaint/view/17355470651/,投诉,圆通速递,"赔偿解释,快速配送,要求物流如实反馈",本人10.12购买了文具用品，达到目标市后圆通延误两天不派送，联系客服后没有任何措施，之后圆通擅自把快递寄回，直接不给我送了，售后客服无人负责,已回复
21,我弟弟拿我手机充值游戏，我想退回来,2021-09-23,https://tousu.sina.com.cn/complaint/view/17355095272/,投诉,深圳凉屋游戏,退款,①元气骑士②手机应用市场下载，唯一码0_539571***，设备码9fa7dd22b17cc4840，版本号3.2.8③我弟弟偷拿我微信的钱充元气骑士，大概充了96块钱，我希望可以退回来，我还打算存钱买文具呢,处理中
22,仕用文化用品专营店买的笔质量有问题不处理，找不到官方人工客服的帮助,2021-09-15,https://tousu.sina.com.cn/complaint/view/17354960026/,投诉,拼多多客户服务,"赔偿,道歉,作出处罚,改善服务,解释",拼多多买的三个笔和五个笔芯，今天拆开第二支笔不能用写不出来字，找商家客服说时间太久不处理，找官方客服找不到人工客服，只有机器人一直在用快捷方式回答我不懂我的诉求。买的多就是想用的久一些，才第三个月就出现质量问题，严重怀疑是盗版晨光文具，要求严查晨光文具实体店的笔芯不可能只能卖三个月吧，我高中买...,处理中
23,快递损坏,2021-08-27,https://tousu.sina.com.cn/complaint/view/17354652935/,投诉,中通官方微博,赔偿,8月6号在惠州鑫新文具店购买了一批美术用具，其中有个价值18元的画板，被快递损坏。由于本人一直未使用这批美术用具，所以在8月23号的时候，拆开快递才发现，联系文具店老板，老板说他在发货前检查过快递，所以可以确定是快递途中损坏，损坏程度影响了使用。,已完成
24,抖音官方客服不处理退款，,2021-09-05,https://tousu.sina.com.cn/complaint/view/17354795206/,投诉,抖音短视频,"退款,赔偿",在抖音商城直播间任哥婴幼文具直播间买的八单文具用品，收到货漏发少发质量差，期间找商家处理，不理人，直接把我拉黑了，店铺什么都没有了，现在要求其余六件拒收强制退款，抖音官方客服不介入，就让我等，一打电话就说有其他客服联系，联系之后就会说只能商家同意才行，难道抖音官方客服就是个传话的，我现在觉得上当...,已回复
25,未成年人未经同意擅自充值大量游戏币,2021-09-02,https://tousu.sina.com.cn/complaint/view/17354745442/,投诉,迷你世界-MiniWorld,退款,未成年人没有经过家长的同意就在游戏中充值大量游戏币因为现在开学了所以想把这些钱都退回来给他买文具,已完成
26,京东物流次日达就是骗消费者的,2021-09-02,https://tousu.sina.com.cn/complaint/view/17354751275/,投诉,京东客服,"赔偿,道歉,解释",8.30号在京东商城购买的文具，加入购物车前反复确认商品送达日期为9.1号，然后付款，结果到了9.1号一查才发现商品要9.4号才能送到，当晚致电客服说是没有下发分包引起的操作失误，随后会给答复解决处理，9.2号，没有等到答复，当晚继续致电客服，结果客服说是由于订单金额过小，没办法处理，只能等订单完成送一张运费券...,已完成
27,要求得力官方旗舰店尽快开取发票,2021-09-20,https://tousu.sina.com.cn/complaint/view/17355051676/,投诉,天猫,开发票,商家发货包装不严实、漏发件，导致我收货的文具办公用品严重破损和缺失，收货第一时间与客服反映问题，客服也同意我对缺失和破损的文具申请退货和退款，我也已经把收到破烂不堪的文具申请了退货退款，缺失的我没有办法退回，商家收到退货快件后久久不通过我的退款申请，直至系统自动确认，我联系商家对我已确认收货的价...,处理中
28,淘宝商家：喵小姐的文具店,2021-09-28,https://tousu.sina.com.cn/complaint/view/17355179312/,投诉,阿里客服,退款,商家拒不承认发来的笔笔墨有问题，明明就不是黑色，还说是我拍摄问题和有色差，画波浪线的和“更有自信”的颜色分明不同，而且不是黑色，没想到黑色也分种类，我要求退款，商家说把货也退回去，却拒不承认笔墨有问题，不想着补发，而是让我把证明有问题的笔退回去，继续坑害下一个顾客吗说我举证无效，求处理谢谢,处理中
29,无良商家得力文具旗舰店,2021-09-06,https://tousu.sina.com.cn/complaint/view/17354813102/,投诉,京东客服,"退款,赔偿",9月2号下单，页面显示9月4号送达，因开学急用，期间多次催促，商家最后承认没货，没货还继续上架卖，现在还在卖，这种行为属于欺骗消费者，京东客服也不处理，明显包庇,已回复
30,T3出行虚假宣传,2021-09-22,https://tousu.sina.com.cn/complaint/view/17355065201/,投诉,T3出行官方微博,退款,2021年9月20号早上 从宏兴文具玩具批发部打车到中山大学附属第七医院 预估价格为30多 实际收费价格60 预估价格其他平台四五十 实际价格漂浮几块钱 T3出行预估价格虚假宣传 诱导消费者消费 要求退还差价 然后今天去T3出行看 为掩盖问题还修改价格为8元,已回复
31,T3出行虚假宣传,2021-09-22,https://tousu.sina.com.cn/complaint/view/17355065201/,投诉,T3出行官方微博,退款,2021年9月20号早上 从宏兴文具玩具批发部打车到中山大学附属第七医院 预估价格为30多 实际收费价格60 预估价格其他平台四五十 实际价格漂浮几块钱 T3出行预估价格虚假宣传 诱导消费者消费 要求退还差价 然后今天去T3出行看 为掩盖问题还修改价格为8元,已回复
32,阿里巴巴购物后短信显示已扣款但软件显示未付款,2021-09-11,https://tousu.sina.com.cn/complaint/view/17354892760/,投诉,阿里巴巴生意参谋,"退款,赔偿,发货",9月2日晚上11点多，我在阿里巴巴上海子盟有限公司买了92.25元的文具，付款后收到了交通银行储蓄卡发来已扣款的短信，但软件上仍然显示未付款。与商家交涉后，商家说他也没有收到付款，但是钱确实扣了，因为我第二次支付后扣的钱是在第一次剩余的钱的基础上扣的。,处理中
33,淘宝得力文具阳光店少发货，而且拒不回应。,2021-09-22,https://tousu.sina.com.cn/complaint/view/17355066052/,投诉,阿里客服,"改善服务,发货",购买了五个便利贴，但是只发了一份，第一次联系客服以已经下班为由拒不回应，第二次联系客服以中秋放假为由拒不回应，第三次再次联系就已经不再回复了，不理会不发货。事不过三，真的没有耐心了。,处理中
34,淘宝卖家“上海远航办公文具设备”,2021-08-29,https://tousu.sina.com.cn/complaint/view/17354683039/,投诉,阿里客服,"赔偿,道歉,作出处罚,改善服务",我今天上午的时候，在这里下了一个改正带的单子，下午的时候呢，我自己感觉发货有点儿慢，不想要了就退了 ，也不太了解他的发货时间到底是多少 ，然后退款原因呢，我就写的是发货慢 ，这并不代表他没有按时间发货，我也没有这个意思 ，那我让商家退款 ，人呢，又拒不退款，服务也差，但我也的确是不会，不懂得到底在哪里...,处理中
35,智汇星文具用品店漏发商品,2021-08-24,https://tousu.sina.com.cn/complaint/view/17354607703/,投诉,拼多多客户服务,"赔偿,发货",本人于8月19日购买文具网红便利贴一个底芯加三个替芯，但在8月24日收到商品时，发现只有一个替芯，希望商家予以赔偿，并且补发其他两个替芯，另外他们家的物流很慢，两天不催就不更新，希望以最快的速度补发，本人急用,处理中
36,这个商品的评价很好，但是我收到的实物非常糟糕,2021-08-31,https://tousu.sina.com.cn/complaint/view/17354713205/,投诉,拼多多客户服务,"赔偿,道歉,作出处罚",这是一件文具盲盒，商家写的是8-10件商品，我收到了六支笔。评论是清一色的好评，配的图片中的商品非常丰富美观，但是我只收到了六支非常普通的签字笔。目前该商品已经显示售罄。我也联系了客服想积极地解决此事，可能是客服不重视吧，并没有给我回应，目前该店铺也没有商品了，不知道是心虚还是怎么了。,处理中
37,无良教育机构,2021-09-16,https://tousu.sina.com.cn/complaint/view/17354985955/,投诉,学知在线,退款,388元报名，说是全包，包括考试文具，考不过可以继续免费学，直到拿到证，考试会提前通知协助报名之类的，实际上就是一些很老的录播课。而且收到的东西就是三本书，一个空白本，一本小册子，四套历年题目，也没有点读笔和文具（报名的是说有）。交钱后压根不管你怎么操作从哪里学习，而是安排另外一个人（报名时说安排专...,处理中
38,顺丰同城丢失价值2000元快件，并以未保价为由，仅赔付70元。,2021-09-28,https://tousu.sina.com.cn/complaint/view/17355170716/,投诉,顺丰同城急送,原价赔偿丢失物品价值,快件为2000元物品，因担心出现意外（监守自盗），仅用文具袋包装并填写为文具，并特意选择口碑较好、价格较高的顺丰速运邮寄。 2021年9月14日，顺丰快递员上门取件仅10余分钟后，便电话告知快递已丢失。经与快递员沟通，对方自愿赔付500元作为补偿，但因价格差距过大，已拒绝。对方提出可投诉到顺丰客服解决。 ...,已回复
39,拼多多飞跃办公文具商家发的货质量有问题，我退货不承担运费。,2021-10-09,https://tousu.sina.com.cn/complaint/view/17355330451/,投诉,拼多多客户服务,退款,商家的货品质量有问题，我要退货，商家不承担运费，说只补10元，现在商家收到货几天了，都没有承担运费。,处理中
40,自动续费当天没有提醒，当天自动扣款,2021-08-27,https://tousu.sina.com.cn/complaint/view/17354643397/,投诉,快剪辑,退款,前段时间有一个免费的快剪辑的会员需要订阅被我家孩子点到了，今天发现支付宝被自动扣了298元，我真的十分难受，这个钱本来是留给孩子上学买文具买寝室一些小用具的，当天没有给我的手机发短信说今天要自动续费快剪辑的年费年会员，一下子就扣了298我实属没有办法了，只能拜托黑猫帮帮我,已完成
41,拼多多泰安市岱岳区立建文具用品店虚假交易,2021-10-16,https://tousu.sina.com.cn/complaint/view/17355445448/,投诉,拼多多客户服务,"退款,赔偿,作出处罚","已经多次在拼多多上与商家沟通无果,连续几天要求发货.商家以各种理由搪塞.甚至做出多种承诺.最后依然拒绝发货.去拼多多多次投诉也没有结果,只好到平台投诉,希望可以做出公证判决.",处理中
42,中通快递客服不解决 快递装错车导致延误客户买单？,2021-09-16,https://tousu.sina.com.cn/complaint/view/17354970097/,投诉,中通官方微博,"赔偿解释,道歉",12号因需要购买文具，15号到达上一级中转站，本应该当天晚上到达快递点，因为中通错误发往广州，电话协商 一直问我想怎么处理，自己不给处理方法让我想办法 后客服态度恶劣赔偿6元 不接受，客服告知那他们就赔偿给卖家。 现要求中通道歉 商品补发情况下赔偿快递费3-5倍。 客服说她们不知道什么法律法规，真的棒,已完成
43,物件受损，顺丰拒不受理,2021-10-02,https://tousu.sina.com.cn/complaint/view/17355238982/,投诉,顺丰官方客服,赔偿解释,9.27日于学校门口接收顺丰快递，因为学校疫情管控，未能在校门在停留，箱子内有易碎物品，快递员并未及时提醒让顾客开箱验货。9.27-30日刚开学，一直在处理学校有关事宜，1号放假立马开箱验货，发现箱子内未做任何加固处理，文具盒放在画包内侧仍然被压烂，画架螺丝断裂，无法固定，盒内炭笔断裂。事后找顺丰客服，客服...,已回复
44,申通快递物流三天不更新，延迟送达造成个人损失，商家不作为,2021-09-20,https://tousu.sina.com.cn/complaint/view/17355050732/,投诉,申通快递官微,"退款,赔偿,道歉,作出处罚",9.15于网易考拉海购平台亦城礼品文具专营店购入一套派克钢笔套装，购买前再三确认中秋前能到货才下单，在9.18到达苏州后物流三天不更新，经店铺客服联系，说是当地网点瘫痪，无法正常派送，需要其他代派，但是不能确认是否找到快递和派送时效，本人购买的礼物计划9.21送重要的即将离开当地的人，现在货物收不到，物流联...,已回复
45,商家无授权威胁顾客，京东不处理,2021-09-28,https://tousu.sina.com.cn/complaint/view/17355176060/,投诉,京东客服,"赔偿,道歉,作出处罚",我在京东，京潮港文具专营店，给我妹妹购买了惠普计算器，一开始没有包装，我感觉很奇怪，申请退货怀疑商品为二手，商家跟我说包装就这样，不信可以去惠普官网买，我就好奇我买的就是惠普为什么要在买，我就让商家提供授权和发票，商家表示可以截止今天商家也未提供，还诋毁别人打假。无话可说，京东到现在为止就跟我联...,已回复
46,退货已经收到，但没有退款,2021-10-15,https://tousu.sina.com.cn/complaint/view/17355426917/,投诉,叽里呱啦APP官博,退款,我是21年4月23号下的单，但是使用一段时间不适合，因此要求退款，各种扣款我都答应了。把收到的文具和礼盒寄回去，退货是8月份退的，已经收到如此之久还不允许退款。。其中一个快递我拒收，快递丢失也一直不处理。。现在联系人工客服也只是说会有专员联系我。并没有用。专员也并没有联系我。。我看到很多人也正在面临这...,处理中
47,购买京东产品，打开内箱有一张扫码，领免单,2021-10-14,https://tousu.sina.com.cn/complaint/view/17355420465/,投诉,京东物流客服,取消账号与京乐购绑定,2021年10月13号，在京东购买商品，得力文具等物品，订单号225900956*** ，运单号JD0054650230***，打开内箱，发现有一张扫码免单的纸条，由于对京东的信任，自然扫码，但是发现，免单不是免该张订单，而是要我们领券0元购买垃圾袋。按要求进群后，发现是刷单群，后台返优惠券的微信群。遂举报。诱导客户，虚假优惠。...,已回复
48,叽里呱啦擅自限制用户登陆设备数量和软件使用，虚假宣传、欺骗消费者。,2021-10-15,https://tousu.sina.com.cn/complaint/view/17355427002/,投诉,叽里呱啦APP官博,"退款,改善服务,赔偿",我是21年4月23号下的单，但是使用一段时间不适合，因此要求退款，各种扣款我都答应了。把收到的文具和礼盒寄回去，退货是8月份退的，已经收到如此之久还不允许退款。。其中一个快递我拒收，快递丢失也一直不处理。。现在联系人工客服也只是说会有专员联系我。并没有用。专员也并没有联系我。。我看到很多人也正在面临这...,处理中
49,拼多多店铺名字为阳光办公文具的店铺客服威胁我并且线下,2021-10-13,https://tousu.sina.com.cn/complaint/view/17355396804/,投诉,拼多多客户服务,"赔偿,道歉,作出处罚",前几天我买了二跟笔和二十根笔芯店铺只发了两跟笔 我找他解决问题他一直发嗯 态度不好 过会儿我发起只退款不退货 他说让我必须退货不然我就违法了还发了一个我的违法截图吓我一跳 然后我很生气就跟他吵架了他举报我直接在网上威胁我还可得意真的是恶人先告状 然后他还说线下找我大学老师说我 就是直白白的威胁并且吓唬我...,处理中
50,享购雅办公文具拼购专营店商品发过来就是破损的,2021-09-18,https://tousu.sina.com.cn/complaint/view/17355015940/,投诉,京东客服,补发商品,暴力快递 买了把快递刀。手柄发过来就是坏的。要求客服补发。客服完全不处理,已回复
51,杭州东新图书文具有限公司缺货诱导退款但为他人发货,2021-09-08,https://tousu.sina.com.cn/complaint/view/17354851101/,投诉,微店,发货,本人于2021年8月15日在微店时尚书吧下单了和我朋友同款商品，当时下单后有明确问过店铺客服是否可以正常发货，客服也是明确说过可以发货后来没过几天卖家就已缺货没有理由要求我退款，让我退款我也可以理解，但是却给我朋友正常发货了 这就说不通了，按照《中华人民共和国消费者权益保护法》第四条经营者与消费者进行交...,已完成
52,拼多多旗下快团团微信小程序，一直显示资金结算不予处理,2021-09-06,https://tousu.sina.com.cn/complaint/view/17354807727/,投诉,拼多多客户服务,"退款,作出处罚,改善服务,让我提现",我主要用快团团周边和文具的，是实物产品，有两个250多以上人的微信群和一个40多人的微信群，加起来五、六百人。平时自己创建链接分享，团员自主下单购买。如果提现不了请把货款原路原数退还给大家。因为在黑猫投诉上看到太多不好的案例，所以很担心提现不出来，导致客户资金受损，希望你们也可以理解。一直无法处理我会...,处理中
53,三无产品，虚假宣传，超范围经营。病且衣服上带走血迹不排除有病毒传播的可能,2021-09-01,https://tousu.sina.com.cn/complaint/view/17354731004/,投诉,阿里客服,"退款,赔偿,道歉,作出处罚",店家标明为海澜之家到所收到货物为三无产品，实际货物与店家描述无任何关系，并且在一件货品上有血迹不排除有传染病的可能性。淘宝官方存在严重的管理漏洞，店家所注册的营业执照为文具用品店，但实际所销售的产品为服装涉嫌超范围经营。淘宝官方依然让其疯狂销售。,处理中
54,我没有输入支付密码腾讯会员就扣费了，我的钱留着买文具和书呢,2021-08-30,https://tousu.sina.com.cn/complaint/view/17354698793/,投诉,腾讯视频VIP,退款,我想退款，我的钱要急用，不知道没有输入密码腾讯会员怎么扣费的,已完成
55,浙江嘉兴文誉办公用品经营部，淘宝店铺名字浙江得力文具折扣店,2021-08-24,https://tousu.sina.com.cn/complaint/view/17354596055/,投诉,阿里客服,"赔偿,作出处罚",本人2021年8月9日在淘宝网名为浙江得力文具折扣店，下单购买了得力牌水彩笔，由中通快递发到我地址，查验后发现商品过期近一年，商品生产日期2018年10月26日，标注有效期两年。第一时间联系商家，商家一直不回复，后对此事处理态度不积极，挨打不理。我诉求执法机关严格按照《消费者权益保护法》第五十五条规定依法处理。,处理中
56,在拾光万物文具专营店买的本子漏发 客户态度冷漠 不予以处理,2021-08-23,https://tousu.sina.com.cn/complaint/view/17354581000/,投诉,拼多多客户服务,"退款,赔偿,道歉,发货",两天前已经和客服协商这件事了 拆包视频也有多次发给客户 希望能补发货或者退款 可客服却一再拖欠 逃避问题 特此本人才来此地讨个说法 虽然金额不大 但这是一个商家的态度与责任的体现 希望这种事情 能给我个合理的交代,处理中
57,拼多多客服不作为包庇无良商家，商家怡可文具小铺不诚信还污蔑消费者！！！,2021-09-29,https://tousu.sina.com.cn/complaint/view/17355194549/,投诉,拼多多客户服务,"道歉,拼多多和商家分别道歉",在拼多多平台上，非常糟糕的一次购物我下单买东西，商家缺货，电话跟我沟通，要我提交申请退货，我虽然不情愿，但还是同意退款，我提交退款申请，商家又要求我修改退款原因，不能写缺货，要我写其他原因退款，我拒绝，于是骚操作来了，商家就开始言语攻击，侮辱我并且在售后申请上污蔑我 No.1首先污蔑我，在已经发...,处理中
58,拼多多平台小博士箱包文具用品店威胁恐吓寄寿衣给顾客,2021-09-19,https://tousu.sina.com.cn/complaint/view/17355036010/,投诉,拼多多客户服务,"赔偿,道歉,作出处罚,改善服务,解释,下架产品",在拼多多平台小博士箱包文具用品店买了个书包套餐，里面的套餐配套非常不好。杯子很臭塑胶味。先找过商家沟通能不能退套餐别的东西回去。我只要书包。然后商家部分退款。商家不同意。。我就找官方客服本来是想问问能不能有别的解决办法的。官方客服直接给我退了部分款项20元。这个要求并不是我提出的。但我个人也是能接...,处理中
59,京喜京喜平台老男人文具耗材拼购专营店刷单、虚假宣传、虚假发货,2021-10-11,https://tousu.sina.com.cn/complaint/view/17355366474/,投诉,京东客服,"赔偿,道歉,作出处罚,发货,下架产品,修改宣传内容",2021年10月6日由于京东京喜发来的提醒信息广告下单购买记号笔，我是湖南省岳阳市的，现在快递已经在达州签收了，联系商家不回复，这是我在京东京喜平台第二次这种行为了，要求发货，并对虚假宣传广告希望你们平台自己凭良心取消，对我的补偿是必须的，不要京豆（希望黑猫作用一个正义平台看清楚点，你们什么时候接到此...,已回复
60,仅限今晚,2021-10-08,https://tousu.sina.com.cn/complaint/view/17355326234/,投诉,巨量引擎,作出处罚,"风上文具店经营的抖音【仅限今晚】18 支红色巨能写针管头0.5 广告宣传该产品是 “仅限今晚〞该宣传为虛假广告，应当按照 《广告法》 第五十五条发布虚假广告的，广告费用无法计算或者明显偏低的，处二十万元以上一百万元以下的罚款,此虛假宣传破坏市场公平竞争环境，同时也容易对消费者构成欺诈误导。 请工商办案工作人员...",已完成
61,商家拿走我商品,2021-09-29,https://tousu.sina.com.cn/complaint/view/17355183952/,投诉,抖音短视频,"赔偿,作出处罚,道歉",我家小孩误在抖音平台 华仔文具店 抖音账号为奥特曼卡片华仔 在本人不知情下消费了三比订单购买了12盒卡片 怀疑商家诱导消费刺激消费 表示好卡马上就出了 刺激小朋友盲目消费 多次与商家协商退货被商家拒绝霸王条款 商家表示直播间内有明确表示未成年人不能购买 但经过观察 改字样非常隐蔽 很难注意发现 无奈接受平台...,已完成
62,店名一路旺文具专营店 商家不给退货 态度极差,2021-08-11,https://tousu.sina.com.cn/complaint/view/17354398947/,投诉,拼多多客户服务,退款,东西收到墨全漏了 让客服申请退款没同意 后来申请官方介入也没用 我真的就挺无语的 我刚买东西还没到的时候 把这家我买的同款链接发给了朋友 朋友也买了同款 后来收到也后悔 我就和商家说先拿朋友的退回去 结果商家说可以又不发退货申请给我 后来发消息给客服都是回标点符号 希望可以全款退给我 再说了 商家那里怎么可能...,处理中
63,发错货后东西寄回也不承认也不退款,2021-09-10,https://tousu.sina.com.cn/complaint/view/17354883176/,投诉,京东客服,退款,我买个一个分线器，当天放在蜂巢的 然后我还没去取就有京东的人联系我说发错了，然后我也是急忙就给人家寄回去了 然后我第一次联系客服（图一）客服也是承认了这个人可以查到，是他们的人，然后说是给我处理。然后好几天都没回复，我在找了几次，都说给我处理，大概又过了几天我找他们直接给我说没收到，不知道，不是他...,已完成
64,商家没有能在预计送达时间送到货，欺骗消费者，还不允许退款,2021-09-04,https://tousu.sina.com.cn/complaint/view/17354781373/,投诉,京东客服,退款,我9月2日买了一些办公文具，订单页面预计9月4号能送达，商家很快就给了物流单号，但是物流页面显示出库，但是圆通快递没有揽收，我问商家，商家说自己的仓库爆仓了，发不出去，好，那我申请退款，结果商家拒绝了，说快递已经被快递员拉走了，但是我去问圆通客服，客服说快递单号是假的。问什么时候能有物流，商家说不知...,已完成
65,拼多多店铺校门口的文具店,2021-08-04,https://tousu.sina.com.cn/complaint/view/17354306842/,投诉,中国邮政官微,"快速配送,解释,道歉",快递本来还需要一天就到了，但是不知道为什么送到其他城市，客服一直推脱，已经持续四天都没有给出解决方法,已完成
66,资金限制6个月了，没有处理,2021-08-01,https://tousu.sina.com.cn/complaint/view/17354272445/,投诉,拼多多客户服务,限制资金,两个拼多多店铺，2月份的单货早就发了，因为物流显示问题，拼多多一直没有处理，显示虚假发货，总共我们卖书包和文具盒才几十的单，客户几个月了该处理的早就处理了，现在要退店一直显示资金限制,处理中
67,骗子商家，虚假发货，不给退款,2021-08-01,https://tousu.sina.com.cn/complaint/view/17354267409/,投诉,拼多多客户服务,"退款,赔偿,道歉,作出处罚",品牌能量文具用品店 争议发生时间 2021-07-26 消费金额17.80元 投诉问题类型 购买或使用商品时人身、财产安全受损害 投诉内容26号20点13分，我与该商家产 生矛盾，起初我选择退货退款， 并当面点出该店能量文具用品店 与另一家店天瑜文具用品是同一 个老板，但是两家店发来的商品 质量完全不一样，结果商家反咬 一口说我...,处理中
68,提米文具,2021-07-19,https://tousu.sina.com.cn/complaint/view/17354094141/,投诉,拼多多客户服务,"退款,道歉,作出处罚,改善服务",在他家买了一个笔，然后到了之后全是漏油的，然后我拍完照片就给扔了，然后他们不给我退说必须把它找回来然后给那个快递袋拍一张照片，我就又去找回来了，拍完照片他们让我给他们邮回去，因为笔里面全是漏水的，在加上邮到他们那里吗也需要一些时间，我想要直接吧钱给我退回来，就提出吧笔给销毁，然后客服也同意了，我...,处理中
69,淘宝月刊文具漏发贴纸包不处理,2021-08-04,https://tousu.sina.com.cn/complaint/view/17354315626/,投诉,阿里客服,"退款,赔偿,发货",本人在七月六日，淘宝商家月刊文具购买了两份韩国january贴纸包，在7.28发货收到后发现漏发了一份，立即与客服进行联系。从7.29-8.4在售后客服的时间段进行联系，客服均不回复。在淘宝平台进行投诉后客服也没有进行相应的处理。,处理中
70,商家不退款，打太极,2021-08-24,https://tousu.sina.com.cn/complaint/view/17354603313/,投诉,京东客服,退款,买了一个文具用品，18号买的，当时次日发货了，物流不动了三天，我每天发信息给商家，商家只会隔几个小时回我一句催一下，我等昨天实在等不了了，打电话给物流，邮政告诉我那边根本没有把货物给他们，那我就申请退款，告诉我退不了，因为发货了…..我要求退款让他们自己把东西召回，连他们金华市都没出的了，告诉我不能...,已完成
71,商家不退款，打太极,2021-08-24,https://tousu.sina.com.cn/complaint/view/17354603313/,投诉,京东客服,退款,买了一个文具用品，18号买的，当时次日发货了，物流不动了三天，我每天发信息给商家，商家只会隔几个小时回我一句催一下，我等昨天实在等不了了，打电话给物流，邮政告诉我那边根本没有把货物给他们，那我就申请退款，告诉我退不了，因为发货了…..我要求退款让他们自己把东西召回，连他们金华市都没出的了，告诉我不能...,已完成
72,商家不理人，不给退款,2021-08-24,https://tousu.sina.com.cn/complaint/view/17354601406/,投诉,京东客服,退款,买了一个文具用品，18号买的，当时次日发货了，物流不动了三天，我每天发信息给商家，商家只会隔几个小时回我一句催一下，我等昨天实在等不了了，打电话给物流，邮政告诉我那边根本没有把货物给他们，那我就申请退款，告诉我退不了，因为发货了…..我要求退款让他们自己把东西召回，连他们金华市都没出的了，告诉我不能...,已回复
73,广州市荔湾区盈协文具行超过81天不发货,2021-08-08,https://tousu.sina.com.cn/complaint/view/17354357665/,投诉,阿里客服,"赔偿,道歉,作出处罚,改善服务,解释,发货",5月19日在商家购买多支笔芯，卖家承诺48小时内发货未发货，卖家5月23日承诺5月24日发货未发货，6月2日联系，卖家回复还未发货，6月26日卖家承诺当晚发货，未发货，7月30日发消息问何时发货，什么原因不发货，发现消息已读，客服却未回复，对客服态度强烈不满，并要求理赔，道歉，解释说明，要求严格处理,处理中
74,用抖音的新人优惠券买东西 发现下单有误后马上申请退款 已退款但优惠券没有返还,2021-08-09,https://tousu.sina.com.cn/complaint/view/17354378428/,投诉,抖音短视频,赔偿,在抖音麻力麻力文具的橱窗使用新人10元优惠券但当天退款了，但是优惠券属于已使用，未享受到新人优惠，希望改进退回。用抖音的新人优惠券买东西 后来发现下单下错了 就申请退款 他给我退款了 但是优惠券没有返还 我无法继续使用 可是我退款了啊 也没有给我发货 为什么要吞了我的优惠券 优惠券属于个人权益 应该返还,已完成
75,商家不回复,2021-08-20,https://tousu.sina.com.cn/complaint/view/17354547547/,投诉,拼多多客户服务,"退款,赔偿,道歉,作出处罚,改善服务,修改宣传内容,补发赠品",发消息商家一直不回复显示已读也一直是机器人在回复，商家回复也就在敷衍了事答非所问，一直在重复那几句话。物流也都一天了还停在原地没有动。刚开始我是看了评论觉得很好才买的，然后这家店的销量也在不断上升，现在我翻最新的评论就和那些评论完全不同了，感觉那些好评全是刷出来。看了评论区后我就问商家评论区说的...,处理中
76,美团充电宝当日就已经归还，但是三日后深夜莫名被扣款99元，涉嫌欺诈用户,2021-08-08,https://tousu.sina.com.cn/complaint/view/17354357611/,投诉,美团网客服小美,"退款,道歉",本人8.4号1903分在北京三块科技有限公司旗下的美团共享充电宝门店永莲超市租借了一台充电宝。本人于当日晚快2000左右多在千龙复印文具店就应该归还充电宝。但是三日后的8.8号凌晨一点多手机显示充电宝顶额租借，并且归还地点为依旧为永莲超市，默认为消费者已经购买了充电宝，并扣了本人账户99元。涉嫌欺诈消费者,已完成
77,京东自营虚假宣传，不守信用,2021-09-03,https://tousu.sina.com.cn/complaint/view/17354763549/,投诉,京东客服,"赔偿,道歉,作出处罚,改善服务",开学季，给孩子买文具，因急用，9月2日选择在京东自营得力旗舰店采购，因为显示第二天（9月3日）能收到货，就下单了。结果预约收货当天显示9月5日才能收到货，严重耽误的孩子正常使用。然后给客服打电话询问，回答说购买页面显示的是预计收货时间，要操作下一步，就会显示具体收货时间，没有承认自己有问题，就让我等，...,已完成
78,客服不回消息,2021-08-20,https://tousu.sina.com.cn/complaint/view/17354547804/,投诉,拼多多客户服务,"退款,赔偿,道歉,作出处罚,改善服务,补发赠品",发消息商家一直不回复显示已读也一直是机器人在回复，商家回复也就在敷衍了事答非所问，一直在重复那几句话。物流也都一天了还停在原地没有动。刚开始我是看了评论觉得很好才买的，然后这家店的销量也在不断上升，现在我翻最新的评论就和那些评论完全不同了，感觉那些好评全是刷出来。看了评论区后我就问商家评论区说的...,处理中
79,淘宝以跳跳鱼文具为主等多家淘宝店铺用我个人信息刷单，投诉淘宝客服，并没有处理问。,2021-08-14,https://tousu.sina.com.cn/complaint/view/17354448805/,投诉,阿里客服,"赔偿,作出处罚",于2021年7月17日开始，我的个人信息被淘宝店铺以跳跳鱼文具为主等多家店铺用代买的方式刷单，我一开始不知道，我也是这几天无意间发现，然后前后找淘宝客服介入投诉反映了3次，仍没有给我解决问题，反而对方更加的猖狂刷单。他们是分开下单，然后再用以下几个申通快递单号实行假物流发货，共计有申通快递39单写的我公司...,处理中
80,拼多多“联新文具店”不给予正品报告,2021-07-24,https://tousu.sina.com.cn/complaint/view/17354161453/,投诉,拼多多客户服务,"赔偿,道歉",笔收到了我怀疑是盗版，商家不给我正品报告 并且我已经把和正品对比的照片发给商家了 他不认,处理中
81,云鸟科技有限公司名下的驿路星辰北京科技有限公司 圈钱骗钱,2021-10-14,https://tousu.sina.com.cn/complaint/view/17355413136/,投诉,云鸟科技,退费,2021年9月28日在58同城上找到驿路星辰北京科技有限公司 在其公司招聘货运司机职位，于9月29日跟其公司一名姓温的职员 在其公司位于浙江省温州市瓯海区全球商品贸易港2幢15楼B区1505室进行面试。面试过程中对方姓温的工作人员跟我介绍了工作内容。主要的工作内容是负责运送文具这类的货物，然后说要在其公司任职的话需要...,已回复
82,满帆办公文具企业店,2021-07-19,https://tousu.sina.com.cn/complaint/view/17354082277/,投诉,淘特官博,发货,于7.7日在该店铺购买了笔记本，商家在快递丢件的情况下，不主动联系客户，直到即将收货，我发现之后，店家要求我退款重拍，我不接受该诉求，商家也没有给我解决的方案。,处理中
83,未成年充值贵平台以实名认证为借口推脱退款,2021-09-27,https://tousu.sina.com.cn/complaint/view/17355152266/,投诉,HeyTap官方微博,"退款,解释,道歉",根据《民法典》相关规定，不满8周岁的未成年人为无民事行为能力人，所实施的民事法律行为统统无效。8至18周岁的未成年人为限制民事行为能力人，所实施的民事法律行为经过父母追认、同意才有效，但是可以独立实施纯获利益的民事法律行为或者与其年龄、智力相适应的民事法律行为。比如，10岁的孩子可以收压岁钱，自己购买...,已回复
84,商家恶意拒签，不予退款！！！,2021-09-23,https://tousu.sina.com.cn/complaint/view/17355085078/,投诉,阿里客服,退款,本人于淘宝“小男孩文具店AUG”购买了一款儿童书包，在享受七天无理由退货时，遭到商家恶意拒退，商家在未开袋验货的情况下直接拒签，也未主动告知我相关情况，而是直接拒绝退款申请。对此，我无法接受，我认为商家不验实物即拒收的行为就是强买强卖，严重损害我的消费者权益。在我主动找到商家沟通时，商家一口咬定书包被...,处理中
85,童心筑梦文具 打着正品幌子卖假货,2021-07-19,https://tousu.sina.com.cn/complaint/view/17354082094/,投诉,拼多多客户服务,"退款,赔偿,道歉,作出处罚",下单之前问过是否正品商家回答嗯嗯 收到盲盒 卡片有问题折横 番茄妹 鼻子上有白色线 衣服全是线头 衣服番茄花纹尺寸都不对找商家后不承认是假货后续又言语讽刺 pxx买正品 正品盲盒70多 我们可没承认是正版 商品界面写着盲盒正品 打着正品盲盒的幌子卖假货盲盒 言语讽刺,处理中
86,报的营养师，交完钱就不理我了，打电话让退钱也不接,2021-08-13,https://tousu.sina.com.cn/complaint/view/17354433890/,投诉,在线网校教育兴职,退款,报考的营养师，交钱之前说的很好听，有专门的老师，有线上直播课，线下配送教材。教材至今未收到，线上直播课一直没有，而且课程非本人开通。是他们开的。去找跟我联系的王老师作文，一直说发货了，发了三次了，像他问订单号，迟迟未给，最后给了一个好久之前的。申请退款，刚开始答应要退，后又让我自己去找班主任(推荐...,已回复
87,淘宝东升文具店虚假宣传虚假发货欺骗消费者,2021-07-25,https://tousu.sina.com.cn/complaint/view/17354176038/,投诉,阿里客服,"赔偿,道歉,作出处罚,发货,修改宣传内容",4月8日淘宝东升文具店购买一个笔袋，页面宣传预计5.6月份到货，约定7月7日前发货，至今没有收到货品，投诉后商家在平台上发出虚假发货信息，等了10多天未受到货品查物流公司反馈商家未发货。再次向淘宝投诉2次21日和22日分别表示2天和24小时回复结果，今天25日，淘宝客服仍然没人回复。再次投诉客服还让等2天，问怎么投...,处理中
88,下单前和下单后发货前多次确认，收到之后货不对板,2021-08-04,https://tousu.sina.com.cn/complaint/view/17354313574/,投诉,阿里客服,"退款,赔偿,道歉,作出处罚",在淘宝文博办公文具母舰店下单16个资料夹，下单前和客服确认是40页侧入的，包括下单后也有确认，客服多次表示是40页侧入的，今天收到货，实际发来的是60页的，再次联系客服回复说没有40页的，标题错了，当时忙没核实清楚，现在让拒收退货，快递放在快递柜的，我都取出来了，怎么拒收联系客服就说太忙没核实清楚，当时...,处理中
89,拼多多得力旗舰店卖高仿假货,2021-08-03,https://tousu.sina.com.cn/complaint/view/17354292590/,投诉,得力,"解释,赔偿",前几天在拼多多得力文具官方旗舰店购买得力19380型号口罩，因为前期有在淘宝旗舰店买过感觉质量还不错，看拼多多便宜一些就在拼多多买了。结果到货以后发现包装明显没有淘宝的好，而且内包装与拼多多店铺挂的宣传照片不一样，包装有明显色差，隔离病毒细菌文字变成预防细菌。包装内口罩比淘宝买的薄很多，而且制作工艺不...,已完成
90,淘宝鲁信文具店铺复印纸质量问题退货纠纷,2021-07-25,https://tousu.sina.com.cn/complaint/view/17354176364/,投诉,阿里客服,退款,5月份在淘宝鲁信文具店购买了5包一件的A4复印纸3件，买回来后发现这纸和卖家店铺介绍的完全不一样，店铺介绍是500张一包实际上只有400张一包，经我们本地公安局用了7包后发现卡纸、纸张较黑、有特殊气味等严重质量问题，然后以质量问题申请退8包在退货申请时已经说明了质量问题卖家承担退货运费。卖家默认达成了退货协议...,处理中
91,淘宝鲁信文具店铺复印纸质量问题退货纠纷,2021-07-25,https://tousu.sina.com.cn/complaint/view/17354176364/,投诉,阿里客服,退款,5月份在淘宝鲁信文具店购买了5包一件的A4复印纸3件，买回来后发现这纸和卖家店铺介绍的完全不一样，店铺介绍是500张一包实际上只有400张一包，经我们本地公安局用了7包后发现卡纸、纸张较黑、有特殊气味等严重质量问题，然后以质量问题申请退8包在退货申请时已经说明了质量问题卖家承担退货运费。卖家默认达成了退货协议...,处理中
92,京东物流拒不配送,2021-10-17,https://tousu.sina.com.cn/complaint/view/17355461800/,投诉,京东客服,"退款,赔偿,道歉,作出处罚,改善服务,解释,发货",本人于10月14日早晨8点9分在京东的国誉文具京东自营官 方旗舰店购买了B4规格的国誉• 一米欣纯活页本，京东物流 保证的配送时间是10月14日19点送达，到今天10月17号16 时为止，仍1日未收到配送信息，已【严重超出京准达保证的 快递时效】。且与京东线上人工客服、京东商城客服、京东 消费者权益热线客服均有沟通。客服表...,已回复
93,乱扣费,2021-09-22,https://tousu.sina.com.cn/complaint/view/17355067970/,投诉,友缘在线,退款,北京友缘在线网络科技股份公司存在不正当欺诈消费者，通过免费领取该软件三天体验会员，诱导消费者签订支付宝自动扣款，随后通过APP弹射窗口，一触碰就会自动扣款，牵连的受害用户较多，各种搜索引擎都能搜索到关于友缘在线公司欺诈消费者的信息，此类公司在各大主流软件投放APP广告，诱骗消费者下载，望对该公司进行审...,已回复
94,百词斩虚假宣传，自相矛盾,2021-07-22,https://tousu.sina.com.cn/complaint/view/17354134997/,投诉,百词斩,"退款,解释,赔偿",该「高考800词暑期突击班」购买后应该拥有「学习提醒」服务，但是并没有做到，（该服务在购买前的页面有提及） 2⃣️同问题一的界面内说到「配套词书」、「语法导图」、「原创教辅」、「文具礼包」是赠送的，在退款时却计为收费项目（人民币一百五十五元）。不符合购买前协议。 课时不足的问题只说会「马上整改」，也没有...,已完成
95,广州欧色化妆品贸易有限公司,2021-07-20,https://tousu.sina.com.cn/complaint/view/17354110154/,投诉,阿里客服,"退款,赔偿,道歉,作出处罚,下架产品",21年7月8日，阿里巴巴平台购买了四种文具（三盒可奇笔，其中每盒48支，24个修正带），卖家只发了其中24个修正带，其余的货未发，拒绝承认圆通快递派送的重量如图0.8kg，收到的修正带不含外包装重量为0.632kg，显然其他的未发，阿里客服不顾事实情况，草率处理，误判我未收到全部货物的事实，伤害了本人的的利益，如不...,处理中
96,淘宝有道教育官方旗舰店拖延时间不发货，投诉催促后也不邮寄应有的文具和资料,2021-07-16,https://tousu.sina.com.cn/complaint/view/17354044729/,投诉,网易有道,"解释,发货,补发赠品",7月7号购买课程，四五天还不发货之后就每天催客服客服的回答，但今天已经9天，每天都是在推皮球都在说等待反馈，但是每天都还是一样的答复，故意不发货拖延时间，客服也不知道在牛什么，客户催出发货的时候客服不是想发货，而是要延长收货时间。拖着不发货.问客服永远都是糊弄回答真的故意气人，发完了还撤回，耗着时间...,已完成
97,商家售卖三无产品,2021-07-09,https://tousu.sina.com.cn/complaint/view/17353953432/,投诉,抖音短视频,"退款,赔偿,解释,作出处罚",我在抖音短视频平台上购买的这个文具盒，到货发现之后是三无产品，没有任何的标签，商家态度恶劣，而且商家销售或生产三无产品不符合国家产品质量法的规定，也严重侵犯了消费者权益应按照消费者权益保护法第55条退一赔三不足500按照500计算处理,已完成
98,向日葵妈妈公众号承诺赠品逾期一个多月未发货，且客服始终无应答,2021-07-14,https://tousu.sina.com.cn/complaint/view/17354016307/,投诉,向日葵妈妈官方微博,"作出处罚,改善服务,发货,补发赠品",6月2日在向日葵妈妈公众号购买“叫叫阅读学院”课程，当时购买页面承诺赠品为文具大礼包，且15日内发货。未收到货，反复联系公众号客服，一直为自动回复答非所问，转人工客服也无人回复。6月底人工客服终于说话了，承诺7月初发货，也未收到货，7月13日起再次联系公众号客服，又不答复了。要求立即补发赠品或退款99元，并改...,已完成
99,商品质量太差,2021-06-28,https://tousu.sina.com.cn/complaint/view/17353805565/,投诉,得力,"赔偿,道歉,作出处罚",178一套文具用品 买了三套送小朋友的礼物 结果发过来三个盒子全是坏的 这个怎么送人呢 还说赔个10元作为补贴 我就想问一下 本身180一套的文具就满贵的 也是买个盒子来送送人 盒子坏了就这个态度 那怎么送人,已完成
100,百词斩虚假宣传，自相矛盾,2021-07-22,https://tousu.sina.com.cn/complaint/view/17354134574/,投诉,百词斩,"退款,解释,赔偿",关于百词斩的几点问题 1⃣️该「高考800词暑期突击班」购买后应该拥有「学习提醒」服务，但是并没有做到，（该服务在购买前的页面有提及） 2⃣️同问题一的界面内说到「配套词书」、「语法导图」、「原创教辅」、「文具礼包」是赠送的，在退款时却计为收费项目（人民币一百五十五元）。不符合购买前协议。 3⃣️专属助教中还有...,已完成
101,百词斩虚假宣传，自相矛盾,2021-07-22,https://tousu.sina.com.cn/complaint/view/17354135296/,投诉,百词斩,"退款,解释,赔偿",关于百词斩的几点问题 1⃣️该「高考800词暑期突击班」购买后应该拥有「学习提醒」服务，但是并没有做到，（该服务在购买前的页面有提及） 2⃣️同问题一的界面内说到「配套词书」、「语法导图」、「原创教辅」、「文具礼包」是赠送的，在退款时却计为收费项目（人民币一百五十五元）。不符合购买前协议。 3⃣️专属助教中还有...,已完成
102,要求百词斩依法退款，道歉，整改。,2021-07-22,https://tousu.sina.com.cn/complaint/view/17354134206/,投诉,百词斩,"退款,解释,赔偿",关于百词斩的几点问题 1⃣️该「高考800词暑期突击班」购买后应该拥有「学习提醒」服务，但是并没有做到，（该服务在购买前的页面有提及） 2⃣️同问题一的界面内说到「配套词书」、「语法导图」、「原创教辅」、「文具礼包」是赠送的，在退款时却计为收费项目（人民币一百五十五元）。不符合购买前协议。 3⃣️专属助教中还有...,已完成
103,百词斩虚假宣传，自相矛盾,2021-07-22,https://tousu.sina.com.cn/complaint/view/17354134397/,投诉,百词斩,"退款,解释,赔偿",关于百词斩的几点问题 1⃣️该「高考800词暑期突击班」购买后应该拥有「学习提醒」服务，但是并没有做到，（该服务在购买前的页面有提及） 2⃣️同问题一的界面内说到「配套词书」、「语法导图」、「原创教辅」、「文具礼包」是赠送的，在退款时却计为收费项目（人民币一百五十五元）。不符合购买前协议。 3⃣️专属助教中还有...,已完成
104,京东京喜授权无良商家招商骗钱,2021-08-31,https://tousu.sina.com.cn/complaint/view/17354703913/,投诉,京东客服,"退款,赔偿",2020年7月4日，京东京喜授权无良商家(武汉淘京联合网络科技有限公司)在长沙市岳麓区步步高福朋喜来登大酒店会议室举成京东京喜招商选品会。前面的大数据分析及行业分析，京东京喜与微信里的购物接口挂钩，京东京喜以后的流量会很大，武汉淘京联合网络科技有限公司是京东京喜入住服务商，邀请我公司长沙市雨花区全程办公...,已回复
105,东洪文具专营店发错地址单号重复不给予更改一直在敷衍了事,2021-07-07,https://tousu.sina.com.cn/complaint/view/17353921127/,投诉,拼多多客户服务,"退款,赔偿,解释",我在拼多多上买了个表带，半个月不发货就算了，现在发货了，还发错地方，单号还是重复的，现在我快件收不到，找商家重新派送，商家一直等等在敷衍，打电话给圆通他们说必须商家更改，现在我要退款也不给退。,处理中
106,百词斩虚假宣传，自相矛盾,2021-07-22,https://tousu.sina.com.cn/complaint/view/17354134892/,投诉,百词斩,"退款,解释,赔偿",关于百词斩的几点问题 1⃣️该「高考800词暑期突击班」购买后应该拥有「学习提醒」服务，但是并没有做到，（该服务在购买前的页面有提及） 2⃣️同问题一的界面内说到「配套词书」、「语法导图」、「原创教辅」、「文具礼包」是赠送的，在退款时却计为收费项目（人民币一百五十五元）。不符合购买前协议。 3⃣️专属助教中还有...,已完成
107,百词斩虚假宣传，自相矛盾,2021-07-22,https://tousu.sina.com.cn/complaint/view/17354134824/,投诉,百词斩,"退款,解释,赔偿",关于百词斩的几点问题 1⃣️该「高考800词暑期突击班」购买后应该拥有「学习提醒」服务，但是并没有做到，（该服务在购买前的页面有提及） 2⃣️同问题一的界面内说到「配套词书」、「语法导图」、「原创教辅」、「文具礼包」是赠送的，在退款时却计为收费项目（人民币一百五十五元）。不符合购买前协议。 3⃣️专属助教中还有...,已完成
108,百词斩虚假宣传，自相矛盾,2021-07-22,https://tousu.sina.com.cn/complaint/view/17354135115/,投诉,百词斩,"退款,解释,赔偿",关于百词斩的几点问题 1⃣️该「高考800词暑期突击班」购买后应该拥有「学习提醒」服务，但是并没有做到，（该服务在购买前的页面有提及） 2⃣️同问题一的界面内说到「配套词书」、「语法导图」、「原创教辅」、「文具礼包」是赠送的，在退款时却计为收费项目（人民币一百五十五元）。不符合购买前协议。 3⃣️专属助教中还有...,已完成
109,拼多多商家欺诈发货不予赔偿，多次联系官方客服未解决,2021-06-30,https://tousu.sina.com.cn/complaint/view/17353837726/,投诉,拼多多客户服务,"赔偿,作出处罚,改善服务",我在拼多多锋昊文具专营店购买了手机电池，看到商品描述的也是手机电池，但是收到的货却是垃圾袋，商品与描述完全不符。联系商家没人回复。多次向官方客服投诉，得到的答复都是不予赔偿，无视平台规则。我希望能积极尽快给我处理这件事，严肃处理这样的商家,处理中
110,百词斩虚假宣传，自相矛盾,2021-07-22,https://tousu.sina.com.cn/complaint/view/17354134866/,投诉,百词斩,"退款,解释,赔偿",关于百词斩的几点问题 1⃣️该「高考800词暑期突击班」购买后应该拥有「学习提醒」服务，但是并没有做到，（该服务在购买前的页面有提及） 2⃣️同问题一的界面内说到「配套词书」、「语法导图」、「原创教辅」、「文具礼包」是赠送的，在退款时却计为收费项目（人民币一百五十五元）。不符合购买前协议。 3⃣️专属助教中还有...,已完成
111,坑人的小程序一番赏抽奖，四十多次一个娃娃都没有，需要退款！,2021-06-28,https://tousu.sina.com.cn/complaint/view/17353800863/,投诉,潮玩族官方,退款,抽了四十多次的抽赏，全是订书机、盲盒笔、笔，连一个普通的娃娃都没有。每次抽奖价格为19.9，中间有优惠券等，所以价格不一。特别坑人，四十多次没有一个娃娃，可以提供全部的抽奖证明。一次19.9抽赏，东西5块钱购物金回收，一次又一次引诱消费者入圈套，一次次圈钱。肯定存在暗箱操作，很多人抽一次就抽中了最好的东西...,处理中
112,鲸品小班主修课G1-G2 语文课要求退班,2021-07-07,https://tousu.sina.com.cn/complaint/view/17353930626/,投诉,鲸鱼外教培优,"改善服务,延长服务",鲸鱼小班提供的外教一对二课程，开课前授课顾问表示如有课堂纪律问题严重影响上课，首次警告，第二次需强制退班，并赔偿对方损失。在2021年6月16日我方第二次提出同伴课堂纪律问题，严重影响课堂进度，影响学习效果并提出退班申请。鲸鱼小班经过质检，表示对方确实严重影响课堂进度，但是我方有些小动作，比如拉衣服，玩...,已完成
113,要求西西弗书店闵行龙湖天街店直接退本人储值卡内余额,2021-06-27,https://tousu.sina.com.cn/complaint/view/17353792134/,投诉,西西弗书店闵行龙湖天街,退款,6月13日于书店内充值1000获得储值卡一张及赠品文具套装一个，当日使用卡内金额消费一册儿童图书，店员当时并未开具储值卡充值相应发票，也未告知今后若要退储值卡内金额需要退还赠品等事宜，也未提供相应协议章程给本人查看，6月26日到店要求退储值卡内余额，店员要求退还赠品，本人认为该要求不合理，店员在之前并未起...,待分配
114,花199买的文具用1次就坏了，到现在没处理,2021-06-19,https://tousu.sina.com.cn/complaint/view/17353689875/,投诉,阿里客服,"赔偿,道歉,作出处罚,改善服务,解释",在天猫店铺天文旗舰店花199购买的文具，里面的电动橡皮擦，用一次就坏了，说补发的到现在没收到，质量问题，退换要求我这边付运费，还说到付会拒收，买的时候保质保量说的很好，收到货了，售前回复的很快，有问题说转售后，结果售后半个小时不理人，还要求我付运费邮寄回去，,处理中
115,淘宝“星光文具自营店”商品虚假宣传，售后无人处理,2021-06-17,https://tousu.sina.com.cn/complaint/view/17353672705/,投诉,阿里客服,"退款,赔偿,道歉,作出处罚,赔偿运费",于淘宝卖家，名“星光文具自营店”购买消字灵，买前询问可以消除字迹、印章等。买后试用过，发现虚假宣传没有任何用处，要求退款，卖家置之不理。以一次性用品为由，不予退款，不赔偿运费。希望赔偿我的损失。,处理中
116,晨光文具中实物福袋发放奖励不一致,2021-06-21,https://tousu.sina.com.cn/complaint/view/17353716377/,投诉,巨量引擎,"赔偿,解释",中的福袋当时承诺的和收到的不一致，只是收到其中一件商品,已回复
117,商家开票错误 拒不处理,2021-06-15,https://tousu.sina.com.cn/complaint/view/17353644673/,投诉,拼多多客户服务,开发票,5月24号，在拼多多一家叫俊俊文具小屋店买了文具，当时问了能不能开发票，他说可以。最终开的发票没有收款人和复核人，因为少这两样无法报销，我要求是换开。商家让我提供收款人和复核人收款人和复核人应该由商家填写吧之后一周客服不回话。拼多多官方客服找了两个专员给我回电，让我我找商家所在地的税务部门...,处理中
118,在京东买的文具，拿到了全都散开了,2021-06-09,https://tousu.sina.com.cn/complaint/view/17353564612/,投诉,京东客服,"道歉,作出处罚,改善服务",在得力官方买的文具，拿到之后拆开全都散开了，现在京东快递都这么差了吗，需要道歉，改善服务,已完成
119,产品详情里挂上了满额返券活动，但是不参加此活动,2021-06-06,https://tousu.sina.com.cn/complaint/view/17353527508/,投诉,京东客服,"道歉,改善服务,解释,恢复优惠券,补发赠品",下单一个航世键盘，59元，提前跟客户沟通，现在下单有什么活动，客服回复，现在下单送键盘膜。我说是不是还有一个满额返券的活动，6.1-6.30期间购买自营文具等产品并确认收货，订单实付金额达到30元，返自营文具配件优惠券。客服连去看一眼都不看，说没有，我说你们这个产品下边挂着这个活动，为什么没有呢，客服说让我...,已完成
120,拼多多平台通过多多赚大钱VIP免单特权扣除我在集美创意文具店所购买商品的退款,2021-06-10,https://tousu.sina.com.cn/complaint/view/17353575408/,投诉,拼多多客户服务,"退款,赔偿,道歉,作出处罚",因我在集美创意文具店所购买的商品一直未送达，快递还被退回，与商家协商后决定退款，结果我查看退款详情显示退款金额9.54元被拼多多的多多赚大钱VIP免单特权扣除，可是我实际支付了9.54元，为什么要扣除我的退款呢,处理中
121,拼多多平台通过多多赚大钱VIP免单特权扣除我在集美创意文具店所购买商品的退款,2021-06-10,https://tousu.sina.com.cn/complaint/view/17353575408/,投诉,拼多多客户服务,"退款,赔偿,道歉,作出处罚",因我在集美创意文具店所购买的商品一直未送达，快递还被退回，与商家协商后决定退款，结果我查看退款详情显示退款金额9.54元被拼多多的多多赚大钱VIP免单特权扣除，可是我实际支付了9.54元，为什么要扣除我的退款呢,处理中
122,邮政快递假借疫情不派送快递,2021-06-17,https://tousu.sina.com.cn/complaint/view/17353666446/,投诉,中国邮政官微,"赔偿解释,快速配送,改善服务,道歉",本人于6月9日在淘宝上下单购买一批文具，商家6月10号发货，物流机构为邮政快递，物流进度显示6月14号早上已经到达我家归属的广州昌岗揽投站，但至今6月17号都不派送，询问多次反馈疫情交通管制，但是可笑的是除了邮政其他物流一概是正常寄送快件，我家所在街道也从来不属于风险区域，请问邮政是直接把广州全部的物流全部...,已回复
123,美汁源果汁扫码中奖了商店不给兑换,2021-06-06,https://tousu.sina.com.cn/complaint/view/17353529458/,投诉,美汁源饮料,"退款,解释,改善服务,赔偿",6月6日在爱好文具买了3瓶美汁源果汁 其中2瓶扫码中奖 拿到商店兑换 商家说兑换不了 说是码被我自己的手机扫过了 我不扫码我能知道中奖了吗 而且扫码提示直接出示手机上的兑换二维码就能兑换 可是商家不给兑换,已完成
124,悠汇文具百货出售假冒伪劣产品,2021-06-08,https://tousu.sina.com.cn/complaint/view/17353553638/,投诉,拼多多客户服务,"赔偿,道歉",商家在明知商品有缺陷仍然提供给消费者，发送劣质商品后不道歉退换货，而要求损毁商品作退款处理。商家的行为严重损害消费者权益，请按照消费者权益保护法第五十五条做出赔偿,处理中
125,2月份拉人进群，可以积分兑换，但兑换礼品一直不发货,2021-06-10,https://tousu.sina.com.cn/complaint/view/17353581676/,投诉,高途课堂,补发兑换奖品,2月初，高途教育通过微信发布说邀请人进群可兑换小米音响，2月11日，通过积分兑换了小米音响但是后期一直没收到，中间咨询过高途负责人，说是需要等待，就这样等了好几个月，中间让补交资料，说给补发，但是后面一直没有补发现在咨询老师也是一直不给解决要求立马补发兑换商品，当时邀请人进群的为高一爆款新年文...,已完成
126,缺货，漏发商品,2021-06-07,https://tousu.sina.com.cn/complaint/view/17353541219/,投诉,阿里客服,"赔偿,作出处罚,改善服务",于6月1日参加淘宝活动，在“得力办公用品欣辰店”拍下文具一批，6月3号收到快递，发现商品不齐全，立刻与商家联系，商家查看了发货清单后告知是缺货，要求我申请退款。因当时买这套文具主要是买这一套笔，而其他小文具都是为了凑单，所以在商家发货时明知道货物缺失，在没有如实告知就发货的情况表示不满。 在3号...,处理中
127,顺容文具专营店虚假宣传,2021-06-04,https://tousu.sina.com.cn/complaint/view/17353512265/,投诉,阿里客服,修改宣传内容,发起投诉商家存在误导消费者的问题，商品描述和标题都注明为A4尺寸，实际到货商品为B5尺寸，希望淘宝引起重视，让商家整改，不要再误导消费者了，不然商家恶性竞争，则大家就再也购买不到A4尺寸的商品了，因为都会是B5。 阿里处理结果投诉已经处理完毕，经核实判定投诉不成立。 补充我已查到同商品在阿里巴巴批...,处理中
128,得力铅笔脱落不知名亮片，导致儿童安全隐患！,2021-06-09,https://tousu.sina.com.cn/complaint/view/17353564479/,投诉,得力,"解释,赔偿",铅笔在孩子使用过程中大量脱落亮片，造成孩子手上全是不知名亮片，经由手上揉搓到脸上，甚至眼睛周围，笔袋及橡皮满都是这种亮片，十分恐怖请出具报告该亮片的物质构成，到底是什么，这种质量有问题的文具难道是可以合法售卖吗请监管部门给出答复而且我第一时间向官方旗舰店反馈，他们不以为然，这关系到孩子，我...,已回复
129,网点长期不开门，导致消费者拿不到快递,2021-06-02,https://tousu.sina.com.cn/complaint/view/17353475295/,投诉,极兔速递客服兔,"作出处罚,改善服务",湖南省永州市东安县天成一品三栋楼下得力文具是极兔快递的网点，经常收件后长时间不开门，导致顾客拿不到自己的快递，希望改善或者更换负责的网点，给顾客和平台一个更加安心的消费,已完成
130,拼多多无缘无故限制我的资金，随意定性为因描述不符限制资金3098和保证金1000,2021-06-12,https://tousu.sina.com.cn/complaint/view/17353610122/,投诉,拼多多客户服务,"退款,要求平台尽快给处理解",拼多多无缘无故非法限制我的资金，随便按个理由就说因描述不符限制资金，每次都是敷衍搪塞，一开始打电话咨询说等没有售后单处理了就可以退回，等没有一个售后单了也不行，再打电话又说等待15天，等15天了还是不行，然后又打电话咨询说耐心等待给您加急反馈专员回复处理，专员回复又让申请退店公示期30天结束就可以解除...,处理中
131,我要退款,2021-05-28,https://tousu.sina.com.cn/complaint/view/17353420552/,投诉,白日梦游戏,退款,我要退款我今晚叫我姐姐我呵呵笨笨笨大不大很多的对的吧对别人北海和说点别的吧打扮打扮打扮打扮打扮打扮都不方便方不方便打扮打扮日本动画西德尼文具如热杜好的好的记得记得就打架额呵呵好的话堵得慌嗯嗯嗯待机时,已完成
132,蒙特利莎办公文具店客服,2021-05-28,https://tousu.sina.com.cn/complaint/view/17353420231/,投诉,京东客服,"作出处罚,改善服务,开发票",之前开过一次发票，银发票信息错误，想重新开一张，第一次开发票是五月十二号，本月份之内发票可以冲红再重新开具的，但是客服说不给开，难道开发票不是商家的义务吗，很严重的是，明明没多大的问题，客服情绪非常激动，还给我打电话前两次没接还打，第三次接了，我这辈子就没听过这么差的语气，跟要疯了一样，在京东...,已完成
133,君兴文具专营店,2021-05-23,https://tousu.sina.com.cn/complaint/view/17353357008/,投诉,淘宝客卖家官方,"退款,赔偿,道歉,作出处罚,改善服务",买的便利贴质量有问题，一点粘性都没有，客服不处理要求卖家承担退货运费,处理中
134,5月30日应在晨光文具下骆宅店提五样商品 但团长说缺少了一样金针菇,2021-05-31,https://tousu.sina.com.cn/complaint/view/17353453792/,投诉,橙心优选客服,"退款,道歉,改善服务,解释",团长让我在平台上直接申请退款就可以了 其他什么也没和我说 但是平台数次驳回我的退款申请拒绝退款 理由是商品已送达 但我实际确实没有收到这个商品 平台至少也要联系团长核实到底有没有缺货 我没收到商品总不可能是我的问题吧 客服也不办事情什么用都没有,已完成
135,针对投诉问题小二处理不合理，请官方给我一个合理的解释,2021-06-10,https://tousu.sina.com.cn/complaint/view/17353582859/,投诉,阿里客服,"赔偿,道歉,作出处罚",本人于4.22在绘梦文具专营店买了一件颜料，因为对于商品不太了解，于是咨询客服几个问题，但客服直接开始辱骂，并让我自己查看，说看不懂就不要买之类的词语。于是对此行为非常生气，进行了骚扰他人-辱骂/诅咒/威胁原因进行投诉商家，于是小二核实，商家确实存在辱骂行为，并对订单进行判责为商家存在辱骂行为，判责成立...,处理中
136,小明同学文具礼品店未按备注发货,2021-05-24,https://tousu.sina.com.cn/complaint/view/17353370832/,投诉,海外有淘宝,补发未发商品4件,5月19日向淘宝商家下单备注的5件不同的商品，但商家只发了5件相同的商品。咨询后告知我，不支持备注。而商家广告上未注明不支持备注，本人下单后，商家也未告知不支持备注，侵犯消费者知情权，在沟通无果的情况下，特此投诉。现申请商家无条件补发剩余4件商品。,处理中
137,物品缺失,2021-05-20,https://tousu.sina.com.cn/complaint/view/17353322034/,投诉,叽里呱啦APP官博,尽快补发物品,购买了课程，参加团购时说明的赠送点读笔、文具套装和书包。收到快递后包裹里仅有书包，没有点读笔和文具套装。联系商家说明情况后商家说我的包裹存在在物流途中包裹被打开的问题，那么，既然是物流问题，我缺失的物品为何不能给我补发而是要我等待调查结果，目前教材都收到了，却一直不给我缺失的点读笔呢问题出在物...,已完成
138,没按规定时间发货，找客服协商多次拖延,2021-05-26,https://tousu.sina.com.cn/complaint/view/17353393821/,投诉,高途课堂,立刻发货,本人于4月21号和4月26号，在高途课堂的公众号完成的两个邀请好友关注送文具的活动，已经填写了收货地址，图中还明确的说到20个工作日内发货，直到的现在5月26号已经超过了20个工作日还没有发货，期间我按那个活动页面的提示加到了那个高途课堂的“老师”，他也明确说到20个工作日内发货，我每隔几天都找她，都以各种原因为...,已完成
139,我购买L1课程以后发现不合适想退费或者换成L2课程都可以,2021-06-09,https://tousu.sina.com.cn/complaint/view/17353565879/,投诉,常青藤爸爸官方,"退款,解释,改善服务",1.我购买该课程也本着学习的过程，也没有想要到退费这种事情，但是在学习的过程中确实发现由于我们小孩认字比较多，L1已经不合适我们学习了。2.卖家以我以拆封教材的包装为由拒绝退费，非要收我教材费用450元，在实际情况中我只是把教材拆了并没有使用过这些东西。这样的收费是否合理也愿意把未使用的教材寄回去，但是...,已完成
140,随意误判我商品缺货并且随意扣款限制资金提现限制店铺上新及推广,2021-05-23,https://tousu.sina.com.cn/complaint/view/17353363021/,投诉,拼多多客户服务,撤销处罚,我是拼多多商家，店铺编号766945***，店铺名称方博文具厂，买家在未超过我单发货时间前就已经申请退款且平台急速退款完成，订单已经完成退款关闭订单，然后过几天就来一次说我缺货，买家都已经退款了，叫我还怎么发货订单都关闭了，然后过2天就来一次说我缺货扣我款及对我店铺进行处罚，希望黑帽投诉能够解决我的...,处理中
141,叽哩呱啦APP官博，退课扣费显失公平,2021-06-02,https://tousu.sina.com.cn/complaint/view/17353484997/,投诉,叽里呱啦APP官博,退款,一、事件经过 2021年5月22日，本人从该公司的产品销售网页上，购买叽哩呱啦英语幼儿启蒙强化班K1-K6（含学习材料），支付3699元。 5月29日，本人根据销售网页上承诺的七天可退政策申请退课时，该公司售后人员提出要扣除已拆封的K1上册教具费149元，还要扣除赠品大礼包内已拆赠品428元（含呱呱魔法笔398元，文具30元...,已回复
142,曹操出行司机拒载,2021-05-20,https://tousu.sina.com.cn/complaint/view/17353319233/,投诉,曹操出行,解释道歉,本人在2021-05-19 234105在微信曹操出行小程序下单了一个安胜驾校(安胜驾校植物园训练场) 到智美文具 的订单司机粤AD52607 拒载，未到订单起点等待确显示已到出发点，且往反方向行驶并让乘客重叫车,已完成
143,赠品一直未配送,2021-05-26,https://tousu.sina.com.cn/complaint/view/17353394807/,投诉,伴鱼绘本,履行承诺尽快配送赠品,去年五月份购买了伴鱼少儿绘本，购买时商家承诺打卡赠送礼品的服务，今年3月17日，打卡满300天，可以赠送一套全自动文具套装，已在相关活动页面做了申请，但是现在已经两个多月，赠品一直未发货，期间4月中旬打伴鱼客服电话投诉，客服告知现在没有货，承诺5月中旬到货，但是现在已经快6月，还是一直未发货，并且未接到商...,已完成
144,和约确立，小猿搜题却不兑现,2021-05-17,https://tousu.sina.com.cn/complaint/view/17353286370/,投诉,小猿搜题,"解释,履行合约",去年买的错题打印机 充电口与最开始购买的时候描述不符 然后在黑猫投诉投诉过一回 小猿搜题也提出了和解的方案 给了我小袁出去的会员，并且承诺在第二年推出新品的时候，会给我发一个新款的错题打印机 在我看到小猿搜题新品推出之后，我与他们给我的私下客服联系 客服现在不回我话装作看不见 我希望小猿搜题可以给我一个...,已完成
145,垃圾水笔，还盲盒，什么盲盒，收到连笔芯没有,2021-04-27,https://tousu.sina.com.cn/complaint/view/17353052548/,投诉,晨光文具官方微博,"解释,赔偿",我在拼多多平台上买了一个水笔，实则是次品，质量很有问题，商家说这个是晨光公司出的。就6元爱，糊弄客户发没笔芯的，怀疑你们给这个商家授权有问题。我不是要这个钱，我让大家都看看，什么东西,处理中
146,商品售假，订单假一赔四,2021-05-18,https://tousu.sina.com.cn/complaint/view/17353301921/,投诉,阿里客服,"赔偿,道歉,作出处罚,改善服务,开发票",天猫平台 佳和文具专营店 购买i350 t4网卡，所收商品无任何产品信息，3C认证等。要商家提供商品查询真伪信息，商家未回复，于是申请退货退款，申请小二介入，经核实工商信息，商家提供虚假厂家授权信息，以及非购买的产品型号，小二判定退货退款，后台显示退款退货处理。商品页面承诺的假一赔四，是如何处理，是属于平台...,处理中
147,北京友缘在线网络科技股份公司存在不正当欺诈消费者，通过免费领取该软件三天体验会员,2021-05-28,https://tousu.sina.com.cn/complaint/view/17353419341/,投诉,友缘在线,退款,北京友缘在线网络科技股份公司存在不正当欺诈消费者，通过免费领取该软件三天体验会员，诱导消费者签订支付宝自动扣款，随后通过APP弹射窗口，一触碰就会自动扣款，牵连的受害用户较多，各种搜索引擎都能搜索到关于友缘在线公司欺诈消费者的信息，此类公司在各大主流软件投放APP广告，诱骗消费者下载，望对该公司进行审...,已完成
148,我在作业帮的公众号里进行了0元领文具活动 不发货,2021-05-07,https://tousu.sina.com.cn/complaint/view/17353168317/,投诉,作业帮客户服务,赔偿,我在作业帮的公众号里进行了0元领文具邀请好友，然后他们免邮费给我发货结果现在17个工作日了还没有 发货,已回复
149,纯属就是骗人不把这个App封掉会被坑很多人,2021-05-27,https://tousu.sina.com.cn/complaint/view/17353403258/,投诉,友缘在线,退款,北京友缘在线网络科技股份公司存在不正当欺诈消费者，通过免费领取该软件三天体验会员，诱导消费者签订支付宝自动扣款，随后通过APP弹射窗口，一触碰就会自动扣款，牵连的受害用户较多，各种搜索引擎都能搜索到关于友缘在线公司欺诈消费者的信息，此类公司在各大主流软件投放APP广告，诱骗消费者下载，望对该公司进行审...,已完成
150,不小心学生文具拼购专营店 ，不退款,2021-05-07,https://tousu.sina.com.cn/complaint/view/17353174675/,投诉,京东客服,退款,在评论中看到有人半个月后才发货，我问了一天的客服没有理我，大概我知道可能是个假店，退款也不理我,已完成
151,晨光文具官方商城注册账户接收不到验证码,2021-04-22,https://tousu.sina.com.cn/complaint/view/17352997138/,投诉,晨光文具官方微博,"解释,维护网站",换了很多浏览器接收不到验证码，无法注册账户购买商品,处理中
152,优晨文具店,2021-04-30,https://tousu.sina.com.cn/complaint/view/17353092722/,投诉,拼多多客户服务,赔偿,出卖假货，和我说是正品，收到货发现和正品差很多，我要求退一赔三。,已完成
153,美汁源再来一瓶的兑奖商家不存在,2021-05-01,https://tousu.sina.com.cn/complaint/view/17353105086/,投诉,美汁源饮料,"退款,解释,改善服务",在学校买美汁源中了两个再来一瓶，去兑奖发现上面写的兑换商家根本不存在。一个是个厕所，一个是个工地，还有一个是文具店。不知道美汁源从哪弄来的这些地址，这就是欺骗消费者，不想搞活动就别搞，不要整这些来恶心消费者。,已完成
154,欣沫文具百货商家恶劣行为,2021-04-27,https://tousu.sina.com.cn/complaint/view/17353060626/,投诉,拼多多客户服务,"退款,赔偿,道歉,作出处罚,解释,退货",欣沫文具百货商家恶劣行为超过七天无论什么情况都不予退款拼多多官方人工服务我也找了，翻来覆去就那么几句话一个有用的话也没说,处理中
155,嘻丸文具设置了新疆不包邮地区，新疆买家下单却没有加运费,2021-04-30,https://tousu.sina.com.cn/complaint/view/17353089989/,投诉,拼多多客户服务,"赔偿,道歉,改善服务",产品已设置了新疆为不包邮地区，但是新疆买家下单平台却并没有加上运费，按照包邮地区收取的费用。 发现之后第一时间联系客服处理，他们只有空话和各种推脱。并没有给出实际解决意见。 平台发货时效为48小时，客服的说法是2-3个工作日联系处理。那么请问这个异常订单我是发货还是不发货，如果不发货平台是否会给与处罚...,处理中
156,商家以缺货为由拒绝发货,2021-04-30,https://tousu.sina.com.cn/complaint/view/17353098113/,投诉,阿里客服,发货,天猫平台 佳和文具专营店 拍下电脑网卡，商家先是以缺货为由拒绝发货，未经本人允许的情况下，订单物流填写的另一个订单的物流信息，进行虚假发货。已经天猫平台虚假发货处理。因我这边需要这个网卡，过了几天，问问卖家什么时候可以发货，卖家以缺芯片为由，叫我退款，不肯发货，叫我退款，我试图尝试加价卖家到底有...,处理中
157,卖假货，不履行假一赔十，已对比过正版，假的（店铺名：松鼠实验学文具）,2021-04-21,https://tousu.sina.com.cn/complaint/view/17352990121/,投诉,拼多多客户服务,"赔偿,道歉",卖假货，一直说自己卖的是正品，但是我对比过好几只斑马笔，细节都一致，除他们家（松鼠实验学文具）卖的笔不一致以外，其它都一致，而且他们家的笔还断墨还有笔外壳黄色部分应是浅黄色，而他们的是暗黄色,已完成
158,炬迈文具，在该店购买学习用品，快递显示签收，打开后里面是一本日历，并不是我所购买,2021-04-25,https://tousu.sina.com.cn/complaint/view/17353030392/,投诉,拼多多客户服务,"作出处罚,发货",商家反应迟钝，不作为，查一个快递，还给我拖时间，及其降低我的消费体验,处理中
159,拼多多平台包庇卖家售假，关闭买家订单，不让发起售后！,2021-04-25,https://tousu.sina.com.cn/complaint/view/17353033450/,投诉,拼多多客户服务,"退款,赔偿,道歉,作出处罚",投诉拼多多平台包庇卖家售假，非法关闭买家的假货订单，不让买家法售后维权2021年4月5号在拼多多店铺“安心文具店”购买奔驰锂电车一辆，订单编号210***-374645720170***。到货后发现，没有生产厂家的厂名 厂址 奔驰合格证，多次要求拼多多平台提供奔驰品牌自行车的生产厂家信息 合格证信息 ，平台不但不提供，确把买...,处理中
160,老板娘诬陷人（本人也不确定是不是老板娘）,2021-04-03,https://tousu.sina.com.cn/complaint/view/17352791810/,投诉,晨光文具官方微博,"赔偿,道歉,作出处罚,改善服务,补发赠品",我提了一个袋子进去，这是我的习惯，我出门就是会拿一个袋子，然后我买了很多纸，由于实在拿不动了，就装进了袋子里，买单时，我先把刚拿到一支笔递过去，她说袋子里还有，我说对，拿了出来，她就说我偷，还联合其他人一起说我，我话都没说完，我想说因为东西太多所以把东西放在袋子里，现在付钱。然后话没说就诬陷我，...,处理中
161,商家4.6号取件后，一直未更新物流！,2021-04-14,https://tousu.sina.com.cn/complaint/view/17352905483/,投诉,申通快递官微,赔偿,今天4.14号，我46号发件后一直未更新物流之前联系过三次未接到任何回复无人处理 严重影响我的信誉，给闲鱼买家发货用的申通，结果明天即将自动确认收款因为用了你们申通，我被可能被闲鱼买家投诉、影响我的信誉 申通说48小时后会解决，对我来说48小说后我已然违约我从发件到你们取件一共9天，你们恶性扣件不...,已完成
162,苹果不给退款,2021-04-03,https://tousu.sina.com.cn/complaint/view/17352790971/,投诉,Apple支持,退款,我弟弟偷偷记下了我的app支付密码和密码，在我上学的时候偷偷在游戏里冲了钱，我和苹果公司说了具体情况他也不退钱，这些钱都是我妈给我买文具、习题还有书的钱，要是被我妈发现了肯定会给我弟弟来一顿皮棍子烧肉加上没收我手机求求把钱退给我吧,处理中
163,换货不顺利,2021-03-31,https://tousu.sina.com.cn/complaint/view/17352757542/,投诉,京东客服,换货,刚拆的快递，发现三联单买错了应该买二等分的，买来就发现买错了然后把货还给快递小哥才5分钟不到，客服说换不了我在外面文具店发现买错了还能换呢，京东这么大的商城换不了这个,已完成
164,投诉拼多多平台不经过商家直接全额退款给客户 货也不用退,2021-03-30,https://tousu.sina.com.cn/complaint/view/17352743487/,投诉,拼多多客户服务,"赔偿,改善服务",我是拼多多商家，卖文具产品，支持退货退款，买家收到货后，就提供了一个图片，我这里是可以合理的跟客户说明怎么安装的。但是买家后面直接申请退款，我司驳回后，买家申请拼多多平台介入，平台直接同意退款给买家，无视情节，不顾商家对错，直接全额退款给消费。。。这样平台客服态度，是支持更多消费者不用退货，就能...,处理中
165,淘宝晨光官方旗舰店涉嫌欺骗消费者，未按承诺时间发货。,2021-03-16,https://tousu.sina.com.cn/complaint/view/17352591777/,投诉,晨光文具官方微博,"道歉,改善服务,发货",淘宝晨光官方旗舰店涉嫌欺骗消费者，未按承诺时间发货。 本人于3月14号在淘宝晨光官方旗舰店下午521提交订单并付款，商家当时承诺48小时内发货，截止投诉前3月16号下午547，商品并未发货，期间多次找客服反馈，客服均敷衍了事，没有得到实质性的进展。此行为涉嫌欺骗消费者。要求淘宝晨光官方旗舰店于今天发货。,处理中
166,卖家虚假发货，买的手机发的是文具本,2021-03-27,https://tousu.sina.com.cn/complaint/view/17352714003/,投诉,转转客服中心,"退款,赔偿,作出处罚",欺骗消费者。买的是小米手机。 买家恶意发的是手写本 请平台退款处理。,已完成
167,拼多多上悟优文具卖假货,2021-03-24,https://tousu.sina.com.cn/complaint/view/17352683189/,投诉,拼多多客户服务,"退款,赔偿,道歉,作出处罚",我在二月底在拼多多买的笔到货了 我在到货之前发现评论现实是假货 我想退款但商家说已经发货拦截失败 后来我要求他假一赔十他一直拖 我申请官方介入 官方没征得我同意就结束申请 我现在了解了相关资料 这个商品不足五百 我要求依法按照五百赔偿 并且要求商家道歉并承诺不再出售假货 官方不给我正面回答 一直敷衍商家也一...,处理中
168,时光文具驿站 去年八月份买的笔现在还不发货,2021-03-27,https://tousu.sina.com.cn/complaint/view/17352716497/,投诉,阿里客服,"赔偿,道歉,发货",去年八月份买的预计十二月份发货 今年二月初问了一次答非所问 二月末问了一次说隔天发没发 这周又问了一次说隔天发还是不发货 耍人玩吗,处理中
169,商家发的是假货，绝对是！！名字是墨洋进口文具店,2021-03-23,https://tousu.sina.com.cn/complaint/view/17352673565/,投诉,阿里客服,下架产品,商家发的货和我的正品手感完全不一样，可以说商家是高仿，反正写字很难受用来坑学生的钱，没意思吧,处理中
170,星梦文具店与拼多多平台共同欺骗消费者,2021-03-19,https://tousu.sina.com.cn/complaint/view/17352624477/,投诉,拼多多客户服务,赔偿,商家发放了一个空包裹，快递公司离我家特别远，不打车去不了，快递员回复说空包裹不能发送，商家先是拒不承认发放空包裹再是说发错货，我并没有得到包裹拼多多给我的最终答复是让我退货，还要上传快递单号，快递签收也显示是广丰公司代签收，我一直让官方联系快递员核实官方却多次联合商家欺骗消费者，货物还是我多次打...,处理中
171,滑板质量出现问题，刚拿到手上手滑桥处断裂，商家不予退款,2021-03-08,https://tousu.sina.com.cn/complaint/view/17352500903/,投诉,晨光文具官方微博,退款,在3月8日当天下午在四川省宜宾市叙州区高场镇上善路49号晨光文具购买滑板价格75，拿到手后在家试滑，滑板桥处断裂，与商家协商三日内维修换货，超出三日后退货，商家不予同意,处理中
172,在拼多多商家“芯成文具”购买鼠标质量太差,2021-03-13,https://tousu.sina.com.cn/complaint/view/17352559631/,投诉,拼多多客户服务,赔偿,在拼多多商家“芯成文具”购买鼠标质量太差，鼠标用了不到一个星期，右键就坏了，不能用了,处理中
173,收到的货不是下单商品,2021-03-14,https://tousu.sina.com.cn/complaint/view/17352566858/,投诉,饿了么客户关怀,退款,在饿了么晨光文具店（习友路小学店）购买了了一盒笔，收到的货不是下单商品，退款退货诉求商家及平台客服不予处理,已完成
174,淘宝正品斑马跨境文具这个店铺，卖假货，不给退款，淘宝客服介入后也判了卖家赢,2021-03-17,https://tousu.sina.com.cn/complaint/view/17352606546/,投诉,阿里客服,退款,在淘宝正品斑马跨境文具这个店铺买到了假货，然后卖家拒不承认他卖假货，不同意退款，然后申请了淘宝客服介入，也判卖家胜，然后淘宝客服把我的退款申请关闭了，承诺给我申请赔付，说收到赔付的短信，钱就到账了，短信收到了，但是钱并没有到账，然后又说要等三个工作日。,处理中
175,成才办公文具店,2021-03-06,https://tousu.sina.com.cn/complaint/view/17352480321/,投诉,拼多多客户服务,补贴运费,我在成才办公文具店买一个圆规，然后他们已经签收，并且退款，但是运费补贴12元没有到账。平台不给处理,处理中
176,淘宝客服有货不发货,2021-03-11,https://tousu.sina.com.cn/complaint/view/17352532820/,投诉,阿里客服,发货,3.2日去淘宝巨实惠办公文具买了一部2519元的k40 12 256的手机但是迟迟不发货在3月10号看到购买链接评论同款别人已经收到货了我的还是迟迟没有发货我去问了问客服就是没有货但是我用我朋友的号问和我说有货当天能发当时我就纳闷了这不是区别对待吗我一个学生辛辛苦苦一个月寒假的钱买一个手机也要骗这可太没有意思了第一...,处理中
177,商家承诺赠送手表 磨损 调试不予受理,2021-03-08,https://tousu.sina.com.cn/complaint/view/17352494091/,投诉,京东客服,"作出处罚,改善服务,补发赠品",孩子开学在（阁蓝特服装专营店）买了一个迷你特工队书包，商家承诺 送手表和文具五件套。结果收到后 赠品与承诺严重不符。手表磨损给别人用过的一样，时间不准确，咨询客服客服却说是快递的问题，问时间怎么调整，却称自己新来的 不知道，说让自己调整。完全不解决问题。,已完成
178,天猫勃克文具专营承诺满58全场包邮活动不履行区别对待,2021-03-08,https://tousu.sina.com.cn/complaint/view/17352495685/,投诉,天猫,"发货,改运费",天猫38大促我拥有了一张满1000➖500的优惠券。商家承诺全场满58包邮的活动，我购完以后运费达500元之高。客服说，告知我500元的运费就是500元如果下单不予退还。可同样的商品我朋友下单，就可以改运费。以下为证据，我要求修改运费并且给我一点的补偿,处理中
179,淘宝店铺“佳佳文具15元包邮”虚假发货&多次沟通不处理,2021-03-07,https://tousu.sina.com.cn/complaint/view/17352486088/,投诉,阿里客服,"赔偿,道歉,作出处罚,解释,发货",3月3日下单，承诺3天内发货，但是至今仍然是物流未揽收，多次沟通客服也不处理，涉嫌骗取付款、虚假发货，严重影响消费体验和权益，望重罚。,处理中
180,爱好文具旗舰店虚假宣传，收到的货物和页面宣传严重不符,2021-03-07,https://tousu.sina.com.cn/complaint/view/17352490341/,投诉,京东客服,"道歉,换货,修改宣传内容",我在2021年3.3号在京东爱好旗舰店下单了3份笔芯和笔（40支黑色笔芯➕6支笔（款式随机发），我以为他说的款式随机发是笔的款式，结果收到货以后三大盒笔芯全是0.35mm的，但他页面标题明明写的是黑色0.5mm，发来的款式也全是页面上没有的，还有一小袋笔芯是0.5mm ，但是是蓝色，这些笔根本不能使用，款式很破烂老旧。我咨询...,已回复
181,抖音购买商品虚假发货不退款不处理,2021-02-24,https://tousu.sina.com.cn/complaint/view/17352366632/,投诉,抖音短视频,退款,抖音上孩子买了一个文具盒的副本，总共两个订单，各100元，未收到货，也申请不了退款，联系抖音客服三个号码互相转，没有处理的人，联系在线客服也说处理不了，,处理中
182,拼多多品牌商家辱骂消费者,2021-02-25,https://tousu.sina.com.cn/complaint/view/17352384836/,投诉,拼多多客户服务,"道歉,作出处罚,官方给出处理商家结果",我于2021年2月21日下午购买孩子的文具，套餐具体除了图案，还有送笔和不送笔两种选择，我购买了送笔的套餐。收到货物我发现只有文具盒，就主动咨询客服并要求客服给予补发。没想到客服说他们发错了，但是提供的方案我接受不了。我作为顾客购买了什么就应该给我什么，你们作为商家出了错，干嘛需要我“买单”呢（这个时...,处理中
183,异客文具店,2021-02-20,https://tousu.sina.com.cn/complaint/view/17352332038/,投诉,京东客服,"退款,发货",付款后查不到订单，商家也查不到没法解决。,已完成
184,未按承诺发货，服务态度极差拒不发货，店铺名字:当然文具[手帐杂货],2021-02-23,https://tousu.sina.com.cn/complaint/view/17352358369/,投诉,阿里客服,"赔偿,作出处罚,改善服务,发货",未按照承诺发货，淘宝投诉没有结果，商家接到投诉拒不发货，还用词语讽刺我，还把投诉未按照承诺发货窗口关闭，身为买家的我无法维权。,处理中
185,订单不显示，客服也说查不到（异客文具专营店）,2021-02-20,https://tousu.sina.com.cn/complaint/view/17352331927/,投诉,京东客服,发货,付款后一直不显示订单，以为过年期间不发货不显示，后来客服也查不到订单记录,已完成
186,圆通快递不派件，客服无人接听,2021-02-25,https://tousu.sina.com.cn/complaint/view/17352381237/,投诉,圆通速递,"赔偿解释,快速配送,改善服务,要求物流如实反馈",正常应该24号到货，24号眼看着拖到了25号，又从25号眼睁睁的变成了26号，我已经不信任圆通了 快递从沈阳中转发到沈阳皇姑中转用了2天，走也不用吧。。。里面文具还比较着急使用。 然后客服电话全是智能客服，网上查询的站点电话也无人接听。 楼下驿站的小哥说他自己买的东西也是物流2天都没有更新了，也没拿到货。 网上...,已完成
187,众诚办公文具店,2021-02-17,https://tousu.sina.com.cn/complaint/view/17352299418/,投诉,拼多多客户服务,改善服务,咨询商品情况客服不理人，不回复，希望改善服务,处理中
188,北京友缘在线网络科技有限公司，附近约会app涉嫌欺骗欺诈消费者,2021-03-01,https://tousu.sina.com.cn/complaint/view/17352420404/,投诉,友缘在线,"退款,赔偿",北京友缘在线网络科技股份公司存在不正当欺诈消费者，通过免费领取该软件三天体验会员，诱导消费者签订支付宝自动扣款，随后通过APP弹射窗口，一触碰就会自动扣款，牵连的受害用户较多，各种搜索引擎都能搜索到关于友缘在线公司欺诈消费者的信息，此类公司在各大主流软件投放APP广告，诱骗消费者下载，望对该公司进行审...,已完成
189,阿贵文具家居,2021-02-15,https://tousu.sina.com.cn/complaint/view/17352280026/,投诉,阿里客服,"赔偿,道歉,作出处罚",付款快4个月了，多次催发货，联系客服没半点反应，投诉到官方客服，先说要赔偿，后面又说他们解决不了。,处理中
190,拼多多商家：丽爷文具店销售假货且频繁骚扰买家,2021-02-20,https://tousu.sina.com.cn/complaint/view/17352324065/,投诉,拼多多客户服务,"退款,赔偿,道歉,作出处罚,下架产品",收到货后我对比了一下手上的正品百乐笔和商家发过来的发现很多地方不一样，随后我联系商家，商家不承认销售假货并且一直说只是版本问题但是据我了解百乐笔不会是商家发货过来的那样的。于是我联系了官方客服介入并退货，官方客服需要商家提供正品凭证。这时商家又说他们只是代理商，强迫我更改退货原因——假冒品牌，我不...,处理中
191,不给退款,2021-02-15,https://tousu.sina.com.cn/complaint/view/17352276541/,投诉,物物得志,退款,我在玩物得志买了个罗汉床，结果是文具。申请退款后，卖家一直拖拖拉拉的，联系客服后也是推诿。,待分配
192,京东违规限制用户不能正常下单,2021-02-17,https://tousu.sina.com.cn/complaint/view/17352294489/,投诉,京东客服,"作出处罚,恢复账号,恢复下单权限",前几个月在京东上曾经有过购买过调料类（酱油）发现用了后肠胃不舒服，所以就把没开封的几瓶进行了7天无理由退款并且退款成功，之后紧接着又在京东买了另一品牌的酱油，但是最近发现只要在订单中有调料类的商品（就算不是酱油），订单都无法正常下单成功，而会被京东自动取消，同类的还有曾经发生过退货退款的文具也无法...,已回复
193,无物流信息更新，距离发货超过7天仍没收到货,2021-02-09,https://tousu.sina.com.cn/complaint/view/17352234108/,投诉,圆通速递,"快速配送,改善服务,要求物流如实反馈",我在晨光购买了文具，于一月三十一日发货，二月三号已达长沙。我本身就是长沙的为啥2月9号还没有收到货，也没有物流信息更新。中途更换了收货地址，从郑州发往长沙后就没有物流信息。,已完成
194,饿了么处理问题效率慢做事拖拉,2021-02-12,https://tousu.sina.com.cn/complaint/view/17352259506/,投诉,饿了么客户关怀,"赔偿,道歉,改善服务,作出处罚,退款,解释",2021年2.6号1721我于饿了么在南大街晨光文具店下单，下单随后，我给商家打电话说我下单，商家说等会儿他给我送达下单位置让我稍等一会儿，我想了想给他说我等会儿过去拿，商家当时还问我知不知道店铺地址。我说饿了么上面有地址，随后我去那里拿。店家说 好久不做饿了么 我下单的也没货 店家当时没有给我打电话通知我 ...,已完成
195,强制购买,2021-02-03,https://tousu.sina.com.cn/complaint/view/17352163658/,投诉,酷乐潮玩,"退款,赔偿,道歉,作出处罚,改善服务,解释",2021.2.3日下午三点十分左右，我跟同事去酷乐潮玩购买文具，我们只看中了一支笔，付款时早到了店家的拒绝，理由是一只笔不卖，必须要再购买一个东西才可以，全程我们没有在店里看到任何标识说一支文具不卖。随后跟店员进行了沟通，店员称是公司规定，我实在是无法理解这种强制购买的规定，也不提前立牌子说，等到付款了...,处理中
196,北京兴职教育科技有限公司里自称王老师的交过钱后就爱搭不理的了,2021-02-05,https://tousu.sina.com.cn/complaint/view/17352190746/,投诉,北京兴职教育科技有限公司,"退款,道歉",报考的营养师，交钱之前说的很好听，有专门的老师，有线上直播课，线下配送教材。教材至今未收到，线上直播课一直没有，而且课程非本人开通。是他们开的。去找跟我联系的王老师作文，一直说发货了，发了三次了，像他问订单号，迟迟未给，最后给了一个好久之前的。申请退款，刚开始答应要退，后又让我自己去找班主任(推荐...,待分配
197,拼多多卖家萌萌哒文具礼品店,2021-01-29,https://tousu.sina.com.cn/complaint/view/17352100737/,投诉,拼多多客户服务,退款,拼多多下单，发出后由于疫情突然哈尔滨停运，货物由薏米滴答物流2020年1月13号发出，一直没有送到，商家不退款，拼多多客服也不做处理和干涉。我打物流95058客服，说商家已经要求货物原路返回，为什么不退款给我。另外物流葱2020年1月19到1月29日10天没有再更新。并且2月29得知此票货物已经由物流上报遗失。拼多多卖家坚...,处理中
198,买了文具盒，卖家不发货，4天了，申请退款，不赔偿,2021-01-31,https://tousu.sina.com.cn/complaint/view/17352122920/,投诉,阿里客服,赔偿不发货等待期损失,各种投诉了，短信也发了，说投诉成立，没有任何赔偿，理由是卖家保证金赔光了没有办法，但是网上也有很多这种情况，这就是管控的问题了，既然卖家出现问题，就应该先闭店调整，而不是赔偿金不够让后面购买的消费者得不到任何赔偿，这个理由说得过去吗消费者白白等待不发货的时间没有任何人负担责任，还怎么信任平台,处理中
199,因投诉商家发假货，商家打电话人身攻击，已录音。,2021-01-30,https://tousu.sina.com.cn/complaint/view/17352114478/,投诉,拼多多客户服务,"赔偿,道歉,作出处罚,下架产品",1.25日，本人在拼多多店铺 趣味之家文具店 购买了一款名为 晶华 hdmi转vga线高清转换接口电脑笔记本投影仪机顶盒连接显示器的商品，1.30日上午11.20取到快递，发现为空包裹，没有我购买的商品，里面只有一把黑色劣质梳子。随即我向拼多多客服进行投诉。于1.30日正午12.50到12.59分左右，商家三次打电话骚扰辱骂我，态度...,处理中
200,成都晨光文具,2021-01-22,https://tousu.sina.com.cn/complaint/view/17352026823/,投诉,阿里客服,"赔偿,道歉,作出处罚,下架产品",他官网写的是正品卖的却是没有品牌然后又恨垃圾我一碰就断还有没有标识我要求按照消法500赔偿,处理中
201,商家出售假货，拼多多未下架处理，未赔偿,2021-01-22,https://tousu.sina.com.cn/complaint/view/17352029209/,投诉,拼多多客户服务,"赔偿,道歉,作出处罚,下架产品",在店铺创意925文具店购买斑马文具产品，卖家发货后，更改详细页面，称其产品为diy产品，我提出是假货的质疑，卖家阻断物流。我申请了退款。之后通过拼多多官方客服进行举报，多次举报并未对商家进行处理。 通过斑马贸易（深圳）有限公司的官方确认，购买产品是伪造产品，,处理中
202,淘宝卖家“办公文具星云店”客服态度极端恶劣,2021-01-24,https://tousu.sina.com.cn/complaint/view/17352044441/,投诉,阿里客服,"道歉,作出处罚",前提我与客服之前的聊天没有任何冲突和矛盾，在我询问客服什么时候可以开好发票时，客服突然开始无端指责我，说“你别问了，有问题干嘛不早说，干嘛不一次性问完”的发泄性语句，并且在我问他问题时不仅不回答，还发了无数次问号攻击，态度极端恶劣，事后拒不道歉，且死不退款，如此恶心的商家不该继续存在,处理中
203,拼多多扣钱不经过允许,2021-01-20,https://tousu.sina.com.cn/complaint/view/17352004536/,投诉,拼多多客户服务,"赔偿,作出处罚",我让儿子买微波炉结果他买了烤箱 然后好像是会员莫名就给优惠券。然后他就给我说他买了文具 然后退货的时候。第2天就扣了60块钱。他说是优惠券用掉了就要扣 但没经过买家的允许就这样扣钱。而且他优惠券明明就是赠送。我希望拼多多能退回60元。,处理中
204,投诉支付宝人人租机未发货但是月月扣款，投诉4个月无人解决，且依然月月都在扣,2021-01-21,https://tousu.sina.com.cn/complaint/view/17352013530/,投诉,蚂蚁金服客户中心,退款,本人是文具店店主，新店开业，想开展打印业务。2020年9月28日，在业务人员的协推荐下在支付宝人人租机上租惠普打印机一台（办理信息见附件）当时业务人员说如果生意不好，可以随时办理停止，于是商定国庆节后打印机进店。但是因为生意不好，国庆后，我主动联系业务人员，想停止打印业务，让其不用送打印机来店里。已经支...,已完成
205,拼多多鸿威办公文具,2021-01-14,https://tousu.sina.com.cn/complaint/view/17351933661/,投诉,拼多多客户服务,作出处罚,"实物看到的是普通款，收到的实物不一样连绳子都没有，没多少钱的东西,也不能骗老实人，做人要厚道，不然真对不起自己的良心。",处理中
206,趣拼吧文具,2021-01-11,https://tousu.sina.com.cn/complaint/view/17351904288/,投诉,拼多多客户服务,发货,在店家买了两份涂改带，一份6个，他们只寄了一份，有跟客服联系，他们口说补发，但是几天了，我问他们都是敷衍了事，没办法只能请贵公司帮忙出面解决，谢谢,处理中
207,天猫晨光光放旗舰店反复催促发货，一周仍未发货且无理由,2021-01-04,https://tousu.sina.com.cn/complaint/view/17351830325/,投诉,阿里客服,"赔偿,道歉,作出处罚,发货",2020.12.30日购买文具，卖家承诺48小时发货，自2021年1月一日之2021年一月四日，每日反复催促四次发货，客服皆以已经催促仓库发出为由应对，多次协商无果，至今仍未发货。表示强烈不满，要求理赔并发货,处理中
208,天猫晨光官方旗舰店反复催促发货，一周仍未发货且无理由,2021-01-04,https://tousu.sina.com.cn/complaint/view/17351830377/,投诉,阿里客服,"赔偿,道歉,作出处罚,发货",2020.12.30日购买文具，卖家承诺48小时发货，自2021年1月一日之2021年一月四日，每日反复催促四次发货，客服皆以已经催促仓库发出为由应对，多次协商无果，至今仍未发货。表示强烈不满，要求理赔并发货,处理中
209,拼多多进口笔文具店商品是假货，客服不处理，骗人,2021-01-03,https://tousu.sina.com.cn/complaint/view/17351824439/,投诉,拼多多客户服务,"退款,道歉,作出处罚,下架产品",百乐的笔是假的，客服还说是真的，右边的是我买的真的，明显不一样，标准正品凹进去，买的是点状，而且笔感不一样，出水断断续续，严重影响心情和市场秩序，并且派发了好评优惠价，严重违反市场规则，请商品下架，一言不合让退货，货都是假的还让他们家去骗别人吗,处理中
210,天猫乂兴源文具专营店,2020-12-31,https://tousu.sina.com.cn/complaint/view/17351790040/,投诉,阿里客服,"退款,赔偿,道歉,作出处罚",我在2020.12.21在天猫店铺乂源兴文具专营店下单购买了一台1799元的学习机，因为我爱人说小度x8学习机也不错 ，23号我就申请了退款 ，但是卖家已经发货了，我也没有撤销退款申请，让天猫客服介入处理 我说我没收到货要求退款，后来也没在看物流信息和客服处理的结果，后来忙于工作也没注意看，可是就在27号上午淘宝给我发...,处理中
211,车费未支付,2020-12-29,https://tousu.sina.com.cn/complaint/view/17351774923/,投诉,滴滴出行客服,支付车费,客人在2020年12月14号晚上在23点49分04秒从育兴文具（思明东路）起点打车再完成行程后车费18.04元至今一直未支付车费。,已完成
212,网游《浮生为卿歌》所属公司对未成年人充值退款,2021-01-04,https://tousu.sina.com.cn/complaint/view/17351826881/,投诉,浮生为卿歌,退款,所属公司苏州好玩友网络科技有限公司和友谊时光科技股份有限公司对实名认证把关不严，只需要输入身份证号码和姓名在游戏中故意引诱未成年人大额充值买装备 在我发现女儿在玩此款游戏并且大额充值的情况下，明确告知好玩友客服是我未成年的女人在玩游戏并出现了非授权，非理性的消费，希望对方能协商办理退款此客服...,处理中
213,乂源兴文具专营店虚假发货申请退款商家拒绝 小二判商家赢,2020-12-27,https://tousu.sina.com.cn/complaint/view/17351749593/,投诉,阿里客服,退款,买的学习机1799商家发货后 我没有签收 然后快递信息显示已经签收 我申诉退款 商家拒绝退款 就是一个空包裹啥也没有 商家说是赠品 不用电话通知收件人 随后我申诉退款 商家不退天猫小二客服说我证据不足 不给我退款 把1799元打给商家 联系客服不回复商家不理我,处理中
214,泄漏个人信息要求追究法律责任,2020-12-23,https://tousu.sina.com.cn/complaint/view/17351717775/,投诉,拼多多客户服务,"赔偿,作出处罚,下架产品",在拼多多上面购买了文具后 商家因为缺货 打电话威胁退款 信息电话一直骚扰 诱惑我添加他们微信 还直接把我的个人信息 家庭地址 电话号码公布在朋友圈 让人稍扰我 已经严重影响我个人生活和人生安全 要求赔偿追究法律责任,处理中
215,退款霸王条款，变相扣钱,2020-12-19,https://tousu.sina.com.cn/complaint/view/17351675472/,投诉,叮咚课堂365,退款,当初买课的时候，因为孩子已经五年级下册了，不想买那么大的课时包，老师电话沟通说，最大的课时包划算，并且上不完可以退款的，按课耗退，我就买了，还赠送了书和文具，这些赠送还是作为诱惑，最后退款的时候，说要扣什么服务费，还要书本全新的退回去才退款，不然就要付费280的文具书本费，289.9的服务费。那我上过的...,已完成
216,猫眼演出鹅次元大礼包688元档退款,2020-12-15,https://tousu.sina.com.cn/complaint/view/17351637054/,投诉,猫眼演出,退款,猫眼演出不允许退款 明明售卖的礼包属于商品符合七天无理由退款 演出门票属于赠品 而且距离演出开始还有五天 座位也未分配不影响二次赠送 腾讯发文具有误导性为什么不允许退票呢,已完成
217,谷光文具，未按约定时间完工发货欺骗消费者，要求商家赔偿个人经济损失公司名誉损失。,2020-12-13,https://tousu.sina.com.cn/complaint/view/17351612896/,投诉,阿里客服,退款,您好，在11月30号下单之前联系过很多商家，选择该店是因为当时承诺5天发货，并且问过从哪里发货用什么快递商家回复温州中通或韵达，然而商家并没有按约定时间发货，商家明知道这是我们会议上要作为纪念品的本子，问商家，商家在5号回复说发了，每天问都是发了，要单号就不回复消息了，实际上根本没有发货一直在脱，直到...,处理中
218,私自售卖价值10000元以上的个人财物,2020-12-12,https://tousu.sina.com.cn/complaint/view/17351599552/,投诉,我爱我家集团,"赔偿,道歉",北京的员工宿舍是公司跟我爱我家签的合同，疫情开始之后尝试拜托北京朋友搬家，但不能进入小区搬出自己的东西，同时跟海淀建清园我爱我家的王凯飞先生商量我的东西该怎么办，他没有明确答复。我后来离职一直在老家住着。等到6月再问他，先是微信没有回复我打电话过去之后他先扯开话题，但问到我的东西后他说已经清理干...,已回复
219,涉嫌欺骗，引导不断消费，涉嫌虚假宣传,2020-12-07,https://tousu.sina.com.cn/complaint/view/17351551846/,投诉,学知在线,退款,从388报名，说是全包，包括考试文具，考不过可以继续免费学，直到考到为止，实际上就是一些老的录播课。而且收到的东西就是三本书，一个空白本，一本小册子，四套历年题目，也没有点读笔和文具（报名的是说有）。交钱后压根不管你怎么操作从哪里学习，而是安排另外一个人再继续引导消费，进入包过Vip班交钱就入坑，微...,已完成
220,虚假发货，涉嫌刷单，维权无门,2020-12-06,https://tousu.sina.com.cn/complaint/view/17351543235/,投诉,拼多多客户服务,作出处罚,我在拼多多花16.5元拼了3双袜子，（正常的带图案的棉袜），然后物流特别慢，大概一周多。到了之后，我发现袋子里面的只有一双腈纶的袜子，（有点像家居的那种保暖袜，十分便宜的那种），周五到货马上联系客服，不回复。申请退款店家给拒绝了，东西链接也下架。快递袋上店家给快递员备注可能是学生，收不到电话发短信。...,处理中
221,玖富万卡违规放贷，阴阳合同，未经授权上报征信,2020-12-08,https://tousu.sina.com.cn/complaint/view/17351563563/,投诉,玖富万卡,"调整利率,撤销征信问题",本人2018年10月、2018年11月、2018年12月以及2019年3月通过北京玖富普惠信息技术有限公司旗下的玖富万卡以及润小贷分别借款18000元、7000元、8800元、19000元，合计金额为52800元，至今已经累及还款64811.01元，本人查看合同时候发现该公司在借款时候除了放款本人借款外，还额外收取一笔服务费，并且要求本人合并还款，...,已完成
222,河小象乱收费，不允退款,2020-11-24,https://tousu.sina.com.cn/complaint/view/17351421578/,投诉,河小象写字,退款,本人从2020年10月31号购河小象写字课半年课程1780.报名时说有15天的试学课，不满意可以全额退款还送了文具包。我是等到文具包收到才激活课程写字，练了15节。我没时间教，小孩不愿写。我想退款，但河小象老师说是从报名日起算15天才能全额退，又扣文具包200，15节177，还有激活课程费150.一共要扣527元。练15个字扣...,已完成
223,拼多多海杭文具店不开发票,2020-11-19,https://tousu.sina.com.cn/complaint/view/17351380380/,投诉,拼多多客户服务,"赔偿,道歉,作出处罚,开发票",海杭文具店违法不开发票，想用收据糊弄消费者，严重怀疑商家想要偷税漏税。请工商局、税务局帮忙处理一下,处理中
224,京东商家 罔顾央行规定在京东上买卖POS机,2020-11-18,https://tousu.sina.com.cn/complaint/view/17351364773/,投诉,京东客服,作出处罚,京东的商家（妩媚文具耗材专营店）在京东上肆意买卖金融终端POS机。罔顾国家法律在2016年央行就禁止在线上买卖POS 《关于进一步加强银联网络特约商户和受理终端管理的通知》，重申不得网上买卖POS机，且严禁外包机构利用网络渠道售卖受 理终端 希望京东客服及时处理,已回复
225,京东商家 肆意妄为在京东上买卖POS机,2020-11-18,https://tousu.sina.com.cn/complaint/view/17351364662/,投诉,京东客服,作出处罚,京东的商家（星悦办公文具专营店）在京东上肆意买卖金融终端POS机。罔顾国家法律在2016年央行就禁止在线上买卖POS 《关于进一步加强银联网络特约商户和受理终端管理的通知》，重申不得网上买卖POS机，且严禁外包机构利用网络渠道售卖受理终端 希望京东客服及时处理,已回复
226,拼多多商家“晨光文具专卖店”未按约定时间发货，与店铺客服，官方客服沟通无果,2020-11-18,https://tousu.sina.com.cn/complaint/view/17351370018/,投诉,拼多多客户服务,"赔偿,作出处罚,改善服务,解释,发货,补发赠品",不按约定时间发货，且超过约定发货时间后被告知发货时间从原本的11.17推迟至11.27，不按下单顺序发货，与店铺客服，平台官方客服沟通无果。希望这个问题可以解决，给广大消费者一个交代,处理中
227,宏艺文具周边发错少发,2020-11-14,https://tousu.sina.com.cn/complaint/view/17351329653/,投诉,拼多多客户服务,"退款,赔偿,下架产品,补发",在11月8号购买一明星片为王一博款式，发挥好为动漫刺客伍六七且其中没有架子等物品 客服处理结果仅为补偿一元,处理中
228,天猫晨光百联硕专卖店骗我购物返现，等我确认收货好评了才拒绝返款,2020-11-22,https://tousu.sina.com.cn/complaint/view/17351401831/,投诉,天猫,"退款,赔偿,道歉,作出处罚,履约",我给孩子买了一个水粉套餐用于美术课使用，等我下完单付完款，商家直接在淘宝消息里面联系我说，以下本店商品拍下付款，商品赠送，等确认收货本金返还，也没有附带说任何限制条件，本来我不需要其他那些文具，可看到对方是天猫店铺，而且又是在淘宝里发的消息，就参与了，而且全程我每下一单都有和他们客服沟通，然后他...,处理中
229,店铺主体信息后台识别错误，不予更改,2020-11-20,https://tousu.sina.com.cn/complaint/view/17351384553/,投诉,拼多多客户服务,恢复账号,拼多多店铺主体信息，法人姓名，公司名称税号等等后台全部识别错误，不予更改。客服回复注销店铺，但是店铺质保金不退。 店铺名小开心的美好家居生活 店铺编号198035*** 需要修改的信息法人姓名，公司名称，社会信用代码，经营范围，注册地址 申请理由后台把法人姓名，公司名称，社会信用代码，经营范围，注...,已完成
230,搬家丢失重要物品，与客服反应无果，推诿扯皮近一月,2020-11-18,https://tousu.sina.com.cn/complaint/view/17351363088/,投诉,货拉拉APP,"退款,赔偿,道歉,作出处罚,改善服务,解释",在搬家的过程中，先后叫了货拉拉两辆车。起点位置电梯房，全程看护无丢失。到新住处后，因物业突然施工不让货拉拉汽车开入小区，导致第一辆车司机放下东西在小区门口就提前走了，在小区放行后第二辆车才进入，就在此时，因新住址需要爬楼且本人刚手术不适宜全程监督，导致工人在搬运过程中丢失至少两个箱子，其中包括进...,已回复
231,得力文具自营店欺骗消费者,2020-11-11,https://tousu.sina.com.cn/complaint/view/17351296627/,投诉,阿里客服,"退款,赔偿,道歉,作出处罚,解释,下架产品,修改宣传内容",在得力文具自营店买的产品，损坏了很重要的文件商家说我使用不了，我邮过去让他使用，他说没有先例我与店铺客服协商，客服态度不好没有一个解决事情的态度此店铺评论无法上传，这是消费者的不尊重,处理中
232,福气文具馆，假货，不好好解决,2020-11-10,https://tousu.sina.com.cn/complaint/view/17351284185/,投诉,拼多多客户服务,赔偿,笔不是正品，标签贴反了，买家不好好解决，让自己撕下来从新贴,处理中
233,小孩拿我手机去充值游戏,2020-11-08,https://tousu.sina.com.cn/complaint/view/17351256549/,投诉,光遇手游,退款,他说自己用我手机去买文具那些，然后我就给他，并把支付密码告诉他，结果他拿去充游戏了,已完成
234,京喜app爱好文具旗舰店不让使用优惠券，强制退款。,2020-11-03,https://tousu.sina.com.cn/complaint/view/17351213756/,投诉,京东客服,"退款,赔偿,道歉,作出处罚,改善服务,解释,下架产品",拼单优使用11块优惠券购买。爱好文具。地址下错，让客服更改，更改错误，我让重新更改，他说没有我说的北格镇。直接让我退款。退款不给通过，说售后处理。那就不退了，发吧。让更改地址，抗拒不更改。,已回复
235,公司用信封，在比玛文具采购，商家拒开发票，导致公司无法报销,2020-10-31,https://tousu.sina.com.cn/complaint/view/17351188404/,投诉,饿了么客户关怀,开发票,公司用信封，在比玛文具采购，商家拒开发票，导致公司无法报销,已完成
236,淘宝店铺名称：“小骨正版图书店”虚假发货，销售盗版书籍,2020-11-04,https://tousu.sina.com.cn/complaint/view/17351224882/,投诉,阿里客服,"作出处罚,下架产品",淘宝店铺名称“小骨正版图书店” 旺旺ID小骨商店 该店铺工商注册资料 公司名称 兰山区幼叶百货零售店 统一社会信用代码／营业执照注册号 92371***MA3QW0ED66 注册地址 临沂市兰山区工业大道与聚财四路交汇的角沂小区西沿街28号楼 法定代表人 温天飘 经营范围 零售日用百货、文具用品、办公用品、图书...,处理中
237,商家涉嫌偷税漏税拒开发票,2020-10-31,https://tousu.sina.com.cn/complaint/view/17351191866/,投诉,阿里客服,开发票,淘宝商家 得力办公文具尚诚店涉嫌偷税漏税不肯为客户开具发票，开具发票要求客户额外加钱。开发票纳税本就是商家的义务,处理中
238,参加京东商城相关店铺签到活动 京豆未到账,2020-10-28,https://tousu.sina.com.cn/complaint/view/17351165531/,投诉,京东客服,"赔偿,道歉,改善服务,解释",参加欧唛文具京东自营官方旗舰店签到活动，京豆未到账。多次联系客服，客服态度极其恶劣，告诉我没有订单解决不了问题，京东商城找不到欧唛文具这个店铺。更有工号302***客服人员亲口告诉我，邮件收到了，就是没看没处理。,已回复
239,淘宝店铺：“小骨正版图书店”大量销售非法出版物,2020-11-04,https://tousu.sina.com.cn/complaint/view/17351224846/,投诉,阿里客服,作出处罚,--------------淘宝天网猫店大量销售非法出版物 淘宝店铺名称“小骨正版图书店” 旺旺ID小骨商店 该店铺工商注册资料 公司名称 兰山区幼叶百货零售店 统一社会信用代码／营业执照注册号 92371***MA3QW0ED66 注册地址 临沂市兰山区工业大道与聚财四路交汇的角沂小区西沿街28号楼 法定代表人 温天飘 经营...,处理中
240,2020年3月29日，我不知道我儿子在洪恩商家购买洪恩识字的终身会员，现请求退款,2020-10-22,https://tousu.sina.com.cn/complaint/view/17351121371/,投诉,洪恩识字,退款,2020年3月29日，我不知道我儿子在洪恩商家购买洪恩识字的终身会员，而且后来发现洪恩公司有套文具套装未赠送，现请求退款。,已完成
241,团美办公文具专营店涉嫌虚假宣传,2020-10-20,https://tousu.sina.com.cn/complaint/view/17351106274/,投诉,拼多多客户服务,"退款,赔偿,作出处罚,退货,修改宣传内容",买的是孔庙祈福的 订单号上也是孔庙祈福 收到的却不是晨光的孔庙祈福 问商家 回答这是同一个型号的 但是在宣传栏上没有写明确 而且下单也没有提示说这是发同型号的 虚假宣传 权利受到损害,处理中
242,拼多多的梦越办公用品专营店购买的商品超过一个星期不更新物流,2020-10-18,https://tousu.sina.com.cn/complaint/view/17351086405/,投诉,圆通速递,"快速配送,要求物流如实反馈",我在拼多多的梦越办公用品专营店购买文具，物流停在广州发往太原的路上，现已超过一个星期未更新快递信息，每次询问卖家让他帮忙查询一下，卖家只会说我查查，我催下，在核实这种话术，我等了好几天都没准话，只好自己给圆通打电话，打过去以后圆通人工服务没有接，说暂忙之类的话，拼多多联系了两个在线客服，第一个客...,已完成
243,百世快递员胡乱收费,2020-10-19,https://tousu.sina.com.cn/complaint/view/17351093291/,投诉,百世快递,"赔偿解释,快速配送,改善服务,退费",10月18日我寄了一箱衣服和一床被子和一些文具，17｝日晚上下的单然后百世发一个短信，第二天我拨打短信上面的电话过去问，因为我没有袋子，那个姐姐接电话说没有看见我的订单，然后说可以现在下单，让快递员联系我，然后他们可以提供包装，然后接近中午快递员打电话，一点钟过来取件，我当时问他，他说一起要不到多少钱...,已完成
244,书房斋文具办公用品批发拒绝发货，20天不发货不回消息,2020-10-15,https://tousu.sina.com.cn/complaint/view/17351058150/,投诉,阿里客服,"赔偿,道歉,作出处罚,发货,关闭店铺",9月22号下单商品，20天不发货也不说原因，每次问都说当天发，但是不发，后来就不会消息。投诉商家不发货之后威胁不撤销投诉就不发货。这种商家为什么还能开店淘宝是无息贷款吗要求双倍赔偿金额，或者关停该店铺,处理中
245,对未来星文具店投诉退款,2020-10-10,https://tousu.sina.com.cn/complaint/view/17351018468/,投诉,拼多多客户服务,"退款,赔偿",本人于2020-8-12日于未来星文具店购买30块即一盒橡皮，于2020-8-14到达并签收，出于对卖家的信任并给以好评，卖家奖励1元红包。由于受到后孩子并没有开学所以没有使用到，到9.1日还学的时候孩子开始使用，刚开始使用的时候就说擦不干净，我说是孩子不使劲的原因，就让孩子一直用，知道现在我用了一次才发现我一直在冤枉...,处理中
246,芒果好物,2020-10-08,https://tousu.sina.com.cn/complaint/view/17350995904/,投诉,芒果TV官方客服,退款,今年年初购买的名侦探学院官方周边文具套装，说好九月发货，一直没有发货。查询过程中发现商品已经下架，联系不到客服，没法退款,已完成
247,简菲文具儿童玩具采购商城,2020-10-08,https://tousu.sina.com.cn/complaint/view/17350996901/,投诉,阿里客服,赔偿,商家漏发商品，欺骗顾客，顾客要急用，耽误时间，最终却只能说无法弥补,处理中
248,招商银行信用卡暴力催收拒收听取客户意见强行征收高额违约金,2020-10-07,https://tousu.sina.com.cn/complaint/view/17350986879/,投诉,招商银行信用卡,"退款,解释,改善服务,退息,退违约金,停息,个性化分期",本人招商银行老客户，13年开始使用信用卡，长期保持良好信用记录，额度是普通信用卡封顶的五万。疫情期间周转困难于4月底五月初开始全面逾期，由于我是做文具实体店生意，九个月没有营业，没有经营性收入，没有任何补贴，还需要交房租需要基本生活开销，一月资金链断裂开始周转，苦苦支撑到四月底，实在无力周借后才全面...,已回复
249,招联金融低利息吸引客户加入后随意抬高利息并且收取服务费暴击催收冒充公检法恐吓,2020-10-07,https://tousu.sina.com.cn/complaint/view/17350985549/,投诉,招联金融,"停止骚扰,道歉赔偿/解释,处罚,撤销征信问题,提供结清证明,退息,退服务费",本人于17年通过某宝开通加入招联金融，刚开始利息便宜，很方便平常周转，我是做实体店文具生意的，也就是做学生生意的，平时进销货资金周转比较大，各种信用卡贷款我长期使用并且一直保持良好的还款记录，图一可以看到。今年一月遇到疫情学生放假我店铺也暂停营业，货物积压无法变现资金链断裂，但是即便如此我也努力周...,已完成
250,京东专员工号301***包庇格青德办公旗舰店,2020-10-03,https://tousu.sina.com.cn/complaint/view/17350961187/,投诉,京东客服,"退款,赔偿,作出处罚",本人于2020年9月17日在京东平台下单购买商品文具笔，到货后使用中出现多数笔不出墨的现象，随后找商家协商处理，商家却一直不回复消息，之后发现商家出售的这款笔为得力笔，而商家为无授权出售，我又在菜鸟裹裹中发现商家在天猫下单给我发货，且该天猫店铺并未与京东合作，商家已经将我的信息泄漏出去，有好几个骚扰电话...,已回复
251,在拼多多有光文具专营店下单后没有商品信息和客服反复联系他一直推诿不解决,2020-09-26,https://tousu.sina.com.cn/complaint/view/17350906520/,投诉,拼多多客户服务,"退款,赔偿,道歉,作出处罚",在拼多多有光文具专营店下单后没有商品信息和客服反复联系他一直推诿不解决,处理中
252,拼多多平台购买商品后，退款，卖家要求拒收，但买家并没有收到快递信息,2020-09-27,https://tousu.sina.com.cn/complaint/view/17350912131/,投诉,拼多多客户服务,赔偿,拼多多平台购买商品后，退款，卖家名为学霸文具店要求拒收，但买家并没有收到快递信息，无法拒收，拼多多官方要求提供凭证，但买家没有收到任何关于商品的信息，无法提供凭证，拼多多官方强制收货，关闭售后,处理中
253,温度计严重质量问题，请按新消法章节进行赔偿,2020-09-26,https://tousu.sina.com.cn/complaint/view/17350906239/,投诉,京东客服,赔偿,在京东购买一单晨光文具，赶上了五折活动，半夜抢了99-30优惠券，使用了运费券，辛苦凑单两小时。其中温度计出现严重质量问题，买了两支，两支温度计始终存在五度以上温度差，10%湿度差。此商品无异废品，同时我对该商品彻底失去信任，不接受换货，换货只能用劣质商品换走劣质商品。京东客服居然只同意7元实付款退货退款...,已完成
254,卖家拒绝承认赠送活动，并威胁买家拉黑警告（亚信文具专营店）,2020-09-22,https://tousu.sina.com.cn/complaint/view/17350874560/,投诉,阿里客服,"道歉,解释",卖家宣传时是买2送1，实际到货后并没有收到赠品，与卖家沟通时卖家拒绝承认赠送活动，并威胁买家拉黑警告,处理中
255,团美办公文具专营店 拒不发货，单方面取消订单给我退款,2020-09-17,https://tousu.sina.com.cn/complaint/view/17350830424/,投诉,拼多多客户服务,作出处罚,团美办公文具专营店以缺货为由单方面取消订单给我退款，我申请多多客服介入，但是并没有对商家做出处罚，并以商家缺货为由给我退款，但是商家并无缺货，事后我也可以正常在此商家购买同一样商品,处理中
256,平台欺诈行为，价格不符拒绝退手机,2020-09-12,https://tousu.sina.com.cn/complaint/view/17350790123/,投诉,转转客服中心,要求退换手机,我有一部苹果x64G黑色手机，犹豫孩子刚上小学家里条件不好想给孩子买文具，我想把这部手机在转转卖掉，我当时查看了一下平台给的报价是2500多，我想这还行就在转转保卖平台下单了，把电话给他们公司邮寄了过去，一天后平台给了报价是1660元，而且还扣掉了手续费90元，当时我一看这和评估价格不符啊，当时我就想啊这平台...,已回复
257,家里小朋友在苹果手机上偷偷购买王者荣耀和和平精英点券，申诉，苹果公司不予退款,2020-09-13,https://tousu.sina.com.cn/complaint/view/17350798885/,投诉,Apple支持,退款,小朋友11岁，在疫情放假期间使用苹果手机在王者荣耀、和平精英、快看漫画、腾讯QQ等APP偷偷充值1053元，本来是给她买文具的钱，一直呆在家里也没地方花钱，开学叫她购买文具的时候支支吾吾不支付，询问下得知这一情况，查询手机消费记录从7月30号到9月5号消费了118笔订单，一共1053元，严厉教育过小朋友以后把手机各种密...,处理中
258,被系统误判停机诱导销卡，销卡后无法重新办卡。要求解除黑名单给予办卡。,2020-09-14,https://tousu.sina.com.cn/complaint/view/17350807291/,投诉,中国联通客服,"补卡,道歉,解除黑名单给予办卡",尊敬的受理人员，您好。情况是这样的，我经营着一家电子商务公司，在淘宝上卖文具。前段时间因为有一款产品报活动超卖了，所以我这边客服用我办理的手机号给买家打电话告知买家换货或者申请退货的事宜，因打电话数量过多，被联通公司给停机了。当时给联通打客服电话说明了情况，根据他的操作提示解封了，可是第二天又被...,已完成
259,快手闪电购抓图十张，八张错误，导致误判，罚款2000，扣分20,2020-09-10,https://tousu.sina.com.cn/complaint/view/17350771574/,投诉,快手小客服,"恢复账号,撤销处罚",黑猫平台你好，我是快手平台商家，美好严选。2020年09月08号，下播后，发现有违规提示，超出闪电购经营范围，罚款2000，扣分20，并抓取十张图片。（其中错误八张）。我是卖文具百货，错误识别成玩具，导致电脑误判严重违规。 1，电脑误判，十张照片，八张错误。导致电脑识别严重违规，罚款2000，扣分20。 我是卖文具百货...,已完成
260,众亿兴隆办公专营店,2020-09-07,https://tousu.sina.com.cn/complaint/view/17350748652/,投诉,拼多多客户服务,"赔偿,道歉,作出处罚,改善服务",反馈客服两个问题一、笔头断了，并附照片二、水彩笔颜色不正，例如黄色用的是荧光黄。客服开始只回答第二个问题，说是正常颜色。又追问了一遍笔头断了的问题，客服说让拍整体的照片，因此有了截图的对话。我发给客服的照片，又发给了好几个人看，大家都能看出笔的问题，但文具店专门卖这个的客服却看不出来，就是诚...,处理中
261,包邮快递胡乱收费，拒交费后滞留我的快递，但是物流显示已到快递点，信息不准确,2020-09-02,https://tousu.sina.com.cn/complaint/view/17350709276/,投诉,韵达速递官微,"赔偿解释,快速配送,要求物流如实反馈,解释,退费,道歉,发货",8月29日我于淘宝（高同弘文文具专营店）购买两盒彩泥，（吃书怪文具专营店）购买两盒彩笔，都是分两次，总共四次购买，一盒彩泥彩笔于29日当天发货，8月31日我已确认收货，拿取快递时告知我要收取2元钱，但解释不了收钱原因，我联系客服货物是否包邮，客服告知包邮，后未产生纠纷，让我把两件快递拿走，一盒彩笔于30日发...,已完成
262,晨光文具店（呼玛路店）,2020-08-30,https://tousu.sina.com.cn/complaint/view/17350684375/,投诉,美团网客服小美,退款,购买了一款苹果有线耳机。在购买的时候就已经问商家需不需要打开蓝牙店家回复不需要。等耳机拿到了是需要打开蓝牙的 并且耳机严重电流 美团客服介入非但不接电话并且把我的订单退款取消真的恶心,已完成
263,拼多多霞宇文具专营店,2020-08-30,https://tousu.sina.com.cn/complaint/view/17350682162/,投诉,拼多多客户服务,退款,商家少发货，我的订单是30根铅笔 30块橡皮 削笔器，收到货确实20根铅笔，快递外包装完好无损，肯定是商家少发货了。 于是我找了客服联系，他们一直敷衍了事，不给解决，态度有问题，我应该维护自己的消费权益，所以投诉他们店，希望能合理的解决问题,处理中
264,京东虚假宣传做假活动 以系统判定为由强行砍掉文具订单直接,2020-09-01,https://tousu.sina.com.cn/complaint/view/17350693772/,投诉,京东客服,"赔偿,道歉,改善服务,解释,恢复账号,恢复优惠券",今日凌晨本人看到京东平台有文具促销活动 看到价格合算便选购了很久 凑单选品都耗费了大量时间 而在付款阶段却被京东平台强行取消订单 咨询客服客服说我的选购超过了生活需求 本人觉得十分可笑 请问一个垃圾桶一个排插固定器两个橡皮擦两个胶带两个笔芯一个胶棒就不是一个人需要的东西了吗 请京东平台给我一个合理的解释...,已完成
265,关于淘宝商品问题的投诉,2020-08-21,https://tousu.sina.com.cn/complaint/view/17350597518/,投诉,阿里客服,"赔偿,道歉",我在2020-07-19 111548购买的晨光文具米菲速干按动中性笔0.5mm子弹头学生水笔签字笔FGPH6204收到货后我发现有破损我就找商家了商家说有快递公司给我打电话了说我说的商品外包装没有破损但是根本没有快递公司给我回电我找客服小蜜了小蜜回复是维权不成立我在黑猫投诉的金额是一支笔的钱我现在在黑猫投诉进行投诉，希望...,处理中
266,畅享指尖文具美术用品淘宝店，活动期间特价商品不发货。,2020-08-18,https://tousu.sina.com.cn/complaint/view/17350573449/,投诉,阿里客服,"赔偿,道歉,作出处罚,解释,发货",我购买的畅享指尖文具美术用品淘宝店的造物节活动特价商品不发货。 今年8月10日下单购买的，到目前都没有发货。 一会说没有货，我购买时该链接有95个库存，现在店铺在其他链接依然在售卖同款商品有50个库存。 一会又说是价格标错了，需要单价205元才能购买，比我购买单价116.7元，足足贵了88.3元（此条因电话沟通没有录...,处理中
267,拼多多里面的爱好文具旗舰店，购买的墨囊已经过期，且缺斤少两，卖家拒不退款。,2020-08-18,https://tousu.sina.com.cn/complaint/view/17350571564/,投诉,拼多多客户服务,退款,前几日在拼多多上的爱好文具旗舰店购买了50支黑色墨囊，到货后不仅已经过期而且墨囊都是没装满的半管墨囊。墨囊写出来的字和正品墨囊也极不一样，墨迹很淡，拿这个墨囊和实体店买的墨囊做对比，可以看到，左边实体店的墨囊颜色纯正，装的很满，墨水流动自然，右边网购的墨囊颜色淡，只装了半管墨水，墨水上下分节。要求...,已完成
268,春晓文具日用百货商城,2020-08-06,https://tousu.sina.com.cn/complaint/view/17350472982/,投诉,阿里客服,"赔偿,道歉,作出处罚,改善服务,解释",收到货物破损，内部货物疑似二手，收到是脏的，商家的态度根本不是解决问题的态度，先是退脱，然后指责消费者，虽最终答应顺丰补发，但没有一句道歉的态度,处理中
269,【8件套】学习用品儿童生日礼物开学奖品创意文具套装礼盒礼包,2020-08-07,https://tousu.sina.com.cn/complaint/view/17350483472/,投诉,苏宁客服中心,"退款,赔偿,道歉,作出处罚,下架产品",商家超时发货且虚假发货 填了个单号 一直没有快递揽件 联系商家 商家以台风为由 拒不发货 让我再等几天 既然发不出货 你为什么要卖呢这不是严重恶意且有意为之于是我向苏宁官方客服中心投诉该商家 苏宁不但没有处理 且直接强行关闭了我的投诉页面 并污蔑我在该商家多次下单 恶意下单 苏宁官方客服中心明显在有意包庇...,已完成
270,晨佳办公学生文具,2020-08-03,https://tousu.sina.com.cn/complaint/view/17350445102/,投诉,拼多多客户服务,赔偿,商家在顾客还没下单之前欺骗顾客有某某快递，发货后却发了另一种快递，在与商家协商后，商家并不肯做出赔偿,已完成
271,转转平台处理不公偏袒无良买家,2020-08-04,https://tousu.sina.com.cn/complaint/view/17350455731/,投诉,转转客服中心,"退款,道歉,修改处理结果",本人7月17日在平台卖出一单打包文具，地址是发往新疆的，下单时说了偏远地区物流时间长，买家表示同意，我发了【申通快递】。7月22日买家突然因为个人原因要求退货，找借口说订单时效内东西到不了，我提供了凭证能到达，买家执意要求退货，还辱骂我，我认为是买家单方面要求退货应该承担我发货运费，所有证据都已经提交...,已完成
272,商家发次品 辱骂威胁 平台直接驳回退货申请 关闭全部维权通道,2020-07-27,https://tousu.sina.com.cn/complaint/view/17350389629/,投诉,拼多多客户服务,"退款,赔偿,道歉,作出处罚",在拼多多平台「粤涛进口文具商行」购买百乐中性笔，收到的笔明显陈旧，有使用痕迹。我要求退货退款，但拼多多平台直接驳回，不允许退货退款，并不允许我再次申请维权。期间商家对我频繁电话骚扰、辱骂，污言秽语不堪入耳，还诅咒我「被车撞死」，均已录音。商家只给拼多多平台打了个电话平台就直接关闭我全部维权维权通...,已完成
273,卖我假笔芯 店铺：豪美文具专卖店,2020-07-22,https://tousu.sina.com.cn/complaint/view/17350348220/,投诉,拼多多客户服务,"退款,赔偿,道歉,作出处罚,下架产品",我从他那里购买两盒笔芯，是打算中考前刷题用的，结果一个也不能用，我去找他，他问我多久之前买的，我说有3.4个月，然后就不回我消息了,已完成
274,承诺服务达不到 退费标准不合理,2020-07-13,https://tousu.sina.com.cn/complaint/view/17350269823/,投诉,河小象,"退款,改善服务",1.购课前承诺承担学习期间所有文具，购课后就成了免费提供文具，每次运费自理。2.提出退费要求，答复的退费标准不合理。按交费金额3280，600节课，每课时约5元左右，现在成了只能算300课时，那300课时是赠送，加上所谓技术服务费，合着每节课时近20元，差价近4倍。3.服务态度差，要么不回信息，要么直接就玩消失联系不...,待分配
275,商家虚假发货，客服长时间不处理退款。（拼多多卖家：永永百文图书；书文具商店）,2020-07-09,https://tousu.sina.com.cn/complaint/view/17350238181/,投诉,拼多多客户服务,"退款,道歉,作出处罚",1.卖家所卖图书无法提供正规手续 2.卖家店铺没有营业执照和出版物经营许可证。 3.卖家虚假发货，收货人地址、电话和联系人都不是我。发货使用的快递单号经查询是从淘宝订单导入的（就是从网上找个类似地址的单号），并非拼多多的订单快递。 4.两个卖家，共8个订单，使用一个快递单号。（两个不同的卖家为什么使用一个快...,已完成
276,义乌市广宏文具厂发货发错不为自己失职买单,2020-07-04,https://tousu.sina.com.cn/complaint/view/17350191957/,投诉,1688客户中心,"赔偿,道歉,作出处罚",首先说明我提供的单号是样品订单，大货订单由公司采购下单所以我没有要具体单号（如果有必要可以提供）。大概情况是，供应商链接详情里面有两款产品，分为大号款和小号款，虽然拍下的链接只有小号款，但我已经和供应商提前确认过款式要大号款，我在该链接拍下的样品也是大号款，我也有详细备注，有提前和供应商确认款式...,处理中
277,退款过程中涉及包裹已拆就要扣100元材料费。送货快递放门口就显示签收，而且破了。,2020-07-02,https://tousu.sina.com.cn/complaint/view/17350177495/,投诉,猿辅导,退款,退课就要收取已拆包裹的100元材料费。快递放门口就显示签收了，上海前段时间梅雨季，包裹又脏又破，等擦干透整理干净再拆看看里面书有没有破损，材料完好无损没有用过里面所有的东西。也拍视频给助教老师了，但处理很慢，而且说客服就说拆了就不退了。请问这类问题如何处理。 语文数学联报的，数学已退款，但是涉及联报...,已完成
278,莫名其妙的扣费,2020-06-18,https://tousu.sina.com.cn/complaint/view/17350058908/,投诉,轻颜相机,退款,莫名其妙扣我18，救救孩子吧孩子没钱了。刚把钱充到支付宝想要买文具结果就扣完了，钱不够了我吐了。,已完成
279,东莞市莞城潮兴文具店（和生文具办公用品）,2020-06-17,https://tousu.sina.com.cn/complaint/view/17350049667/,投诉,阿里客服,"道歉,作出处罚,改善服务,发货",该店登记地址东莞市莞城街道创业社区莞太大道122号和生文具办公用品交易中心B馆一楼1 030号 2020年2月2日拍下两个订单口罩，订单号分别为582276647426327***和582275815631327***，由于过年疫情影响，商家没发货可以理解，我也没找商家理论，结果今天6月12日，淘宝私自关闭订单，还说商家无法完成发货，所以退款我拍...,处理中
280,东莞市莞城潮兴文具店,2020-06-12,https://tousu.sina.com.cn/complaint/view/17350005824/,投诉,阿里客服,"赔偿,道歉,作出处罚,改善服务,发货",2020年2月2日拍下两个订单口罩，订单号分别为582276647426327***和582275815631327***，由于过年疫情影响，商家没发货可以理解，我也没找商家理论，结果今天6月12日，淘宝私自关闭订单，还说商家无法完成发货，所以退款我拍下该商品，是否就达成购买合同，商家还在的情况下是否需要履行发货的义务淘宝客服私自关闭订...,处理中
281,恶意漏发，拒不补货，客服态度恶劣,2020-06-14,https://tousu.sina.com.cn/complaint/view/17350018514/,投诉,阿里客服,"退款,赔偿,道歉,作出处罚,改善服务",我于6月10日在得力五星专卖店购买了文具用品，6.12日天天快递客服人员送达一个包裹，包裹货物单外面详细记录了所购买的东西，但是打开快递，里面只有文件夹，其它物品缺少，联系商家客服，客服要求还原拍照证实，图片发过去后，商家嫌麻烦拒不补发货品，要求商家自行退款申请，退款申请好后，商家拖鞋时间不处理，客服态...,处理中
282,卖家利用优惠低价刷排名，下单后拒绝发货,2020-06-11,https://tousu.sina.com.cn/complaint/view/17349993303/,投诉,阿里客服,"作出处罚,解释,发货","2020－5－29在淘宝杰欧祺舰店购买了个多功能笔盒,当时发货时间是48小时内发货,但2天后实然变成35天内发货,且货物下架，资询客服不回答,不理睬,后点进店铺后全是卖鞋,完全没有文具，商家存在利用虚假商品刷排名",处理中
283,那个刷宝钻的钱能不能退还给我啊,2020-06-08,https://tousu.sina.com.cn/complaint/view/17349971230/,投诉,刷宝短视频,退款,就是那个刷宝钻的钱能不能退还给我我好不容易弄的，本来一百多的，就因为刷宝钻，现在只有八十多了，能不能帮我联系一下客服，把刷宝钻里的钱退还给我，我要用来买文具的啊，拜托了啊,已完成
284,悦动圈网络马拉松活动套餐选错不能退换,2020-06-02,https://tousu.sina.com.cn/complaint/view/17349914006/,投诉,悦动圈,"退款,道歉",在悦动圈APP里报名了盛夏童心网络马拉松比赛，错选了119.9元的童年文具大礼包套餐，想要把套餐退了，或者换个套餐，联系微信人工客服说明情况，客服以奖牌套餐为定制，不能退换为由拒绝，活动只是说明奖牌为定制不能退换，没说明文具套餐也属于定制范围，我现在想要退了文具套餐,已完成
285,"淘宝出现二道贩子,出现严重问题 淘宝不处理。",2020-05-29,https://tousu.sina.com.cn/complaint/view/17349882083/,投诉,阿里客服,"赔偿,道歉,作出处罚","我在淘宝购买物品,在晨光文具店 购买的商品 不知道为什么订单出现在雅施达商店,出现了严重的问题，导致家具损坏。 淘宝说晨光文具店是二道贩子，事后他下架了所有商品联系不到了， 淘宝客服不管，让自己处理。",处理中
286,"客服不处理,不予退款,服务不到位,账号问题,退店",2020-05-27,https://tousu.sina.com.cn/complaint/view/17349862631/,投诉,拼多多客户服务,退款,由于店铺经营不善，不打算做文具了，所以关闭了拼多多店铺，退保证金途中无违规无投诉，也没收到任何投诉通知和邮件。拼多多无故在退店快结束的时候同一时间同一秒钟给我店铺三级限制，且没有任何电话或者邮件通知，也没有说明原因，哪里违规，导致退店无法成功，不想退还保证金。且限制时间为三年。与强盗有何区别,已完成
287,骗取货款和快递费，我从来没买过这个东西。无法联系商家。,2020-05-25,https://tousu.sina.com.cn/complaint/view/17349846556/,投诉,京东物流客服,退款,因为在忙，叫楼下文具店代收代付款的，以为是抖音买的东西拢了。但打开包裹后发现，我根本就没买过这个东西。一个破香囊，79元。发货地址河南南阳市镇平县城，始发地显示驻马店66—成—14，手机号131…3819，宋某。根本无法联系到商家。要求退款,已完成
288,关于淘宝卖家润雅文具店的虚假宣传欺诈消费者行为,2020-05-18,https://tousu.sina.com.cn/complaint/view/17349779611/,投诉,阿里客服,"赔偿,道歉,改善服务,修改宣传内容",商家在宣传信封商品时，出现了“可邮寄”字样，但是收到的商品信封没有邮局监制信息，是不符合国家规定的信封，无法邮寄，与店家协商时商家拒不承认，坚持自己的信封可以邮寄，并将我拉黑处理。,处理中
289,北京友缘在线网络科技股份公司，约会吧霸王扣款,2020-05-20,https://tousu.sina.com.cn/complaint/view/17349795259/,投诉,友缘在线,"退款,赔偿",北京友缘在线网络科技股份公司存在不正当欺诈消费者，通过免费领取该软件三天体验会员，诱导消费者签订支付宝自动扣款，随后通过APP弹射窗口，一触碰就会自动扣款，牵连的受害用户较多，各种搜索引擎都能搜索到关于友缘在线公司欺诈消费者的信息，此类公司在各大主流软件投放APP广告，诱骗消费者下载，望对该公司进行审...,已完成
290,北京友缘在线网络科技有限公司，约会吧APP涉嫌欺骗消费者,2020-05-19,https://tousu.sina.com.cn/complaint/view/17349787273/,投诉,友缘在线,退款,北京友缘在线网络科技股份公司存在不正当欺诈消费者，通过免费领取该软件三天体验会员，诱导消费者签订支付宝自动扣款，随后通过APP弹射窗口，一触碰就会自动扣款，牵连的受害用户较多，各种搜索引擎都能搜索到关于友缘在线公司欺诈消费者的信息，此类公司在各大主流软件投放APP广告，诱骗消费者下载，望对该公司进行审...,已完成
291,超薄双面胶白色纸小胶纸 文具胶带强力胶带纸可手撕粘胶,2020-05-15,https://tousu.sina.com.cn/complaint/view/17349750219/,投诉,阿里客服,作出处罚,12天发货时效，一开始一直不发货，后面发货了但查不到物流信息，过了十天半个月了也没快递到，卖家的行为属于欺骗消费者行为，虚拟发货,处理中
292,凯茂文具专营店,2020-05-09,https://tousu.sina.com.cn/complaint/view/17349698099/,投诉,阿里客服,赔偿,买了两盒笔 用了一段时间后发现笔不出水严重 断油 两只都是 卖家不解决问题 含糊其辞 说是快递的错 是我的错事是纸的错,处理中
293,淘宝卖家通过旺旺信息强迫我要挟我给他好评。,2020-05-10,https://tousu.sina.com.cn/complaint/view/17349702092/,投诉,阿里客服,"退款,作出处罚,下架产品",在2020年4月24日，我在淘宝网的锦边数码专卖店买了个抖音同款网红流沙文具盒。物流速度特别慢。并不远的距离五天才到货。因此我一直没有确认收货。系统确认收货之后，我也一直没有做出评价，因为我感觉这个文具盒真心不怎么样。不仅质量不好，而且还特别的小，根本装不进去几支笔，所以懒得做评价。结果这下麻烦了。锦边...,处理中
294,北京友缘在线网络科技有限公司,2020-05-07,https://tousu.sina.com.cn/complaint/view/17349667025/,投诉,友缘在线,"退款,改善服务",北京友缘在线网络科技股份公司存在不正当欺诈消费者，通过免费领取该软件三天体验会员，诱导消费者签订支付宝自动扣款，随后通过APP弹射窗口，一触碰就会自动扣款，牵连的受害用户较多，各种搜索引擎都能搜索到关于友缘在线公司欺诈消费者的信息，此类公司在各大主流软件投放APP广告，诱骗消费者下载，望对该公司进行审...,已完成
295,美橙文具淘宝店铺客服，态度强硬，不予退款,2020-04-29,https://tousu.sina.com.cn/complaint/view/17349588590/,投诉,阿里客服,"退款,赔偿,作出处罚",本人在这家文具店购买文具，到货发现两本本子都是坏的，因为本人学生，没有足够的时间与钱财来进行商品退换货流程，所以要求申请仅退款来进行此次交易协商。根据消费者权益保护法第十一条 消费者因购买、使用商品或者接受服务受到人身、财产损害的，享有依法获得赔偿的权利。我有权得到补偿，于是就干脆将申请仅退款作为...,处理中
296,诱导消费者,2020-05-03,https://tousu.sina.com.cn/complaint/view/17349626991/,投诉,友缘在线,退款,北京友缘在线网络科技股份公司存在不正当欺诈消费者，通过免费领取该软件三天体验会员，诱导消费者签订支付宝自动扣款，随后通过APP弹射窗口，一触碰就会自动扣款，牵连的受害用户较多，各种搜索引擎都能搜索到关于友缘在线公司欺诈消费者的信息，此类公司在各大主流软件投放APP广告，诱骗消费者下载，望对该公司进行审...,已完成
297,虚假宣传.,2020-05-03,https://tousu.sina.com.cn/complaint/view/17349626302/,投诉,友缘在线,退款,北京友缘在线网络科技股份公司存在不正当欺诈消费者，通过免费领取该软件三天体验会员，诱导消费者签订支付宝自动扣款，随后通过APP弹射窗口，一触碰就会自动扣款，牵连的受害用户较多，各种搜索引擎都能搜索到关于友缘在线公司欺诈消费者的信息，此类公司在各大主流软件投放APP广告，诱骗消费者下载，望对该公司进行审...,已完成
298,小猿商城积分兑换逾期未发货，无法联系人工客服，漏发商品仍未补发,2020-04-28,https://tousu.sina.com.cn/complaint/view/17349579977/,投诉,小猿搜题,"改善服务,发货",本人是小猿搜题系列应用的老用户，截止目前本人账户的累计流水积分已有近1.7万分，已经有1.0万余分用于兑换小猿商城产品。 本年度本人在2月24-27日集中兑换多种文具产品，除去兑换失败的商品，其余清单如下 已经收到1.炫黑钢笔 1枝 2.24色可洗蜡笔 1盒 至今未发货或漏发1.满分BOX文具套装 2件（现已...,已完成
299,退回的货物，商家收到货不予退款,2020-04-25,https://tousu.sina.com.cn/complaint/view/17349550479/,投诉,阿里客服,退款,在山西博识文具店购买收付转三种记账凭证69元，发现不是老师指定凭证，当时还未收到货物，然后就将其退回商家，但是商家早已经收到货物，却不予退款，明知我催促退款，却不予回复,处理中
300,学霸文具专营店,2020-04-16,https://tousu.sina.com.cn/complaint/view/17349448975/,投诉,拼多多客户服务,"道歉,作出处罚,解释,下架产品",跟客服提问，提多了问题，并且在他跟我解释后我听懂的情况下说了个行，并下单买货，客服给发了个众所周知现在是骂人的表情，我就很懵。,已回复
301,学霸文具专营店发表情讽刺并且不解释,2020-04-16,https://tousu.sina.com.cn/complaint/view/17349449175/,投诉,拼多多客户服务,"道歉,解释",与客服了解商品，结束时客服发了一个众所周知骂人的表情，我想要解释，问他知不知道那个表情是骂人的，对方明显敷衍，不予以解释。,已回复
302,骚扰我的家人朋友，态度恶劣,2020-04-17,https://tousu.sina.com.cn/complaint/view/17349469248/,投诉,包银消费金融,"道歉,作出处罚",我是做实体的学生文具类，由于疫情影响几个月都无法营业。导致借款无法正常还款。我是想延期还款，也明确表示我的意愿，复工后一定会还钱。逾期第二天包银消费客服说如果还不按时还款就要交给什么第三方，到时候就不会这么客气的了。昨天开始给我家人朋友打电话，态度恶劣，和我家人说我是骗子，没有道德，给我的名誉和...,已完成
303,请退款。,2020-04-11,https://tousu.sina.com.cn/complaint/view/17349396731/,投诉,快看漫画,"退款,赔偿,解释,道歉",快看漫画乱扣费 虽然15块钱不多 但是我是一名初中生 15块钱我都可以买一些文具了 而且 我找客服的时候 要么说不在服务时间 要么就不会 我真的气炸了 所以 我请求快看漫画的客服退款加一个说明。,已完成
304,长卿文具专营店售卖三无产品,2020-04-06,https://tousu.sina.com.cn/complaint/view/17349343323/,投诉,京东客服,"退款,赔偿,道歉,作出处罚,改善服务",长卿文具专营店商家卖我三无产品我和他们协商没有解决，态度还极其不好,已完成
305,退款退货,2020-04-06,https://tousu.sina.com.cn/complaint/view/17349350116/,投诉,小猿搜题,"退款,退货",想要退货，小猿搜题打印机跟那些不服，只能打印小猿搜题的题，但是本来宣传说都可以打印，客服态度令人失望，有这钱，我们学生还不如买晨光的文具也比你说好七天无理由退货不行守承诺强,已完成
306,小猿商城未发货客服还不回复,2020-04-04,https://tousu.sina.com.cn/complaint/view/17349326393/,投诉,小猿搜题,发货,我在小猿买了书和文具，到现在未发货，我去找客服咨询，，客服也不理我，毕竟不知道什么时候开学，怕用不上了，学生党300块也不少了,已完成
307,隆盛文具商行,2020-04-03,https://tousu.sina.com.cn/complaint/view/17349317763/,投诉,拼多多客户服务,"道歉,作出处罚,解释",买错东西 要求商家退款 他说我“不需要就不要拍”还进行语言攻击 当时我不知道什么意思 现在真是服了 中国人的素质就和这些人一样么 订单显示等待快递公司来拿货 骗我已经发走了不给退款 我点退款不给我退 还一个劲的要求我退 还发大笑表情嘲笑人,已完成
308,拼多多平台擅自代替消费者发起申请退款,2020-03-31,https://tousu.sina.com.cn/complaint/view/17349286548/,投诉,拼多多客户服务,"赔偿,道歉,作出处罚,解释,发货",在拼多多绘梦文具专营店买了一件商品，拼多多平台擅自，代替消费者发起了退款申请，,已完成
309,天猫一得阁文具旗舰店少发货及虚假发货,2020-04-08,https://tousu.sina.com.cn/complaint/view/17349285943/,投诉,阿里客服,"赔偿,道歉,发货",我在天猫一得阁文具旗舰店购买了几笔订单的商品，其中第一笔少发，后几笔在催促后卖家填写了之前的快递号虚假发货，实际没有收到全部货品。卖家拒绝沟通协商，以重复的话语搪塞。,处理中
310,北京友缘在线网络科技有限公司自动续费，我要申请退款,2020-04-04,https://tousu.sina.com.cn/complaint/view/17349322048/,投诉,友缘在线,退款,北京友缘在线网络科技股份公司存在不正当欺诈消费者，通过免费领取该软件三天体验会员，诱导消费者签订支付宝自动扣款，随后通过APP弹射窗口，一触碰就会自动扣款，牵连的受害用户较多，各种搜索引擎都能搜索到关于友缘在线公司欺诈消费者的信息，此类公司在各大主流软件投放APP广告，诱骗消费者下载，望对该公司进行审...,已完成
311,未成年游戏消费问题,2020-03-30,https://tousu.sina.com.cn/complaint/view/17349272873/,投诉,腾讯游戏,退款,受2020疫情影响，小孩子未开学在家上课，平时使用家长手机听课，买文具书本等，知道家长微信支付密码。不料借机购买Q币，玩王者荣耀出现高额消费，接近3500元，对普通家庭而言实属打击，家长已狠狠责罚孩子，保证今后会严加管教。已在腾讯客服平台填写申请，原本显示03.29号回复结果，却未收到，还恳请游戏方核实，并给...,已完成
312,没收货却显示买家已签收,2020-03-28,https://tousu.sina.com.cn/complaint/view/17349258926/,投诉,得物App客户服务,赔偿,我在得物上买了一件外套，因为在家不能收快递，地址填的学校门口文具店代收，三月21号没联系到我显示派送失败，三月二十六日跟踪快递我看见显示买家已签收，但是我去学校文具店，并没有收到货，不知道给谁打电话，也不知道谁签收了，我根本没有点确认收货，而且给上海那边打电话没人接，物流上就那一个电话，学生四百多...,已完成
313,一得阁文具旗舰店少发货联系客服客服直接说让我们退款，玩不起，你要不就不要发,2020-03-25,https://tousu.sina.com.cn/complaint/view/17349230712/,投诉,阿里客服,发货,我在一得阁文具旗舰店下了两笔订单购买了共计六瓶练习墨六只行云笔的商品，而商家只发货了六瓶练习墨，没有发六只行云笔过来，这边问客服什么情况，客服直接说让我们退款，显然客服是知道少发了笔的，而且问他他也不回答就是让我退款，态度恶劣。我觉得作为消费者我的权益没有得到保障,处理中
314,文具店尺子规格不对，太耽误事了,2020-03-24,https://tousu.sina.com.cn/complaint/view/17349212737/,投诉,合利宝,退款,孩子在家上网课做作业用的尺子，在小区门口文具店买的， 20CM的尺子居然只有18CM，退货特麻烦，不能直接退给我，让一家叫合利宝的支付公司给我退，好几天了。,已完成
315,小猿搜题积分兑换的 不发退回积分了,2020-03-23,https://tousu.sina.com.cn/complaint/view/17349205830/,投诉,小猿搜题,补发赠品,我与2.28号 积分兑换了一个满分box文具套装 今天3.23号登陆账号发现积分被退回 期间找客服也找不到,已完成
316,积分兑换强制退还，不给予发货,2020-03-23,https://tousu.sina.com.cn/complaint/view/17349198130/,投诉,小猿搜题,"道歉,发货,补发赠品",2020年2月27日和28日我用870积分兑换了满分box，后面我去咨询客服客服说复工会发货重点是会发货，但是到后面他就把积分强制退给我了，然后现在那个礼品也换不了。我辛辛苦苦为别人答题获得的积分现在没有任何用处。就是很虚假的说了七天发货拖了将近一个月都没有发货，结果今天就把所有积分返回给我。我不接受这个结果，...,已完成
317,叁加壹文具特价区售卖违反国家标准的商品，执行标准作废的商品,2020-03-20,https://tousu.sina.com.cn/complaint/view/17349175846/,投诉,阿里客服,"赔偿,道歉,作出处罚,解释",叁加壹文具特价区 凭借着正品保证的旗号，在淘宝上售卖假货，凭借着便宜的价格来吸引顾客，来售卖违反国家标准的商品，他卖的笔芯的执行标准已经被国家作废了很长时间，国家明确表示禁止出售了，而叁加壹文具特价区却继续售卖，欺诈消费者。笔芯是人们日常中每天都要接触的物品，违反国家标准，等于不把顾客生命安全当...,处理中
318,天猫一得阁文具旗舰店虚假发货,2020-03-15,https://tousu.sina.com.cn/complaint/view/17349107135/,投诉,阿里客服,发货,2020年3月6号在天猫一得阁文具旗舰店购买的墨汁墨块笔袋等多种商品共6个订单，卖家虚假发货延迟发货，有三个订单物流单号一直查不到揽件记录，另外三个订单一直不发货,处理中
319,快点发货,2020-03-12,https://tousu.sina.com.cn/complaint/view/17349045556/,投诉,小猿搜题,"改善服务,补发赠品",我用积分兑换的满分box文具套装能不能发货了,已完成
320,卖家拒绝发货，协商无果，已超过约定发货时间，,2020-03-12,https://tousu.sina.com.cn/complaint/view/17349026736/,投诉,阿里客服,发货,我于2020年3月6日，凌晨3点11分在淘宝软件购买“一得阁文具旗舰店”的商品。因3月5日到3月8日淘宝软件有女王节活动，商家设置的优惠与之重叠，商品价格略低。商家以此和疫情为由，不愿发货。我与客服协商无果。至此来投诉，希望商家遵守交易,处理中
321,因商品质量问题，要求退货退款时造到商家语言辱骂，人身攻击。平台不处理。,2020-03-12,https://tousu.sina.com.cn/complaint/view/17349041979/,投诉,拼多多客户服务,"道歉,作出处罚,解释",在拼多多商家悦购文具购买的商品草稿纸五本共500页，订单号200***-609746289713***，在收到货后发现商品质量很差，写字的时候墨水会严重透过纸张。草稿纸这一属就是可以随意写，随意画。但是在今天早上拿到这个悦购文具的草稿纸，写的字会透过纸张洇到第二页上。草稿纸背面也是清晰可见写的字。从而纸张背面无法使用，而...,已完成
322,因商品质量问题要求退货退款，造商家语言辱骂，人身攻击。拼多多客服不处理。,2020-03-12,https://tousu.sina.com.cn/complaint/view/17349041746/,投诉,拼多多客户服务,"赔偿,道歉",在拼多多商家悦购文具购买的商品草稿纸五本共500页，订单号200***-609746289713***，在收到货后发现商品质量很差，写字的时候墨水会严重透过纸张。草稿纸这一属就是可以随意写，随意画。但是在今天早上拿到这个悦购文具的草稿纸，写的字会透过纸张洇到第二页上。草稿纸背面也是清晰可见写的字。从而纸张背面无法使用，而...,已完成
323,淘宝店铺（在旭A98商贸）存在疫情期间故意刷流量行为,2020-03-11,https://tousu.sina.com.cn/complaint/view/17349009945/,投诉,阿里客服,"赔偿,发货",淘宝店铺（在旭A98商贸）上架了一款名为得力19380一次性三层无纺布口罩，商品标注发货时间为2020年3月10日24时前，本人买了两包花费50元，临近日期卖家以无货为由要求买家退款或者无限期等待。我认为淘宝卖家有在疫情期间抓住广大居民心理疯狂抢购口罩的心理，上架与防疫相关的产品，为自己的店铺刷流量，增加人气。且淘...,处理中
324,拼多多商家芯成文具诱导消费者好评,2020-03-07,https://tousu.sina.com.cn/complaint/view/17348958735/,投诉,拼多多客户服务,退款,拼多多商家芯成文具在快递里放了一张诱导消费者好评的字条，然后不兑现自己的承诺，一直不回复,已完成
325,格非文具专营店,2020-03-06,https://tousu.sina.com.cn/complaint/view/17348952016/,投诉,拼多多客户服务,"作出处罚,发货",写48小时间发货却没有物流信，叫我明天晚上看，四十八小时写那了，你72小时怎么回事。,已完成
326,态度不好 服务极差,2020-03-05,https://tousu.sina.com.cn/complaint/view/17348935042/,投诉,小猿搜题,"道歉,改善服务,解释,发货",积分商城兑换的物品的物流情况 客服不予理睬 且无法查到快递单号 并且积分商城持续下架物品以达到不发货的结果 存在欺骗用户的行为。。。。 我认识的好几个人都是这样的了 亏我以前还买了那么多课和文具 资料,已完成
327,淘宝店铺江西南昌晨光文具用品店漏发商品重达1.5kg以上，卖家推脱不处理,2020-03-06,https://tousu.sina.com.cn/complaint/view/17348951328/,投诉,阿里客服,退款,因于前几个礼拜在淘宝店铺江西南昌晨光文具用品店购买了一些本子之类的学习用品，收到包裹后发现原来订购了2款a4图画本共40本，却发了两款各10本，总共漏发了20本，漏发重量达1.5kg以上，于是立马向店铺客服反馈，客服一开始很快作了回复并让我等待快递那边重量核实，可几天之后却一直没有消息，向客服发信息也一直推脱...,处理中
328,韵达快递敷衍收件人,2020-03-06,https://tousu.sina.com.cn/complaint/view/17348948144/,投诉,韵达速递官微,"赔偿解释,改善服务,解释,道歉",本人学生因刷题需要购买签字笔，卖家通过韵达快递寄出，韵达快递以疫情为由拖延派送时间，本人通过在线咨询以及微信公众号人工客服在线交流后客服表示本人所在区域会正常派送，于1～2天内派送，实际上快递物流信息一直卡在24号如今2020年3月6日未发生物流信息变更，下午联系卖家要求催件，快递却表示目前无法进行派送。...,已完成
329,淘宝卖家爱精灵 精致文具，漏发商品，强制消费，态度恶劣,2020-03-05,https://tousu.sina.com.cn/complaint/view/17348930672/,投诉,阿里客服,"退款,赔偿,作出处罚",我于该店铺买了三只笔，分别是粉色绿色黄色，卖家自知没货的前提下，自己打两只绿色的笔。到货后，我联系卖家，他先是提出赔偿我一只笔的价格，即相当于强迫卖给了我一只绿笔。在我反对后，卖家提出销毁一只绿笔，给她拍照，她才会退给我两只笔的金额。期间，服务态度恶劣，说话恶语相向。根据淘宝规则，如果不符合商品...,处理中
330,三年二班文具旗舰店,2020-02-29,https://tousu.sina.com.cn/complaint/view/17348872659/,投诉,百世快递,"改善服务,道歉",我给商家发消息，不回，可以，到了百世快递代收点，那些代收的人骂我们这些拿快递的，还非得等店里就剩我一个女生的时候骂，有男的在的时候服务态度好多了，人一走呵呵了。还有那个人问我尾号的时候还很凶，骂的话也很难听。就算是我问的问题不归商家管，好歹他也回个消息或者说已读吧这是拼多多上的商家，我是真的服...,已完成
331,拼多多商家:何大叔卖文具，少了我的货并且他自己知道，但是不处理并且无视我的消息,2020-03-01,https://tousu.sina.com.cn/complaint/view/17348881780/,投诉,拼多多客户服务,"道歉,作出处罚,解释",是这样的，我买了三套本子，但是他家只给我发了两套。拿快递的时候是我妹妹去拿所以我并不知道那个快递单在哪里找，然后我联系他家，他说让我把快递单发给他，我说找不到了然后让他去看看他们发货的单子，他看了然后知道自己确实少了我的东西，然后就没有然后了，给他家发信息他家客服不理人，无视我的请求到现在没处理...,已完成
332,拼多多三年三班品牌文具店坑骗消费者，骗钱不予退款,2020-02-28,https://tousu.sina.com.cn/complaint/view/17348860486/,投诉,拼多多客户服务,"退款,赔偿,道歉,作出处罚,改善服务,解释",我在这家店一共买了三样东西，然后店家只给我装了一个包裹。但是包裹里少了一样商品。我联系店家。他起初同意退款，最后让我等待。可等了很久后，他让我把申请退款改成申请退货退款。可我这里根本就没有收到货。最后他就一直跟我在那里装不明白，然后他让我去看一下商品页，竟然显示下架了。然后我又去找他，还是死活要...,已完成
333,在晨光文具官方旗舰店下单，在我未知情况下，签收已八天，现在还未收到货,2020-02-26,https://tousu.sina.com.cn/complaint/view/17348830507/,投诉,京东物流客服,"赔偿解释,快速配送,要求物流如实反馈",在晨光文具官方旗舰店下单，在我未知情况下，签收已八天，现在还未收到货已经八天了一点消息都没有，已经反复联系商家客服，客服总推说联系了,已完成
334,派件上门,2020-02-27,https://tousu.sina.com.cn/complaint/view/17348846827/,投诉,中国邮政官微,"快速配送,改善服务",有八个件没有收到，最早的是2月7号到的，早就到附近站点了。刚才打电话让我自己去拿，原因是派件员不干了。派件员不干了，是我们的责任吗我问为什么二十天了才打电话通知，她说 你们那店不开门。从正月初二开始，我们一直在店里住着，从未离开，没有一个电话来询问店里是否有人。而且昨天在没有派送的情况下，物流显示...,已完成
335,南宁市又月文具店,2020-02-18,https://tousu.sina.com.cn/complaint/view/17348740438/,投诉,南宁市又月文具店,退款,该账户提供充值平台服务，造成资金损失惨重，现要求退款,待分配
336,不退货不退款然后价值没有他说的那么多,2020-02-23,https://tousu.sina.com.cn/complaint/view/17348801565/,投诉,超艺办公专营店,"退款,赔偿,作出处罚,解释",我买了128的东西，客服说发188的东西。然后那个福袋上面写了。然后，他好多天才发货。中途还有他不想发货的现象。后来还是发了。但是我收到之后特别惊讶。东西最多也就值几十块钱。然后还有晨光的改正，带那些加起来差不多也就十块钱左右。然后日本的文具也没两三个然后那个加起来也就几十块钱吧。然后我叫客服帮我算一...,待分配
337,北京有缘在线网络科技有限公司存在不正当欺诈消费者,2020-02-24,https://tousu.sina.com.cn/complaint/view/17348803214/,投诉,友缘在线,退款,北京友缘在线网络科技股份公司存在不正当欺诈消费者，通过免费领取该软件三天体验会员，诱导消费者签订支付宝自动扣款，随后通过APP弹射窗口，一触碰就会自动扣款，牵连的受害用户较多，各种搜索引擎都能搜索到关于友缘在线公司欺诈消费者的信息，此类公司在各大主流软件投放APP广告，诱骗消费者下载，望对该公司进行审...,已完成
338,浙江电信未按照爽卡资费履行，并且限速至1mbps,2020-02-18,https://tousu.sina.com.cn/complaint/view/17348746968/,投诉,中国电信客服,"改善服务,赔偿解释,虚假宣传",浙江电信2019年6月23日向国家发展和改革委员会价格司报备未说明有限速服务，而现在私自添加限速服务 爽卡是全国统一资费 浙江电信未履行承诺 而且有官方发文具有法律效益，,已回复
339,小啦啦文具店，逾期不发货，淘宝关闭用户投诉窗口,2020-02-19,https://tousu.sina.com.cn/complaint/view/17348757947/,投诉,阿里客服,"恢复优惠券,尽快发货",投诉窗口关闭，联系客服只让退款，并且不能说明交易有什么风险，只说不让投诉,处理中
340,百世快递一天多了都不揽收,2020-02-12,https://tousu.sina.com.cn/complaint/view/17348684193/,投诉,百世快递,快速配送,我是买了本子文具来上课的，本来之前疫情延误导致年前买的延迟了20天发货都能接受。但是现在快递复工，别的快递都能做到几个小时揽收，怎么就百世一枝独秀。,已完成
341,合肥转运中心延误包裹迟迟不动,2020-02-10,https://tousu.sina.com.cn/complaint/view/17348645654/,投诉,圆通速递,"快速配送,解释",我购买的包裹仅为普通文具，并没有任何扣押理由，况且同时购买的顺丰快递已经到了三四天了，而我的包裹却卡在合肥转运中心迟迟未动，请给一个合理的理由解释，并快速运输。,已完成
342,天猫-犁人文具专营店-售卖三无假冒口罩，延期退货,2020-02-09,https://tousu.sina.com.cn/complaint/view/17348635653/,投诉,阿里客服,"退款,赔偿,道歉,作出处罚,退货",1月30日天猫犁人文具专营店购买N95口罩10个。2月2日收到产品，产品包装简陋，写着9100，与实际N95不符合，且包装上没有厂家，没有日期。客户解释说“因为临时启动的应急订单特殊处理的，现在的订单是没有过期的亲 都来不及做的呢”。遂启动退货，与客服沟通多次，一直让修改成无理由退货。我不认可，我认为就是售卖假冒...,处理中
343,与宣传客服了解到不一致，进去之后有让你交钱，不交理都不理你,2020-02-08,https://tousu.sina.com.cn/complaint/view/17348634651/,投诉,店宝宝,退款,宣传与描述并不相符 1.可以上家的货源其实很少，而且货源很不齐全（例如文具类只有笔，橡皮都没有） 2.教学导师拖拖拉拉，做一步也一定要截图，就像一定要留下证据有什么意图似的 3.转接运行服务时，进入了给钱才服务，说一大堆洗脑用的话，遮遮掩掩 4.客服处理拖拉，宣传客服推导师，导师推投诉，投诉呢投诉压根不...,已回复
344,彬彬文具2店,2020-02-05,https://tousu.sina.com.cn/complaint/view/17348610127/,投诉,拼多多客户服务,"退款,恢复账号,撤销处罚",我是拼多多商家，拼多多商家店铺资金无缘无故被拼多多单方面冻结商家资金.导致无法提现。刚开始说异常要冻结一个月可以提现。一个月到了却显示网络繁忙。联系客服，一直托辞，不予处理。末收到任何违规信息，擅自冻结账户资金,已回复
345,在处处app上被诱骗297元,2020-02-07,https://tousu.sina.com.cn/complaint/view/17348627446/,投诉,友缘在线,"退款,赔偿",北京友缘在线网络科技股份公司存在不正当欺诈消费者，通过免费领取该软件三天体验会员，诱导消费者签订支付宝自动扣款，随后通过APP弹射窗口，一触碰就会自动扣款，牵连的受害用户较多，各种搜索引擎都能搜索到关于友缘在线公司欺诈消费者的信息，此类公司在各大主流软件投放APP广告，诱骗消费者下载，望对该公司进行审...,已完成
346,北京有缘在线网络科技股份有限公司未再本人同意下私自扣款,2020-02-06,https://tousu.sina.com.cn/complaint/view/17348612190/,投诉,友缘在线,"退款,道歉",北京友缘在线网络科技股份公司存在不正当欺诈消费者，通过免费领取该软件三天体验会员，诱导消费者签订支付宝自动扣款，随后通过APP弹射窗口，一触碰就会自动扣款，牵连的受害用户较多，各种搜索引擎都能搜索到关于友缘在线公司欺诈消费者的信息，此类公司在各大主流软件投放APP广告，诱骗消费者下载，望对该公司进行审...,已完成
347,北京友缘网络科技有限公司,2020-02-04,https://tousu.sina.com.cn/complaint/view/17348600786/,投诉,友缘在线,"退款,赔偿,道歉,作出处罚","￼ 投诉编号17347753*** 返回首页 北京友缘在线网络科技有限公司，约会吧APP涉嫌欺骗消费者 [投诉对象] 友缘在线 [投诉问题]客服不处理,不予退款,联系不到客服 [投诉要求]退款,赔偿 [涉诉金额] 165元 [投诉进度] 投诉已完成 ￼ 手机用户2346135*** 评价 2019-11-28 163653 服务态度 处理速度 满 意 度 ...",已完成
348,"客服不处理,不予退款,联系不到客服",2020-02-01,https://tousu.sina.com.cn/complaint/view/17348559846/,投诉,附近蜜聊,退款,北京友缘在线网络科技股份公司存在不正当欺诈消费者，通过免费领取该软件三天体验会员，诱导消费者签订支付宝自动扣款，随后通过APP弹射窗口，一触碰就会自动扣款，牵连的受害用户较多，各种搜索引擎都能搜索到关于友缘在线公司欺诈消费者的信息，此类公司在各大主流软件投放APP广告，诱骗消费者下载，望对该公司进行审...,待分配
349,北京有缘在线网络科技股份有限公司 开通免密支付领取免费三天会员 要求退款,2020-01-31,https://tousu.sina.com.cn/complaint/view/17348557873/,投诉,友缘在线,退款,北京友缘在线网络科技股份公司存在不正当欺诈消费者，通过免费领取该软件三天体验会员，诱导消费者签订支付宝自动扣款，随后通过APP弹射窗口，一触碰就会自动扣款，牵连的受害用户较多，各种搜索引擎都能搜索到关于友缘在线公司欺诈消费者的信息，此类公司在各大主流软件投放APP广告，诱骗消费者下载，望对该公司进行审...,已完成
350,附近秒约软件上被诱导消费，不知情的情况下免密支付购买他们的所谓产品,2020-01-31,https://tousu.sina.com.cn/complaint/view/17348555982/,投诉,友缘在线,退款,北京友缘在线网络科技股份公司存在不正当欺诈消费者，通过免费领取该软件三天体验会员，诱导消费者签订支付宝自动扣款，随后通过APP弹射窗口，一触碰就会自动扣款，牵连的受害用户较多，各种搜索引擎都能搜索到关于友缘在线公司欺诈消费者的信息，此类公司在各大主流软件投放APP广告，诱骗消费者下载，望对该公司进行审...,已完成
351,欺骗消费者,2020-01-31,https://tousu.sina.com.cn/complaint/view/17348553041/,投诉,友缘在线,退款,北京友缘在线网络科技股份公司存在不正当欺诈消费者，通过免费领取该软件三天体验会员，诱导消费者签订支付宝自动扣款，随后通过APP弹射窗口，一触碰就会自动扣款，牵连的受害用户较多，各种搜索引擎都能搜索到关于友缘在线公司欺诈消费者的信息，此类公司在各大主流软件投放APP广告，诱骗消费者下载，望对该公司进行审...,已完成
352,北京友缘在线网络科技有限公司，约会吧app涉嫌欺骗欺诈消费者,2020-01-21,https://tousu.sina.com.cn/complaint/view/17348493844/,投诉,友缘在线,退款,北京友缘在线网络科技股份公司存在不正当欺诈消费者，通过免费领取该软件三天体验会员，诱导消费者签订支付宝自动扣款，随后通过APP弹射窗口，一触碰就会自动扣款，牵连的受害用户较多，各种搜索引擎都能搜索到关于友缘在线公司欺诈消费者的信息，此类公司在各大主流软件投放APP广告，诱骗消费者下载，望对该公司进行审...,已完成
353,意吉泓文具专营店,2020-01-15,https://tousu.sina.com.cn/complaint/view/17348460141/,投诉,京东客服,"退款,赔偿,道歉,作出处罚",我在他这里买了一包美术生专用白颜料，然后到货发现这个颜料跟水一样稀释根本用不了，然后看了一下他们的销售品牌范围也没有青竹授权，于是就发现买到了伪劣产品，质问商家商家也不予回复,已回复
354,京东客服不处理，仓梵文具专营店,2019-09-21,https://tousu.sina.com.cn/complaint/view/17347815307/,投诉,京东客服,"退款,赔偿,道歉,作出处罚,解释",本人在仓梵文具专营店店购买了一款得力品牌的A4纸，收到货后发现与之前在官方购买的相差太多，并且没有相关合格证书。本人准备去询问卖家情况。发现没有客服在线，就去看了一眼店铺授权，发现没有得力品牌的授权。且本人通过菜鸟裹裹得知此商品是从淘宝发货的，我感觉自己买到了假货同时也感觉到自己的信息也被商家泄漏...,已完成
355,京东拒绝换开发票，以发票抬头A公司不能换开B公司为由,2019-09-21,https://tousu.sina.com.cn/complaint/view/17347811719/,投诉,京东客服,换开发票,本人于2019年9月11日941分在京东商城app上购买文具（名称证书，数量10本，金额66元，包扣6元运费）收到货后发现下单时发票抬头（错误的a公司）未更改，当时下单时，京东商城也没有提醒注意发票信息，但发现发票抬头公司不对时，于2019年9月11日立即联系京东客服说明此事，但京东客服以发票抬头a公司不能换开b公...,已完成
356,北京北京友缘在线网络科技股份公司恶意自动扣钱财,2019-10-26,https://tousu.sina.com.cn/complaint/view/17347978403/,投诉,友缘在线,"退款,赔偿,作出处罚",北京友缘在线*科技股份公司存在不正当欺诈消费者，通过免费领取该软件三天体验会员，诱导消费者签订支付宝自动扣款，随后通过APP弹射窗口，一触碰就会自动扣款，牵连的受害用户较多，各种搜索引擎都能搜索到关于友缘在线公司欺诈消费者的信息，此类公司在各大主流软件投放APP广告，诱骗消费者下载，望对该公司进行审查。...,已完成
357,客服不协助解决问题，推卸责任,2019-11-13,https://tousu.sina.com.cn/complaint/view/17348072327/,投诉,京东客服,找发票，客服改善态度,11月4日下单文具和投影仪并要求寄送发票。11月11日收到单号为JDVB584544***的快递，拆开后发现里面只有文具的发票。本以为投影仪的发票会单独寄送，到13日发现，投影仪的发票寄送单号和文具的发票寄送单号为同一个。故联系客服询问漏寄的发票能否帮忙寻找，客服完全不联系后台处理，直接说快递已签收，那就是我已经收到...,已完成
358,北京友缘在线网络科技股份有限公司涉嫌欺诈消费者,2019-12-16,https://tousu.sina.com.cn/complaint/view/17348270752/,投诉,友缘在线,"退款,作出处罚",“北京友缘在线网络科技股份公司存在不正当欺诈消费者，通过免费领取该《处处》APP 三天体验会员，诱导消费者签订支付宝自动扣款，随后通过APP弹射窗口，一触碰就会自动扣款，牵连的受害用户较多，各种搜索引擎都能搜索到关于友缘在线公司欺诈消费者的信息，此类公司在各大主流软件投放APP广告，诱骗消费者下载，望对该公...,已完成
359,虚假宣传欺骗消费者,2019-04-12,https://tousu.sina.com.cn/complaint/view/17347362737/,投诉,拼多多客户服务,下架产品，休整广告,我在2019年4月1日通过拼多多平台在《廉江市雅塘小状元精品文具店》开设的名为《真之味食品商行里》的店铺里浏览到一款名叫意菊伏湿膏的产品，通过浏览该商品页面了解到该产品宣传的这些医疗保健功效于是就购买了该产品，花费了48元人民币，收到产品后结果发现该产品就是一个普通的食品，产品包装标签上也没有网页宣传所...,已回复
360,淘淘猫文具百货店,2019-07-13,https://tousu.sina.com.cn/complaint/view/17347505566/,投诉,阿里客服,"赔偿,道歉,改善服务",在买之前是有和商家问胶带的问题，没货了没通知我就随便邮寄了，本来买这个不包邮，为了买这个买了一些其他的包邮的，没多少钱，但是这个商家说话的态度真的好气，跟我说他态度挺好的，不好就骂我了，淘宝对商家真的没有约束呀，这服务，这态度，真是一家独大的口气,处理中
361,虚假宣传欺骗消费者,2019-04-12,https://tousu.sina.com.cn/complaint/view/17347362737/,投诉,拼多多客户服务,下架产品，休整广告,我在2019年4月1日通过拼多多平台在《廉江市雅塘小状元精品文具店》开设的名为《真之味食品商行里》的店铺里浏览到一款名叫意菊伏湿膏的产品，通过浏览该商品页面了解到该产品宣传的这些医疗保健功效于是就购买了该产品，花费了48元人民币，收到产品后结果发现该产品就是一个普通的食品，产品包装标签上也没有网页宣传所...,已回复
362,解封账号，赔礼道歉，追回车费，书面说明原因,2019-09-05,https://tousu.sina.com.cn/complaint/view/17347740103/,投诉,嘀嗒出行,"退款,解释道歉,赔偿,处罚,恢复账号",2019/9/05日凌晨12.20分，本人在东莞塘厦镇接了个从东深塘厦工业区到东莞市凌奥文具有限公司的订单，乘客预付费到平台，车主也按时到达上车起点，并且点击了到达起点，乘客也上车了（上车点为东深塘厦工业区内的天猫便利店门口）上车后车主询问乘客是走高速还是不走高速，车主说如果走高速，高速费乘客支付，乘客不同意...,已完成
363,淘宝商家欺骗消费者，公然辱骂消费者，淘宝视而不见,2018-10-14,https://tousu.sina.com.cn/complaint/view/17347249538/,投诉,阿里客服,在淘宝买的玩具商家欺骗少发商品，商家竟然遭到商家辱骂，淘宝视而不见，,在淘宝一家名叫韩笑文具礼品批发的商铺购买了很多玩具小商品，但是收到货发现大部分为残次产品，而且数量和种类都不对，随即联系商家，商家不但不处理还出言辱骂，对此我把问题反映给淘宝客服，客服回复对于这样的事情平台会给机会的暂时不会处理，这是什么处理，纵容卖家这种骗人骂人行为 这是一个什么平台服务平台。投...,已完成
364,淘宝店铺艺高文具拿别的坏机器拒绝退货，并且骂人,2019-12-21,https://tousu.sina.com.cn/complaint/view/17348302988/,投诉,阿里客服,"赔偿,道歉,作出处罚",买错机型，协商后退货重新下单，之后拿别的坏机器照片为由拒绝退款，寄回保证是好的，追问不回信息并且骂人侮辱。,处理中
365,72小时未发货,2019-11-19,https://tousu.sina.com.cn/complaint/view/17348107304/,投诉,京东客服,"退款,赔偿,道歉,作出处罚,解释",本人于2019.11.15日在京东商城特凯隆办公文具专营店分两次购买了总价值1776元的加热垫，至今已经72小时未发货，也并没有出现物流，只是显示正在出库，本人购买次商品是学校要求的给我们同学发福利，我已经等了足足三天也并没有发货，这属于单方面的违约，我希望商家能做出处理，本人询问了客服，要求申请按照货款30%的赔...,已完成
366,顺丰快递员不负责把演唱会门票弄丢,2019-11-25,https://tousu.sina.com.cn/complaint/view/17348143518/,投诉,顺丰官方客服,"赔偿,作出处罚",11月30日的演唱会，我是在别人转手溢价买的，11月22号下午五点多卖票的人给我发了截图我才知道快递已经到了。顺丰快递是必须本人签收但是这个快递员既不打电话也不发信息，已经是他的责任了，而且还把快递弄丢了。当天我叫我朋友去快递点找了可是没找到。第二天我叫顺丰快递员给我送来可是告诉我快递已经找不到了，让我...,已回复
367,瑞满恒文具专营店,2019-11-05,https://tousu.sina.com.cn/complaint/view/17348022643/,投诉,京东客服,"下架产品,退一赔三",商家出售的商品无品牌授权，到货后发现商家的商品无品牌授后，给商家发消息也不回复，不予处理，请你们一定要严惩商家，下架商品，没有规矩不成方圆，要不然我只好让工商部门处理了,已完成
368,关于京东无趣不欢文具专营店购买卡西欧计算机的纠纷,2019-10-27,https://tousu.sina.com.cn/complaint/view/17347983643/,投诉,京东客服,"赔偿,道歉,改善服务,退一赔三",本人于2019.10.22-2134在京东无趣不欢文具专营店购买了一个卡西欧品牌的计算器，订单编号105985489***，到货后发现与实物相差太大，很明显不是正品，品质难以得到保障，我和商家理论商家重复说一句话，很明显不是想帮助我解决问题，服务态度极差，我问卖家品牌授权问题，重复一句话逃避问题不敢直面回答，说明店铺并没...,已完成
369,义乌市初韵文具有限公司 王遵义伪造中通快递公司公章并伪造证明，收取高额运费,2019-07-02,https://tousu.sina.com.cn/complaint/view/17347483035/,投诉,阿里客服,"退款,赔偿,作出处罚,退货",我在阿里巴巴购物，卖家收取我运费230元，我收到货品后，通过中通快递查询，货物只有1.69kg，卖家标准计算是5元运费。超出续重江浙沪不超过2元/kg，发现问题后联系卖家，卖家均不回复，无奈申请退货，运费楚只申请了220元，实际支付的是230元卖家以购买即默认运费价格为由，拒绝退还多收取的运费。并一直拒绝退货申请...,处理中
370,平台未经本人允许私自爆我的通讯录，对我和家人进行语言上的威胁,2019-02-12,https://tousu.sina.com.cn/complaint/view/17347317735/,投诉,小赢卡贷,对我通讯录的亲朋好友道歉，禁止骚扰我通讯录的亲戚朋友客户,2018年9月26日我在平台有一笔12000元的借款，总共分12期偿还，已经还了三期，第一期还了1744.96元 ，第二期1324.96元，第三期1324.96元，第四期由于经济上出现困难，造成逾期已经15天，我自己家开了一个文具店，现在也是在往外兑店，我多次和他们协商20号学生开学文具店生意好了，我一定及时去处理这笔借款，但是工作人...,已完成
371,部分商品发错，部分商品根本没有发，联系商家态度及其拖延,2018-11-28,https://tousu.sina.com.cn/complaint/view/17347278613/,投诉,点购文具,请商家在一周内补发漏发发错的商品,一共只在该商家买了六支笔，从下单到商家寄出花费十天，收到后打开看只有三支笔，并且是错误的型号和颜色，透明色能发成黑色，除了眼睛看不见或者故意的我想不到别的原因，另外三支笔根本没发，但擦子发了六个（套餐一支笔一个擦子）证明商家捡货时非常清楚我订单里有六只笔。联系商家提供照片证据申请换货之后，商家及...,处理中
372,北京有缘在线网络科技公司 约会吧app,2020-01-10,https://tousu.sina.com.cn/complaint/view/17348429736/,投诉,北京有缘在线网络科技股份公司,"退款,赔偿",北京友缘在线网络科技股份公司存在不正当欺诈消费者，通过免费领取该软件三天体验会员，诱导消费者签订支付宝自动扣款，随后通过APP弹射窗口，一触碰就会自动扣款，牵连的受害用户较多，各种搜索引擎都能搜索到关于友缘在线公司欺诈消费者的信息，此类公司在各大主流软件投放APP广告，诱骗消费者下载，望对该公司进行审...,待分配
373,北京友缘在线网络科技有限公司，约会吧APP涉嫌欺骗消费者,2019-09-09,https://tousu.sina.com.cn/complaint/view/17347753893/,投诉,友缘在线,"退款,赔偿",北京友缘在线网络科技股份公司存在不正当欺诈消费者，通过免费领取该软件三天体验会员，诱导消费者签订支付宝自动扣款，随后通过APP弹射窗口，一触碰就会自动扣款，牵连的受害用户较多，各种搜索引擎都能搜索到关于友缘在线公司欺诈消费者的信息，此类公司在各大主流软件投放APP广告，诱骗消费者下载，望对该公司进行审...,已完成
374,卖家买辉柏嘉的水溶彩铅 盒子里装的却是爱好的水溶彩铅挂羊头卖狗肉,2019-02-20,https://tousu.sina.com.cn/complaint/view/17347320675/,投诉,阿里客服,要求卖家给个说法！赔我精神损失！,2015年在淘宝“义乌一俊文具商行”加拍了一盒水溶彩铅是辉柏嘉的水溶彩铅用了几次之后一直闲置到今年在二手交易的平台上转出对面买家收到说是假的我才发现确实是辉柏嘉的盒子爱好的笔…卖家存在欺骗消费者的行为挂羊头卖狗肉,处理中
375,商家名称，启步文具,2019-11-04,https://tousu.sina.com.cn/complaint/view/17348020862/,投诉,拼多多客户服务,退款,他们根本不给处理，我问质量怎样，什么时候生产的，他们就说没问题而且他们跟我说如果物品有问题不知道怎么处理，你说，商家这末敷衍，过了吧，我曾经很信任拼多多，但是这个人真的改变了我的所有态度,已完成
376,友缘在线公司霸王条款恶意扣款未经允许扣款而且金额大,2019-12-20,https://tousu.sina.com.cn/complaint/view/17348293117/,投诉,友缘在线,"退款,赔偿",北京友缘在线网络科技股份公司存在不正当欺诈消费者，通过免费领取该软件三天体验会员，诱导消费者签订支付宝自动扣款，随后通过APP弹射窗口，一触碰就会自动扣款，牵连的受害用户较多，各种搜索引擎都能搜索到关于友缘在线公司欺诈消费者的信息，此类公司在各大主流软件投放APP广告，诱骗消费者下载，望对该公司进行审...,已完成
377,商家不发货，客服不按规定处理，一直在敷衍,2019-11-20,https://tousu.sina.com.cn/complaint/view/17348117540/,投诉,京东客服,"退款,赔偿,道歉,作出处罚",本人于2019.11.15日在京东商城特凯隆办公文具专营店分两次购买了总价值1776元的加热垫，至今已经72小时未发货，也并没有出现物流，只是显示正在出库，本人购买次商品是学校要求的给我们同学发福利，我已经等了足足三天也并没有发货，这属于单方面的违约，我希望商家能做出处理，本人询问了客服，要求申请按照货款30%的赔...,已完成
378,拼多多省钱月卡是骗人的，会一直扣钱,2019-08-12,https://tousu.sina.com.cn/complaint/view/17347617152/,投诉,拼多多客户服务,退款,他们骗人，我只是好奇点了一下就直接给我扣费了，没办法，我用了一张券，结果开通后他们才告诉我原来不是直接免单，而是要买15个东西，15个才给免一个单，15个东西能花多少钱了，我发现根本就回不了本，就退款，他们不让退，说已经超出了付款金额，我才5块钱，哪里超了，我也不奢望他们能给我全额退款，那张券就当我5块...,已完成
379,店铺名：胜利文具店,2019-05-10,https://tousu.sina.com.cn/complaint/view/17347392263/,投诉,拼多多客户服务,"赔偿,道歉,作出处罚,改善服务",四月份，我不知道怎么回事支付宝被扣了四百块钱，然后我点进去账单，看到了这个拼多多单号，然后我就打了拼多多客服电话，问了一下，客服说的这个订单是刚下完单就被确认收货了的，而且我根本没有在拼多多下单，我问他们要商家的联系方式，他们还推脱，在我后面极力要求下，他们给了我一个电话，但是打过去都是繁忙，不...,已回复
380,京东萌萌犟玩具乐器拼购专营店发货包裹是空包裹，没有实物，要求店家退款,2019-06-19,https://tousu.sina.com.cn/complaint/view/17347453924/,投诉,京东客服,退款,2019年5月24日在京东萌萌犟玩具乐器拼购专营买耳机一副，6月7日才发货，6月12日才收到，并且该快递跟我从另一个店铺购买文具放到一个快递袋中，即一个快递袋外面贴有两个快递单，分别对应我购买的两个商品但实际袋子里只有一个商品，根本没有耳机，快递外包装完好无损。我我要求退款，店家只退0.5元，不按支付金额退款，...,已完成
381,假货 无趣不欢文具专营店,2019-10-25,https://tousu.sina.com.cn/complaint/view/17347961328/,投诉,京东客服,"赔偿,道歉,作出处罚",买到计算器 本来说用的 结果产品本身质量有问题 京东还不给予处理,已完成
382,有缘在线,2020-01-11,https://tousu.sina.com.cn/complaint/view/17348433482/,投诉,友缘在线,"退款,赔偿",北京友缘在线网络科技股份公司存在不正当欺诈消费者，通过免费领取该软件三天体验会员，诱导消费者签订支付宝自动扣款，随后通过APP弹射窗口，一触碰就会自动扣款，牵连的受害用户较多，各种搜索引擎都能搜索到关于友缘在线公司欺诈消费者的信息，此类公司在各大主流软件投放APP广告，诱骗消费者下载，望对该公司进行审...,已完成
383,京东萌萌犟玩具乐器拼购专营店发货包裹是空包裹，没有实物，要求店家退款,2019-06-19,https://tousu.sina.com.cn/complaint/view/17347453924/,投诉,京东客服,退款,2019年5月24日在京东萌萌犟玩具乐器拼购专营买耳机一副，6月7日才发货，6月12日才收到，并且该快递跟我从另一个店铺购买文具放到一个快递袋中，即一个快递袋外面贴有两个快递单，分别对应我购买的两个商品但实际袋子里只有一个商品，根本没有耳机，快递外包装完好无损。我我要求退款，店家只退0.5元，不按支付金额退款，...,已完成
384,洛江区马甲杜旭明文具店，营业范围是文具，无证销售服装，并且卖的是假货,2019-07-12,https://tousu.sina.com.cn/complaint/view/17347503650/,投诉,阿里客服,"赔偿,下架产品",消费者维权请求书 事情经过描述 2019年6月28日在淘宝网上购买了一件标题为欧洲站重磅真丝连衣裙2019新款夏女名族风蝙蝠袖沙滩长裙宽松桑蚕。淘宝店家网页显示长裙为100%真丝，价值为395.12元，本人成功购买并付款成功。2019年7月2日实际收到货物后发现服装吊牌显示面料为棉100%，与店家沟通，店家说是发错货了。本...,处理中
385,淘宝偏袒卖家，商品质量有问题，提供虚假发票，要求退款，赔偿并解释，,2019-09-10,https://tousu.sina.com.cn/complaint/view/17347758764/,投诉,电视淘宝,"退款,赔偿,作出处罚,改善服务",在淘宝一店铺购买香港美心牌月饼，到货商品存在质量问题，商家存在售假，店铺相关商品被强制下架处理，要求退款，解释，提供凭证，商品淘宝优惠价格为208一盒，在商家提供的发票中一盒为228元，如果卖出，亏本一万多，商家会赔本做生意吗淘宝客服判决过程中，对我的问题视而不见，商家提供的虚假发票不经核实，相同的...,已回复
386,京东自营店以没有发票为由，拖延开发票，耽误报销,2019-06-05,https://tousu.sina.com.cn/complaint/view/17347429346/,投诉,京东客服,开发票,5月31日，我在京东自营下单购买了办公文具，153元左右，用来单位采买。但这批文具分成两批包裹发货，一分包裹的物品和电子发票隔天立即就收到了。但另一个包裹只收到物品，没有收到电子发票，后来我在京东客服平台多次沟通，一开始说我下单是31号，月初开发票很慢，尽快给我开具发票，1到6日之内开具，我不同意，说明我...,已完成
387,商家未在规定时间发货 曦兮萌物文具杂货店,2019-09-20,https://tousu.sina.com.cn/complaint/view/17347809586/,投诉,阿里客服,赔偿,9月11日下单，承诺72小时发货，18日物流一直未更新，联系百世物流，百世物流说明商家未发货，联系商家，商家不打算发货并且要去申请退款，9月18日1505投诉商家，商家要求撤销投诉并发货，快递单显示9月18日153159才发货，距离下单时间已经一周，未按约定时间发货，希望商家道歉并赔偿。订单编号619366240714666***,处理中
388,北京友缘在线网络科技有限公司，享恋APP涉嫌欺骗消费者,2019-12-13,https://tousu.sina.com.cn/complaint/view/17348253047/,投诉,友缘在线,"退款,作出处罚",北京友缘在线网络科技股份公司存在不正当欺诈消费者，通过免费领取该软件三天体验会员，诱导消费者签订支付宝自动扣款，随后通过APP弹射窗口，一触碰就会自动扣款，牵连的受害用户较多，各种搜索引擎都能搜索到关于友缘在线公司欺诈消费者的信息，此类公司在各大主流软件投放APP广告，诱骗消费者下载，望对该公司进行审...,已完成
389,软件附近秒约利用免费领取该软件三天为由，诱导消费者,2019-12-16,https://tousu.sina.com.cn/complaint/view/17348266392/,投诉,友缘在线,"退款,道歉,作出处罚",北京友缘在线网络科技股份公司存在不正当欺诈消费者，通过免费领取该软件三天体验会员，诱导消费者签订支付宝自动扣款，随后通过APP弹射窗口，一触碰就会自动扣款，牵连的受害用户较多，各种搜索引擎都能搜索到关于友缘在线公司欺诈消费者的信息，此类公司在各大主流软件投放APP广告，诱骗消费者下载，望对该公司进行审...,已完成
390,投诉融贤创富文具专营店,2019-09-21,https://tousu.sina.com.cn/complaint/view/17347815786/,投诉,京东客服,"退款,赔偿,道歉,作出处罚,下架产品",我一直很相信京东平台，也一直是一个正品的平台，不和淘宝拼多多一样，但是这一次的消费让我大跌眼界，计算器上面的logo和卡西欧的一模一样，但是手感和材质和正品相差了太多，感觉是假货，因为连个发票什么的都没有，卖家上传了授权书，但是我上官网查询了没有卖家授权书上这家店，卖家这是开了假证明了,已完成
391,小邱文具店，要求平台货款提现到账,2019-10-10,https://tousu.sina.com.cn/complaint/view/17347900888/,投诉,淘集集,要求货款提现,我是小邱文具店，平台提现3个多月了，还没有到账，资源位又不能下架，天天发货没有货款到账，请财务尽快确认到账。,已完成
392,北京友缘在线网络科技有限公司，约会吧app涉嫌欺骗欺诈消费者,2020-01-07,https://tousu.sina.com.cn/complaint/view/17348412500/,投诉,友缘在线,"退款,赔偿",北京友缘在线网络科技股份公司存在不正当欺诈消费者，通过免费领取该软件三天体验会员，诱导消费者签订支付宝自动扣款，随后通过APP弹射窗口，一触碰就会自动扣款，牵连的受害用户较多，各种搜索引擎都能搜索到关于友缘在线公司欺诈消费者的信息，此类公司在各大主流软件投放APP广告，诱骗消费者下载，望对该公司进行审...,已完成
393,百度糯米付款了，商家不发货，要求退款,2019-10-25,https://tousu.sina.com.cn/complaint/view/17347970974/,投诉,百度糯米客服小糯,退款,我在百度糯米平台购买了26500元的文具，商家为郑州喜德龙商贸有限公司，但是我购买后对方一直没有发货，我通过郑州的工商局联系到该商家，对方表示并没有在百度糯米开设店铺，但是我当时购买时商家的地址以及营业执照都是该商家我希望百度糯米可以联系商户退款,已完成
394,领取天猫优惠券和店铺优惠券后购买文具用品，显示活动火爆，名额陆续发放。,2019-10-08,https://tousu.sina.com.cn/complaint/view/17347885428/,投诉,阿里客服,"改善服务,恢复账号,促成订单",领取天猫平台优惠券和店铺优惠券后购买文具用品，显示活动火爆，名额陆续发放。持续半个多小时，订单一直都是显示火爆，无法提交。借用他人账户购买和切换PC端也不能提交订单，理由一样。既然天猫平台发放了相关优惠券，就应该给优惠券领取成功的用户，提供相关的购买服务。,处理中
395,我在京东的无惧不欢专卖店买的晨光文具海贼王按动中性笔写不出字，我认为是买到了假货,2019-09-28,https://tousu.sina.com.cn/complaint/view/17347847974/,投诉,京东客服,"赔偿,道歉,改善服务",我在京东的无惧不欢专卖店买的晨光文具海贼王按动中性笔写不出字，我认为是买到了假货，想请商家出示晨光品牌授权书，商家一直不回应，发起了纠纷，专员也不处理，,已完成
396,拼多多官方客服,2019-08-03,https://tousu.sina.com.cn/complaint/view/17347570923/,投诉,拼多多客户服务,退款,今天在拼多多上看到一个省钱月卡 只是点进去看看而已 并非有想买意向 结果就直接扣了我12块 虽然12块不多 但是我还是一个学生 12块我可以买文具 可以买我用得上的东西 可是我联系拼多多官方客服 就是发这种一大串的字 根本就不是人工 问题是拼多多官方客服发可以人工服务 我点了人工服务 但是没有人回我 根本就是不理睬 ...,已完成
397,迟迟不退钱,2019-09-25,https://tousu.sina.com.cn/complaint/view/17347829300/,投诉,得力文具2018,"退款,赔偿,道歉,作出处罚,下架产品",一开始这个客服告诉我第二天可以发货，过了一会又和我说没货采购会订货，当天下午三点之前订单第二天能发。再接着又告诉我说我着急不保证第二天能发货，72小时发货。像这样的淘宝店就应该关了不该允许开店,待分配
398,快递不知道什么情况，一直在路上,2019-11-19,https://tousu.sina.com.cn/complaint/view/17348110366/,投诉,中通官方微博,"赔偿,发货,告知快递具体配送情况",本人在淘宝上购买了一套文具，打算11.24日国考使用。卖家用中通快递发出，正常早该到了，但现在还没到。已经延误好几天。16号的时候就显示到哈尔滨中转站，但一直在中转站滞留，不发往下一站。期间，我联系了物流客服反馈问题，不久，快递才更新了动态，18号上午由哈尔滨中转站发往我的学校，正常下午就应该到的，但是今...,已完成
399,“千棵树萌物文具“的客服威胁我说，“我有你地址，你敢投诉我，我就搞你”,2019-08-02,https://tousu.sina.com.cn/complaint/view/17347567349/,投诉,阿里客服,"道歉,作出处罚,改善服务,解释",因为我之前买的快件丢了，然后十天才收到货，我给了差评，然后客服和我理论，他态度很不好，骂我智障，还说有我地址，威胁我。说我要是敢投诉他，有我地址，来搞我。说他们是金冠店，不怕。,处理中
400,邮政快递反馈没收到 要求送一下,2019-07-26,https://tousu.sina.com.cn/complaint/view/17347522849/,投诉,中国邮政官微,快速配送,邮政快递9895836199***邮政快递反馈没收到 要求送一下。。整个晨光文具店签收。没人管了。投诉。截图上传,已完成
401,希望能退回我的钱，并取消自动续费,2019-12-17,https://tousu.sina.com.cn/complaint/view/17348276855/,投诉,友缘在线,"退款,解释",北京友缘在线网络科技股份公司存在不正当欺诈消费者，通过免费领取该软件三天体验会员，诱导消费者签订支付宝自动扣款，随后通过APP弹射窗口，一触碰就会自动扣款，牵连的受害用户较多，各种搜索引擎都能搜索到关于友缘在线公司欺诈消费者的信息，此类公司在各大主流软件投放APP广告，诱骗消费者下载，望对该公司进行审...,已完成
402,电脑后台登录不上，显示店铺不存在或已禁用,2019-11-07,https://tousu.sina.com.cn/complaint/view/17348033903/,投诉,淘集集,恢复账号,店铺名称集优品文具专卖，手机号码15251221***，后台登录不上，显示不存在或已被禁用，我交了2000的店铺保证金，打了商家客服电话也没有人接，一直联系不上,已回复
403,宁波北仑家乐福员工指责辱骂顾客,2018-02-13,https://tousu.sina.com.cn/complaint/view/17334310208/,投诉,家乐福中国,1.文具区经理和当值女员工当面赔礼道歉；2.贵司对员工进一步处理,本人与家属2月13日晚到北仑家乐福购物，因未带现金及硬币未取购物推车。购物至二楼文具区看见一辆空置堆闲物购物车，准备使用下。这时一女性员工出来喋喋不休，态度生硬指责不能使用，期间把小孩吓哭。投诉至片区经理，要求该女员工出来道歉。结果该女员工一出来又继续喋喋不休指责。在二楼服务中心继续投诉，该片区经理...,处理中
404,不知情情况下骗钱 请求退款道歉 北京有缘在线网络科技股份有限公司,2020-01-05,https://tousu.sina.com.cn/complaint/view/17348400309/,投诉,友缘在线,退款,"￼ 投诉编号17348383*** 返回首页 北京有缘在线 [投诉对象] 友缘在线 [投诉问题]不予退款 [投诉要求]退款,道歉 [涉诉金额] 198元 [投诉进度] 投诉已完成 ￼ 杨帆198*** 评价 2020-01-05 001905 服务态度 处理速度 满 意 度 ￼ 杨帆198*** 确认完成 2020-01-05 001905 ￼商 友缘在线 回复 2020-01-...",已完成
