	日期	事件标题	国家	区域	消费品名称	涉及的消费品数量	伤害事件	事件来源	消费品一级类别	消费品二级类别	链接	伤害类型	严重程度	伤害类别	消费品危害类型	消费品一级危害类型	消费品二级危害类型	消费者年龄	消费者受教育程度	消费者职业	健康状况	消费品问题部件	尺寸	绳索及类似物	不透气	填充物	锐利边缘	部件空隙或开口	尖角	光滑表面	粗糙表面	小零件	昼夜	温度	湿度	海拔	稳定性	腐蚀性	速度	腐蚀物	坎坷	爬坡	下坡	地面摩擦	斜坡	楼梯	灰尘	静电	辐射	警示标识缺失	高温表面	高温液体	高温气体	低温表面	低温液体	低温气体	明火	高低电压	过热	漏电	短路	接触不良	铁芯发热	散热不良	稳定性噪音危害	变动性噪音危害	脉冲性噪音危害	爆炸性气体	爆炸性粉尘	爆炸性喷雾	聚合爆炸	蒸发爆炸	液体混合爆炸	爆炸性化合物	固体爆炸性物质	爆炸性气体	旋转部件牵扯	飞行物体撞击	移动部件挤压	机械稳定性	机械强度	弹性组件失控	压力空间失控	热辐射危害	激光辐射	紫外线辐射	X光线辐射	高频电磁辐射	低频电磁辐射	甲醛	乙醛	丙烯醛	其它有毒醛类	蒽类化合物	菲类化合物	芘类化合物	其它有毒芳香稠环类化合物类	N-杂环化合物	S-杂环化合物	O-杂环化合物	其它有毒杂环类化合物	有机氟化物	有机氯化物	有机溴化物	其它有毒有机氯化物	一氧化氮	一氧化碳	氯气	臭氧	氯化氢	硫化氢	其它有毒气体	砷	镉	铬	铜	汞	镍	铅	其它有毒重金属及其化合物	硫酸	盐酸	氢氧化钠	其它有毒酸碱类物	氢氰酸	氰化钾	氰化氢	其它无机氰化物	尘螨	蛔虫卵	绦虫卵	其它寄生虫危害	甲肝病毒	甲型流感病毒	轮状病毒	禽流感病毒	其它原生微生物危害	皮肤癣真菌	着色真菌	孢子丝菌	新生隐球菌	假丝酵母菌	曲霉	毛霉	卡氏肺孢菌	其它真核细胞微生物危害	大肠杆菌	沙门氏菌	副溶血性弧菌	金黄色葡萄球菌	腊样芽孢肝菌	其它原核细胞微生物危害
0	2021/5/26	【美国】JoyJM牌My Little Steamer®和My Little Steamer®Go Mini蒸汽...2021-05-26	美国	不详	蒸汽熨烫机	1	被召回的蒸汽熨烫机在使用过程中可能会排出、喷洒或泄漏热水，对消费者造成严重的烫伤危险。	召回	未知	空	http://dpac.samr.gov.cn/xfpzh/xfpgwzh/mg_207/202106/t20210602_98144.html	烫伤	2	人身安全	物理危害	高/低温物质危害	高温物质危害	未知	未知	未知	未知	未知	未知	未知	否	未知	未知	未知	未知	未知	未知	未知	未知	空	空	空	空	否	空	无	未知	未知	未知	未知	未知	未知	未知	未知	未知	未知	有	未知	未知	未知	未知	未知	未知	未知	未知	未知	未知	未知	未知	未知	未知	未知	未知	未知	未知	未知	未知	未知	未知	未知	未知	未知	未知	未知	未知	是	未知	未知	未知	未知	无	无	无	未知	未知	未知	未知	未知	未知	未知	未知	未知	未知	未知	未知	未知	未知	未知	未知	未知	未知	未知	未知	未知	未知	未知	未知	未知	未知	未知	未知	未知	未知	未知	未知	未知	未知	未知	未知	未知	未知	未知	未知	未知	无	无	无	无	无	无	无	无	无	无	无	无	无	无	无	无	无	无	无	无	无	无	无	无
1	2021/5/26	【美国】METROUS1、METROUS2和METROUS4紧凑型城市婴儿车召回2021-05-26	美国	不详	婴儿车	1	当儿童在婴儿车中时，如果用户按下按钮释放安全带，卡扣上的按钮可能会断裂并脱落，使安全带难以释放，对幼儿构成窒息危险。	召回	交通工具及相关产品	空	http://dpac.samr.gov.cn/xfpzh/xfpgwzh/mg_207/202106/t20210602_98143.html	窒息	3	人身安全	物理危害	机械危害	潜在能量危害	未知	未知	未知	未知	未知	未知	未知	否	未知	未知	未知	未知	未知	未知	未知	未知	空	空	空	空	否	空	无	未知	未知	未知	未知	未知	未知	未知	未知	未知	未知	未知	未知	未知	未知	未知	未知	未知	未知	未知	未知	未知	未知	未知	未知	未知	未知	未知	未知	未知	未知	未知	未知	未知	未知	未知	未知	未知	未知	未知	未知	未知	未知	未知	未知	无	无	无	未知	未知	未知	未知	未知	未知	未知	未知	未知	未知	未知	未知	未知	未知	未知	未知	未知	未知	未知	未知	未知	未知	未知	未知	未知	未知	未知	未知	未知	未知	未知	未知	未知	未知	未知	未知	未知	未知	未知	未知	未知	无	无	无	无	无	无	无	无	无	无	无	无	无	无	无	无	无	无	无	无	无	无	无	无
2	2021/5/26	【欧盟】VIOMI 智能水壶召回2021-05-26	欧盟 	不详	智能水壶	1	水壶底座上的接触连接不符合防潮要求。如果液体溢出到支架上，则存在触电和电源短路的风险。	召回	未知	空	http://dpac.samr.gov.cn/xfpzh/xfpgwzh/om_208/202106/t20210601_98069.html	电击伤	2	人身安全	物理危害	电气危害	触电危害	未知	未知	未知	未知	未知	未知	未知	否	未知	未知	未知	未知	未知	未知	未知	未知	空	空	空	空	否	空	无	未知	未知	未知	未知	未知	未知	未知	未知	未知	未知	未知	未知	未知	未知	未知	未知	未知	未知	未知	是	是	未知	未知	未知	未知	未知	未知	未知	未知	未知	未知	未知	未知	未知	未知	未知	未知	未知	未知	是	未知	未知	未知	未知	无	无	无	未知	未知	未知	未知	未知	未知	未知	未知	未知	未知	未知	未知	未知	未知	未知	未知	未知	未知	未知	未知	未知	未知	未知	未知	未知	未知	未知	未知	未知	未知	未知	未知	未知	未知	未知	未知	未知	未知	未知	未知	未知	无	无	无	无	无	无	无	无	无	无	无	无	无	无	无	无	无	无	无	无	无	无	无	无
3	2021/5/31	【澳大利亚】能将图像投射到墙上的手电筒召回2021-05-31	澳大利亚	不详	手电筒	1	产品的纽扣电池仓可能没有充分固定，电池可能很容易被拿到。如果幼童拿到纽扣电池并吞咽，可能会遭受内部烧伤，这可能会导致严重的疾病甚至死亡。此外，电池可能会对幼儿造成窒息危险。	召回	未知	空	http://dpac.samr.gov.cn/xfpzh/xfpgwzh/adly/202106/t20210602_98157.html	窒息,烧伤,死亡	4	人身安全	物理危害	高/低温物质危害	高温物质危害	未知	未知	未知	未知	未知	未知	未知	否	未知	未知	未知	未知	未知	未知	电池	未知	空	空	空	空	否	空	无	未知	未知	未知	未知	未知	未知	未知	未知	未知	未知	有	未知	未知	未知	未知	未知	未知	未知	未知	未知	未知	未知	未知	未知	未知	未知	未知	未知	未知	未知	未知	未知	未知	未知	未知	未知	未知	未知	未知	是	未知	未知	未知	未知	无	无	无	未知	未知	未知	未知	未知	未知	未知	未知	未知	未知	未知	未知	未知	未知	未知	未知	未知	未知	未知	未知	未知	未知	未知	未知	未知	未知	未知	未知	未知	未知	未知	未知	未知	未知	未知	未知	未知	未知	未知	未知	未知	无	无	无	无	无	无	无	无	无	无	无	无	无	无	无	无	无	无	无	无	无	无	无	无
4	2021/6/3	【欧盟】Kawasaki自平衡滑板车（悬滑板）召回	欧盟	不详	滑板车	1	电池没有监控电池温度的设备，因此在充电过程中可能会过热，悬滑板盖可能会点燃。产品可能会引起火灾，用户可能会遭受烧伤。此外，该产品质量差，电源线暴露在两个电机之间的活动部件中，而且还要穿过两端有毛刺的钢管。在产品的使用寿命期间，电源线的绝缘层会被尖锐边缘损坏，导致电池在使用过程中短路和爆炸。因此，用户可能会失控，从滑板车上跌落，遭受伤害。	召回	未知	空	http://dpac.samr.gov.cn/xfpzh/xfpgwzh/om_208/202106/t20210608_98255.html	烧伤,烫伤,电击伤	2	人身安全	物理危害	高/低温物质危害,电气危害	高温物质危害,触电危害	未知	未知	未知	未知	未知	未知	未知	否	未知	未知	未知	未知	未知	未知	电池	未知	空	空	空	空	否	空	无	未知	未知	未知	未知	未知	未知	未知	未知	未知	未知	有	未知	未知	未知	未知	未知	是	未知	是	未知	是	未知	未知	未知	未知	未知	未知	未知	未知	未知	未知	未知	未知	未知	未知	未知	未知	未知	未知	是	未知	未知	未知	未知	无	无	无	未知	未知	未知	未知	未知	未知	未知	未知	未知	未知	未知	未知	未知	未知	未知	未知	未知	未知	未知	未知	未知	未知	未知	未知	未知	未知	未知	未知	未知	未知	未知	未知	未知	未知	未知	未知	未知	未知	未知	未知	未知	无	无	无	无	无	无	无	无	无	无	无	无	无	无	无	无	无	无	无	无	无	无	无	无
5	2021/6/3	【欧盟】电动滑板车召回	欧盟	不详	滑板车	1	电池没有监控电池温度的设备，因此在充电过程中可能会过热，电动滑板车可能会点燃。产品可能会引起火灾，用户可能会遭受烧伤。此外，转向柱的机械强度不足，在使用过程中可能会变形或断裂。因此，用户可能会失控，从滑板车上跌落，造成摔伤。	召回	未知	空	http://dpac.samr.gov.cn/xfpzh/xfpgwzh/om_208/202106/t20210608_98259.html	烧伤,烫伤	2	人身安全	物理危害	高/低温物质危害,电气危害,机械危害	高温物质危害,触电危害,潜在能量危害	未知	未知	未知	未知	转向,转向柱	未知	未知	否	未知	未知	未知	未知	未知	未知	电池	未知	空	空	空	空	否	空	无	未知	未知	未知	未知	未知	未知	未知	未知	未知	未知	有	未知	未知	未知	未知	未知	是	未知	是	未知	未知	未知	未知	未知	未知	未知	未知	未知	未知	未知	未知	未知	未知	未知	未知	未知	未知	未知	未知	未知	未知	未知	未知	未知	无	无	无	未知	未知	未知	未知	未知	未知	未知	未知	未知	未知	未知	未知	未知	未知	未知	未知	未知	未知	未知	未知	未知	未知	未知	未知	未知	未知	未知	未知	未知	未知	未知	未知	未知	未知	未知	未知	未知	未知	未知	未知	未知	无	无	无	无	无	无	无	无	无	无	无	无	无	无	无	无	无	无	无	无	无	无	无	无
6	2021/6/3	【欧盟】DENVER Kids 电动滑板车召回	欧盟	不详	滑板车	1	电池没有监控电池温度的设备，因此在充电过程中可能会过热，电动滑板车可能会点燃。产品可能会引起火灾，用户可能会遭受烧伤。此外，滑板车把手的末端直径比要求的小，因此在用户骑滑板车时，用户的手可能会滑落。此外，车把上的锁定孔的直径大于要求值，并且在孔处形成剪切点，可能导致手指受伤。	召回	未知	空	http://dpac.samr.gov.cn/xfpzh/xfpgwzh/om_208/202106/t20210608_98260.html	烧伤,烫伤	2	人身安全	物理危害	高/低温物质危害,电气危害	高温物质危害,触电危害	未知	未知	未知	未知	未知	未知	未知	否	未知	未知	未知	未知	未知	未知	电池	未知	空	空	空	空	否	空	无	未知	未知	未知	未知	未知	未知	未知	未知	未知	未知	有	未知	未知	未知	未知	未知	是	未知	是	未知	未知	未知	未知	未知	未知	未知	未知	未知	未知	未知	未知	未知	未知	未知	未知	未知	未知	未知	未知	是	未知	未知	未知	未知	无	无	无	未知	未知	未知	未知	未知	未知	未知	未知	未知	未知	未知	未知	未知	未知	未知	未知	未知	未知	未知	未知	未知	未知	未知	未知	未知	未知	未知	未知	未知	未知	未知	未知	未知	未知	未知	未知	未知	未知	未知	未知	未知	无	无	无	无	无	无	无	无	无	无	无	无	无	无	无	无	无	无	无	无	无	无	无	无
7	2021/6/3	【欧盟】灯饰链召回	欧盟	不详	灯饰链	1	内部电路与外部壳体之间的绝缘不足。因此，产品的壳体可能会带电，增加用户触电风险。	召回	未知	空	http://dpac.samr.gov.cn/xfpzh/xfpgwzh/om_208/202106/t20210607_98223.html	电击伤	2	人身安全	物理危害	电气危害	触电危害	未知	未知	未知	未知	未知	未知	未知	否	未知	未知	未知	未知	未知	未知	未知	未知	空	空	空	空	否	空	无	未知	未知	未知	未知	未知	未知	未知	未知	未知	未知	未知	未知	未知	未知	未知	未知	未知	未知	未知	是	未知	未知	未知	未知	未知	未知	未知	未知	未知	未知	未知	未知	未知	未知	未知	未知	未知	未知	未知	是	未知	未知	未知	未知	无	无	无	未知	未知	未知	未知	未知	未知	未知	未知	未知	未知	未知	未知	未知	未知	未知	未知	未知	未知	未知	未知	未知	未知	未知	未知	未知	未知	未知	未知	未知	未知	未知	未知	未知	未知	未知	未知	未知	未知	未知	未知	未知	无	无	无	无	无	无	无	无	无	无	无	无	无	无	无	无	无	无	无	无	无	无	无	无
8	2021/6/3	【欧盟】AKULA潜水泵召回	欧盟	不详	潜水泵	1	该设备不能充分防止触电。此外，电源线过短。带电部件可触及，导致用户触电。	召回	日用杂品	空	http://dpac.samr.gov.cn/xfpzh/xfpgwzh/om_208/202106/t20210616_98418.html	电击伤	2	人身安全	物理危害	电气危害	触电危害	未知	未知	未知	未知	未知	未知	未知	否	未知	未知	未知	未知	未知	未知	未知	未知	空	空	空	空	否	空	无	未知	未知	未知	未知	未知	未知	未知	未知	未知	未知	未知	未知	未知	未知	未知	未知	未知	未知	未知	是	未知	未知	未知	未知	未知	未知	未知	未知	未知	未知	未知	未知	未知	未知	未知	未知	未知	未知	未知	是	未知	未知	未知	未知	无	无	无	未知	未知	未知	未知	未知	未知	未知	未知	未知	未知	未知	未知	未知	未知	未知	未知	未知	未知	未知	未知	未知	未知	未知	未知	未知	未知	未知	未知	未知	未知	未知	未知	未知	未知	未知	未知	未知	未知	未知	未知	未知	无	无	无	无	无	无	无	无	无	无	无	无	无	无	无	无	无	无	无	无	无	无	无	无
9	2021/6/6	【澳大利亚】海滩森林和甜蜜美梦印花设计的婴儿睡袋召回	澳大利亚	不详	婴儿睡袋	1	睡袋颈部开口过宽。这个开口可能会让婴儿将睡袋拉过他们的头，可能造成受困危险。如果儿童被困在睡袋里，这会增加窒息的风险，或者可能会过热。	召回	未知	空	http://dpac.samr.gov.cn/xfpzh/xfpgwzh/adly/202106/t20210608_98301.html	窒息,烫伤	3	人身安全	物理危害	电气危害,机械危害	触电危害,形状和表面性能危害	未知	未知	未知	未知	未知	未知	未知	否	未知	未知	有	未知	未知	未知	未知	未知	空	空	空	空	否	空	无	未知	未知	未知	未知	未知	未知	未知	未知	未知	未知	未知	未知	未知	未知	未知	未知	未知	未知	是	未知	未知	未知	未知	未知	未知	未知	未知	未知	未知	未知	未知	未知	未知	未知	未知	未知	未知	未知	未知	是	未知	未知	未知	未知	无	无	无	未知	未知	未知	未知	未知	未知	未知	未知	未知	未知	未知	未知	未知	未知	未知	未知	未知	未知	未知	未知	未知	未知	未知	未知	未知	未知	未知	未知	未知	未知	未知	未知	未知	未知	未知	未知	未知	未知	未知	未知	未知	无	无	无	无	无	无	无	无	无	无	无	无	无	无	无	无	无	无	无	无	无	无	无	无
10	2021/6/7	【欧盟】婴儿床中床召回	欧盟	不详	婴儿床	1	产品底部的拉绳在拉紧后过长。婴儿的头部可能会被拉绳勒住，导致窒息。此外，有几个间隙开口，可能会增加婴儿口鼻被完全罩住并窒息的风险。	召回	儿童用品	儿童家具	http://dpac.samr.gov.cn/xfpzh/xfpgwzh/om_208/202106/t20210616_98404.html	窒息	3	人身安全	物理危害	机械危害	形状和表面性能危害	未知	未知	未知	未知	未知	未知	未知	否	未知	未知	有	未知	未知	未知	未知	未知	空	空	空	空	否	空	无	未知	未知	未知	未知	未知	未知	未知	未知	未知	未知	未知	未知	未知	未知	未知	未知	未知	未知	未知	未知	未知	未知	未知	未知	未知	未知	未知	未知	未知	未知	未知	未知	未知	未知	未知	未知	未知	未知	未知	是	未知	未知	未知	未知	无	无	无	未知	未知	未知	未知	未知	未知	未知	未知	未知	未知	未知	未知	未知	未知	未知	未知	未知	未知	未知	未知	未知	未知	未知	未知	未知	未知	未知	未知	未知	未知	未知	未知	未知	未知	未知	未知	未知	未知	未知	未知	未知	无	无	无	无	无	无	无	无	无	无	无	无	无	无	无	无	无	无	无	无	无	无	无	无
11	2021/6/8	【欧盟】Qualcomm 充电器召回2021-06-08	欧盟 	不详	充电器	1	产品的绝缘不够。用户可能会由于可触及的带电部件而触电。	召回	家用电器及电器附件	空	http://dpac.samr.gov.cn/xfpzh/xfpgwzh/om_208/202106/t20210616_98424.html	电击伤	2	人身安全	物理危害	电气危害	触电危害	未知	未知	未知	未知	未知	未知	未知	否	未知	未知	未知	未知	未知	未知	未知	未知	空	空	空	空	否	空	无	未知	未知	未知	未知	未知	未知	未知	未知	未知	未知	未知	未知	未知	未知	未知	未知	未知	未知	未知	是	未知	未知	未知	未知	未知	未知	未知	未知	未知	未知	未知	未知	未知	未知	未知	未知	未知	未知	未知	是	未知	未知	未知	未知	无	无	无	未知	未知	未知	未知	未知	未知	未知	未知	未知	未知	未知	未知	未知	未知	未知	未知	未知	未知	未知	未知	未知	未知	未知	未知	未知	未知	未知	未知	未知	未知	未知	未知	未知	未知	未知	未知	未知	未知	未知	未知	未知	无	无	无	无	无	无	无	无	无	无	无	无	无	无	无	无	无	无	无	无	无	无	无	无
12	2021/6/8	【欧盟】Zizo充气攀爬塔 充气游乐设备召回2021-06-08	欧盟 	不详	充气游乐设备	1	着陆平台太小了。因此，攀爬金字塔的儿童可能会跌落到软着陆平台之外的地面上并受伤。此外，该材料不耐火，移开火源后不会停止燃烧，并且燃烧速度很快。因此，存在火灾和烧伤的风险。	召回	未知	空	http://dpac.samr.gov.cn/xfpzh/xfpgwzh/om_208/202106/t20210615_98374.html	烧伤	2	人身安全	物理危害	高/低温物质危害	高温物质危害	未知	未知	未知	未知	未知	未知	未知	否	未知	未知	未知	未知	未知	未知	未知	未知	空	空	空	空	否	空	无	未知	未知	未知	未知	未知	未知	未知	未知	未知	未知	有	未知	未知	未知	未知	未知	是	未知	未知	未知	未知	未知	未知	未知	未知	未知	未知	未知	未知	未知	未知	未知	未知	未知	未知	未知	未知	未知	未知	是	未知	未知	未知	未知	无	无	无	未知	未知	未知	未知	未知	未知	未知	未知	未知	未知	未知	未知	未知	未知	未知	未知	未知	未知	未知	未知	未知	未知	未知	未知	未知	未知	未知	未知	未知	未知	未知	未知	未知	未知	未知	未知	未知	未知	未知	未知	未知	无	无	无	无	无	无	无	无	无	无	无	无	无	无	无	无	无	无	无	无	无	无	无	无
13	2021/6/9	【欧盟】自平衡滑板车（悬滑板)召回	欧盟	不详	滑板车	1	电池没有监控电池温度的设备，因此在充电过程中可能会过热，悬滑板盖可能会点燃。产品可能会引起火灾，用户可能会遭受烧伤。此外，插座和扁平插头的尺寸以及电池充电器初级和次级之间的绝缘不合适。用户可能会碰到可触及的带电部件，遭到电击。此外，电源线暴露在两个电机之间的活动部件中，而且还要穿过两端有毛刺的钢管。在产品的使用寿命期间，电源线的绝缘层可能会被尖锐边缘损坏，导致电池在使用过程中短路和爆炸。因此，用户可能会失控，从滑板车上跌落，遭受伤害。	召回	家用电器及电器附件	空	http://dpac.samr.gov.cn/xfpzh/xfpgwzh/om_208/202106/t20210616_98392.html	烧伤,烫伤,电击伤	2	人身安全	物理危害	高/低温物质危害,电气危害	高温物质危害,触电危害	未知	未知	未知	未知	未知		未知	否	未知	未知	未知	未知	未知	未知	电池	未知	空	空	空	空	否	空	无	未知	未知	未知	未知	未知	未知	未知	未知	未知	未知	有	未知	未知	未知	未知	未知	是	未知	是	未知	是	未知	未知	未知	未知	未知	未知	未知	未知	未知	未知	未知	未知	未知	未知	未知	未知	未知	未知	是	未知	未知	未知	未知	无	无	无	未知	未知	未知	未知	未知	未知	未知	未知	未知	未知	未知	未知	未知	未知	未知	未知	未知	未知	未知	未知	未知	未知	未知	未知	未知	未知	未知	未知	未知	未知	未知	未知	未知	未知	未知	未知	未知	未知	未知	未知	未知	无	无	无	无	无	无	无	无	无	无	无	无	无	无	无	无	无	无	无	无	无	无	无	无
14	2021/6/9	【欧盟】用于 LED 模块的 kobi 电子控制装置召回	欧盟	不详	 kobi 电子控制装置	1	初级和次级电路之间的爬电距离不足。因此，可接触部件可能会带电，增加用户触电风险。	召回	未知	空	http://dpac.samr.gov.cn/xfpzh/xfpgwzh/om_208/202106/t20210616_98405.html	电击伤	2	人身安全	物理危害	电气危害	触电危害	未知	未知	未知	未知	未知	未知	未知	否	未知	未知	未知	未知	未知	未知	未知	未知	空	空	空	空	否	空	无	未知	未知	未知	未知	未知	未知	未知	未知	未知	未知	未知	未知	未知	未知	未知	未知	未知	未知	未知	是	未知	未知	未知	未知	未知	未知	未知	未知	未知	未知	未知	未知	未知	未知	未知	未知	未知	未知	未知	是	未知	未知	未知	未知	无	无	无	未知	未知	未知	未知	未知	未知	未知	未知	未知	未知	未知	未知	未知	未知	未知	未知	未知	未知	未知	未知	未知	未知	未知	未知	未知	未知	未知	未知	未知	未知	未知	未知	未知	未知	未知	未知	未知	未知	未知	未知	未知	无	无	无	无	无	无	无	无	无	无	无	无	无	无	无	无	无	无	无	无	无	无	无	无
15	2021/6/9	【欧盟】XTORM 移动电源召回	欧盟	不详	移动电源	1	移动电源上的插座尺寸不合适。因此，在将笔记本电脑充电器插入产品时，插头引脚可能会部分插入，从而使带电部件可触及，增加用户触电的风险。	召回	家用电器及电器附件	空	http://dpac.samr.gov.cn/xfpzh/xfpgwzh/om_208/202106/t20210616_98409.html	电击伤	2	人身安全	物理危害	电气危害	触电危害	未知	未知	未知	未知	未知		未知	否	未知	未知	未知	未知	未知	未知	未知	未知	空	空	空	空	否	空	无	未知	未知	未知	未知	未知	未知	未知	未知	未知	未知	未知	未知	未知	未知	未知	未知	未知	未知	未知	是	未知	未知	未知	未知	未知	未知	未知	未知	未知	未知	未知	未知	未知	未知	未知	未知	未知	未知	未知	是	未知	未知	未知	未知	无	无	无	未知	未知	未知	未知	未知	未知	未知	未知	未知	未知	未知	未知	未知	未知	未知	未知	未知	未知	未知	未知	未知	未知	未知	未知	未知	未知	未知	未知	未知	未知	未知	未知	未知	未知	未知	未知	未知	未知	未知	未知	未知	无	无	无	无	无	无	无	无	无	无	无	无	无	无	无	无	无	无	无	无	无	无	无	无
16	2021/6/10	【欧盟】DISNEY PUSSYCATS婴儿睡袋召回	欧盟	不详	婴儿睡袋	1	袖口处拉链的顶部挡块位于产品顶部而不是底部。此外，颈部开口相对于儿童身高/年龄太大。这可能会增加婴儿滑入睡袋并窒息的风险。此外，由于睡袋上有环（蝴蝶结和环标签），婴儿手指可能会夹在蝴蝶结中。	召回	未知	空	http://dpac.samr.gov.cn/xfpzh/xfpgwzh/om_208/202106/t20210623_98506.html	窒息	3	人身安全	物理危害	机械危害	形状和表面性能危害	未知	未知	未知	未知	未知	未知	未知	否	未知	未知	有	未知	未知	未知	拉链	未知	空	空	空	空	否	空	无	未知	未知	未知	未知	未知	未知	未知	未知	未知	未知	未知	未知	未知	未知	未知	未知	未知	未知	未知	未知	未知	未知	未知	未知	未知	未知	未知	未知	未知	未知	未知	未知	未知	未知	未知	未知	未知	未知	未知	是	未知	未知	未知	未知	无	无	无	未知	未知	未知	未知	未知	未知	未知	未知	未知	未知	未知	未知	未知	未知	未知	未知	未知	未知	未知	未知	未知	未知	未知	未知	未知	未知	未知	未知	未知	未知	未知	未知	未知	未知	未知	未知	未知	未知	未知	未知	未知	无	无	无	无	无	无	无	无	无	无	无	无	无	无	无	无	无	无	无	无	无	无	无	无
17	2021/6/10	【欧盟】爆米花机召回	欧盟	不详	爆米花机	1	产品对儿童具有吸引力。儿童可能会触摸产品的可触及加热表面，遭受烧伤。	召回	未知	空	http://dpac.samr.gov.cn/xfpzh/xfpgwzh/om_208/202106/t20210623_98511.html	烧伤	2	人身安全	物理危害	高/低温物质危害	高温物质危害	未知	未知	未知	未知	未知	未知	未知	否	未知	未知	未知	未知	未知	未知	未知	未知	空	空	空	空	否	空	无	未知	未知	未知	未知	未知	未知	未知	未知	未知	未知	有	未知	未知	未知	未知	未知	未知	未知	未知	未知	未知	未知	未知	未知	未知	未知	未知	未知	未知	未知	未知	未知	未知	未知	未知	未知	未知	未知	未知	是	未知	未知	未知	未知	无	无	无	未知	未知	未知	未知	未知	未知	未知	未知	未知	未知	未知	未知	未知	未知	未知	未知	未知	未知	未知	未知	未知	未知	未知	未知	未知	未知	未知	未知	未知	未知	未知	未知	未知	未知	未知	未知	未知	未知	未知	未知	未知	无	无	无	无	无	无	无	无	无	无	无	无	无	无	无	无	无	无	无	无	无	无	无	无
18	2021/6/14	【澳大利亚】TC Electronic Polytune Clip - 夹式吉他调音器召回	澳大利亚	不详	吉他调音器	1	产品的纽扣电池仓可能没有充分固定，电池可能很容易被拿到。如果幼童拿到纽扣电池并吞咽，可能会遭受内部烧伤，这可能会导致严重的疾病甚至死亡。此外，电池可能会对幼儿造成窒息危险。	召回	未知	空	http://dpac.samr.gov.cn/xfpzh/xfpgwzh/adly/202106/t20210617_98427.html	窒息,烧伤,死亡	4	人身安全	物理危害	高/低温物质危害	高温物质危害	未知	未知	未知	未知	未知	未知	未知	否	未知	未知	未知	未知	未知	未知	电池	未知	空	空	空	空	否	空	无	未知	未知	未知	未知	未知	未知	未知	未知	未知	未知	有	未知	未知	未知	未知	未知	未知	未知	未知	未知	未知	未知	未知	未知	未知	未知	未知	未知	未知	未知	未知	未知	未知	未知	未知	未知	未知	未知	未知	是	未知	未知	未知	未知	无	无	无	未知	未知	未知	未知	未知	未知	未知	未知	未知	未知	未知	未知	未知	未知	未知	未知	未知	未知	未知	未知	未知	未知	未知	未知	未知	未知	未知	未知	未知	未知	未知	未知	未知	未知	未知	未知	未知	未知	未知	未知	未知	无	无	无	无	无	无	无	无	无	无	无	无	无	无	无	无	无	无	无	无	无	无	无	无
19	2021/6/14	【欧盟】CORE Massage gun按摩枪召回	欧盟	不详	按摩枪	1	按摩枪附带的电源装置可能造成触电危险，因为绝缘不够，而且初级电路和次级电路之间的爬电距离也不够。	召回	未知	空	http://dpac.samr.gov.cn/xfpzh/xfpgwzh/om_208/202106/t20210623_98503.html	电击伤	2	人身安全	物理危害	电气危害	触电危害	未知	未知	未知	未知	未知	未知	未知	否	未知	未知	未知	未知	未知	未知	未知	未知	空	空	空	空	否	空	无	未知	未知	未知	未知	未知	未知	未知	未知	未知	未知	未知	未知	未知	未知	未知	未知	未知	未知	未知	是	未知	未知	未知	未知	未知	未知	未知	未知	未知	未知	未知	未知	未知	未知	未知	未知	未知	未知	未知	是	未知	未知	未知	未知	无	无	无	未知	未知	未知	未知	未知	未知	未知	未知	未知	未知	未知	未知	未知	未知	未知	未知	未知	未知	未知	未知	未知	未知	未知	未知	未知	未知	未知	未知	未知	未知	未知	未知	未知	未知	未知	未知	未知	未知	未知	未知	未知	无	无	无	无	无	无	无	无	无	无	无	无	无	无	无	无	无	无	无	无	无	无	无	无
20	2021/6/14	【欧盟】灯饰链召回	欧盟	不详	灯饰链	1	更换灯泡时，用户可能不得不使用较大的力或工具，使带电部件可触及，这可能会导致触电。	召回	未知	空	http://dpac.samr.gov.cn/xfpzh/xfpgwzh/om_208/202106/t20210623_98504.html	电击伤	2	人身安全	物理危害	电气危害	触电危害	未知	未知	未知	未知	未知	未知	未知	否	未知	未知	未知	未知	未知	未知	未知	未知	空	空	空	空	否	空	无	未知	未知	未知	未知	未知	未知	未知	未知	未知	未知	未知	未知	未知	未知	未知	未知	未知	未知	未知	是	未知	未知	未知	未知	未知	未知	未知	未知	未知	未知	未知	未知	未知	未知	未知	未知	未知	未知	未知	是	未知	未知	未知	未知	无	无	无	未知	未知	未知	未知	未知	未知	未知	未知	未知	未知	未知	未知	未知	未知	未知	未知	未知	未知	未知	未知	未知	未知	未知	未知	未知	未知	未知	未知	未知	未知	未知	未知	未知	未知	未知	未知	未知	未知	未知	未知	未知	无	无	无	无	无	无	无	无	无	无	无	无	无	无	无	无	无	无	无	无	无	无	无	无
21	2021/6/14	【欧盟】灯饰链召回	欧盟	不详	灯饰链	1	由于灯座与灯具配合过紧，产品在更换光源时会有触电的风险。	召回	未知	空	http://dpac.samr.gov.cn/xfpzh/xfpgwzh/om_208/202106/t20210623_98505.html	电击伤	2	人身安全	物理危害	电气危害	触电危害	未知	未知	未知	未知	未知	未知	未知	否	未知	未知	未知	未知	未知	未知	未知	未知	空	空	空	空	否	空	无	未知	未知	未知	未知	未知	未知	未知	未知	未知	未知	未知	未知	未知	未知	未知	未知	未知	未知	未知	是	未知	未知	未知	未知	未知	未知	未知	未知	未知	未知	未知	未知	未知	未知	未知	未知	未知	未知	未知	是	未知	未知	未知	未知	无	无	无	未知	未知	未知	未知	未知	未知	未知	未知	未知	未知	未知	未知	未知	未知	未知	未知	未知	未知	未知	未知	未知	未知	未知	未知	未知	未知	未知	未知	未知	未知	未知	未知	未知	未知	未知	未知	未知	未知	未知	未知	未知	无	无	无	无	无	无	无	无	无	无	无	无	无	无	无	无	无	无	无	无	无	无	无	无
22	2021/6/14	【欧盟】电源装置召回	欧盟	不详	电源	1	该设备不耐高温，外壳可能会变形，使带电部件容易触及。用户可能会被烧伤或触电。装置可能会过热，引发火灾。	召回	未知	空	http://dpac.samr.gov.cn/xfpzh/xfpgwzh/om_208/202106/t20210623_98508.html	烧伤,烫伤,电击伤	2	人身安全	物理危害	高/低温物质危害,电气危害	高温物质危害,触电危害	未知	未知	未知	未知	未知	未知	未知	否	未知	未知	未知	未知	未知	未知	未知	未知	空	空	空	空	否	空	无	未知	未知	未知	未知	未知	未知	未知	未知	未知	未知	有	未知	未知	未知	未知	未知	是	未知	是	是	未知	未知	未知	未知	未知	未知	未知	未知	未知	未知	未知	未知	未知	未知	未知	未知	未知	未知	未知	是	未知	未知	未知	未知	无	无	无	未知	未知	未知	未知	未知	未知	未知	未知	未知	未知	未知	未知	未知	未知	未知	未知	未知	未知	未知	未知	未知	未知	未知	未知	未知	未知	未知	未知	未知	未知	未知	未知	未知	未知	未知	未知	未知	未知	未知	未知	未知	无	无	无	无	无	无	无	无	无	无	无	无	无	无	无	无	无	无	无	无	无	无	无	无
23	2021/6/15	【欧盟】HMS Massage Gun按摩枪召回	欧盟	不详	按摩枪	1	按摩枪自带的充电器，由于绝缘不足，初级和次级电路之间的爬电距离不够，存在触电危险。	召回	家用电器及电器附件	空	http://dpac.samr.gov.cn/xfpzh/xfpgwzh/om_208/202106/t20210623_98514.html	电击伤	2	人身安全	物理危害	电气危害	触电危害	未知	未知	未知	未知	未知	未知	未知	否	未知	未知	未知	未知	未知	未知	未知	未知	空	空	空	空	否	空	无	未知	未知	未知	未知	未知	未知	未知	未知	未知	未知	未知	未知	未知	未知	未知	未知	未知	未知	未知	是	未知	未知	未知	未知	未知	未知	未知	未知	未知	未知	未知	未知	未知	未知	未知	未知	未知	未知	未知	是	未知	未知	未知	未知	无	无	无	未知	未知	未知	未知	未知	未知	未知	未知	未知	未知	未知	未知	未知	未知	未知	未知	未知	未知	未知	未知	未知	未知	未知	未知	未知	未知	未知	未知	未知	未知	未知	未知	未知	未知	未知	未知	未知	未知	未知	未知	未知	无	无	无	无	无	无	无	无	无	无	无	无	无	无	无	无	无	无	无	无	无	无	无	无
24	2021/6/20	【澳大利亚】Catit 2.0 Senses火球召回	澳大利亚	不详	儿童玩具	1	纽扣电池可能未充分固定，因此产品中的纽扣电池可能很容易被拿到。如果幼童拿到纽扣电池并吞咽，可能会遭受内部烧伤，这可能会导致严重的疾病甚至死亡。此外，电池可能会对幼儿造成窒息危险。	召回	未知	空	http://dpac.samr.gov.cn/xfpzh/xfpgwzh/adly/202106/t20210624_98582.html	窒息,烧伤,死亡	4	人身安全	物理危害	高/低温物质危害	高温物质危害	未知	未知	未知	未知	未知	未知	未知	否	未知	未知	未知	未知	未知	未知	电池	未知	空	空	空	空	否	空	无	未知	未知	未知	未知	未知	未知	未知	未知	未知	未知	有	未知	未知	未知	未知	未知	未知	未知	未知	未知	未知	未知	未知	未知	未知	未知	未知	未知	未知	未知	未知	未知	未知	未知	未知	未知	未知	未知	未知	是	未知	未知	未知	未知	无	无	无	未知	未知	未知	未知	未知	未知	未知	未知	未知	未知	未知	未知	未知	未知	未知	未知	未知	未知	未知	未知	未知	未知	未知	未知	未知	未知	未知	未知	未知	未知	未知	未知	未知	未知	未知	未知	未知	未知	未知	未知	未知	无	无	无	无	无	无	无	无	无	无	无	无	无	无	无	无	无	无	无	无	无	无	无	无
25	2021/6/20	【澳大利亚】独立开关电源板召回	澳大利亚	不详	电源板	1	黑色开关盖可能会断开并与产品分离，从而暴露带电部件。存在电击或触电导致死亡风险。	召回	未知	空	http://dpac.samr.gov.cn/xfpzh/xfpgwzh/adly/202106/t20210624_98585.html	电击伤,死亡	4	人身安全	物理危害	电气危害	触电危害	未知	未知	未知	未知	未知	未知	未知	否	未知	未知	未知	未知	未知	未知	未知	未知	空	空	空	空	否	空	无	未知	未知	未知	未知	未知	未知	未知	未知	未知	未知	未知	未知	未知	未知	未知	未知	未知	未知	未知	是	未知	未知	未知	未知	未知	未知	未知	未知	未知	未知	未知	未知	未知	未知	未知	未知	未知	未知	未知	是	未知	未知	未知	未知	无	无	无	未知	未知	未知	未知	未知	未知	未知	未知	未知	未知	未知	未知	未知	未知	未知	未知	未知	未知	未知	未知	未知	未知	未知	未知	未知	未知	未知	未知	未知	未知	未知	未知	未知	未知	未知	未知	未知	未知	未知	未知	未知	无	无	无	无	无	无	无	无	无	无	无	无	无	无	无	无	无	无	无	无	无	无	无	无
