	日期	事件标题	区域	消费品名称	涉及的消费品数量	伤害事件	消费品一级类别	消费品二级类别	链接	伤害类型	严重程度	消费品危害类型	消费品一级危害类型	消费品二级危害类型	消费者年龄	消费者受教育程度	消费者职业	健康状况	消费品问题部件	尺寸	绳索及类似物	不透气	填充物	锐利边缘	部件空隙或开口	尖角	光滑表面	粗糙表面	小零件	昼夜	温度	湿度	海拔	稳定性	腐蚀性	速度	腐蚀物	坎坷	爬坡	下坡	地面摩擦	斜坡	楼梯	灰尘	静电	辐射	警示标识缺失	高温表面	高温液体	高温气体	低温表面	低温液体	低温气体	明火	[高低]电压	过热	漏电	短路	接触不良	铁芯发热	散热不良	稳定性噪音危害	变动性噪音危害	脉冲性噪音危害	爆炸性气体	爆炸性粉尘	爆炸性喷雾	聚合爆炸	蒸发爆炸	液体混合爆炸	爆炸性化合物	固体爆炸性物质	爆炸性气体	旋转部件牵扯	飞行物体撞击	移动部件挤压	机械稳定性	机械强度	弹性组件失控	压力空间失控	热辐射危害	激光辐射	紫外线辐射	X光线辐射	高频电磁辐射	低频电磁辐射	甲醛	乙醛	丙烯醛	其它有毒醛类	蒽类化合物	菲类化合物	芘类化合物	其它有毒芳香稠环类化合物类	N-杂环化合物	S-杂环化合物	O-杂环化合物	其它有毒杂环类化合物	有机氟化物	有机氯化物	有机溴化物	其它有毒有机氯化物	一氧化氮	一氧化碳	氯气	臭氧	氯化氢	硫化氢	其它有毒气体	砷	镉	铬	铜	汞	镍	铅	其它有毒重金属及其化合物	硫酸	盐酸	氢氧化钠	其它有毒酸碱类物	氢氰酸	氰化钾	氰化氢	其它无机氰化物	尘螨	蛔虫卵	绦虫卵	其它寄生虫危害	甲肝病毒	甲型流感病毒	轮状病毒	禽流感病毒	其它原生微生物危害	皮肤癣真菌	着色真菌	孢子丝菌	新生隐球菌	假丝酵母菌	曲霉	毛霉	卡氏肺孢菌	其它真核细胞微生物危害	大肠杆菌	沙门氏菌	副溶血性弧菌	金黄色葡萄球菌	腊样芽孢肝菌	其它原核细胞微生物危害
0	2021-08-25	通过微信在我不知情的情况下，扣费298元	空	magic手机	1	由于误操作，我不知道何时安装了这个magic手机助手软件，在我不知情的情况下，他们于5、7、8三个月，每月扣走了我298元，经与苹果公司客服联系，退还了我7、8二个月的钱，但是5月20日扣走我的298元，让我自己联系软件开发者，邮件联系多次根本无人回应，我要求退还被盗的298元	信息技术产品	空	https://tousu.sina.com.cn/complaint/view/17354618356/	空	0	空	空	空	空	空	空	空	空	空	无	否	无	无	无	无	否	否	空	空	空	空	空	是	否	空	无	无	无	无	空	否	否	否	否	否	否	无	无	无	无	无	无	无	否	否	否	否	否	否	否	无	无	无	否	无	无	无	无	无	无	无	否	否	否	否	是	否	否	否	否	无	无	无	否	否	无	无	无	无	无	无	无	无	无	无	无	无	无	无	无	无	无	无	无	无	无	无	无	无	无	无	无	无	无	无	无	无	无	无	无	无	无	无	无	无	无	无	无	无	无	无	无	无	无	无	无	无	无	无	无	无	无	无	无	无	无	无	无
1	2021-09-08	无缘无故扣我的钱，还没有提示，因为我手机失免密支付的	空	空	1	2019年六月通过支付宝直接扣我298，因为我的手机是免密支付，扣的时候，我连知都不知道。后来我有去申请投诉对此订单有异议，然后没有用。	空	空	https://tousu.sina.com.cn/complaint/view/17354826140/	空	0	空	空	空	空	空	空	空	空	空	无	否	无	无	无	无	否	否	空	空	空	空	空	是	否	空	无	无	无	无	空	否	否	否	否	否	否	无	无	无	无	无	无	无	否	否	否	否	否	否	否	无	无	无	否	无	无	无	无	无	无	无	否	否	否	否	是	否	否	否	否	无	无	无	否	否	无	无	无	无	无	无	无	无	无	无	无	无	无	无	无	无	无	无	无	无	无	无	无	无	无	无	无	无	无	无	无	无	无	无	无	无	无	无	无	无	无	无	无	无	无	无	无	无	无	无	无	无	无	无	无	无	无	无	无	无	无	无	无
2	2021-09-16	一直每月都在扣我的钱	空	空	1	乐视视频每月都在扣我的g费用，从不提醒一下，已经在我不知情的情况下扣了8个人月了，试问如果不一直发现不了，是不是就一直扣下去，这种行为，如同盗窃，我没有看享受乐视服务。为什么还一直扣钱，我要得到相应的赔偿。	空	空	https://tousu.sina.com.cn/complaint/view/17354969926/	空	0	空	空	空	空	空	空	空	空	空	无	否	无	无	无	无	否	否	空	空	空	空	空	是	否	空	无	无	无	无	空	否	否	否	否	否	否	无	无	无	无	无	无	无	否	否	否	否	否	否	否	无	无	无	否	无	无	无	无	无	无	无	否	否	否	否	是	否	否	否	否	无	无	无	否	否	无	无	无	无	无	无	无	无	无	无	无	无	无	无	无	无	无	无	无	无	无	无	无	无	无	无	无	无	无	无	无	无	无	无	无	无	无	无	无	无	无	无	无	无	无	无	无	无	无	无	无	无	无	无	无	无	无	无	无	无	无	无	无
3	2021-09-12	乐视手机客户端会员取消订阅服务还在继续扣费	空	空	1	本人2020年4月份孩子玩手机点击了链接就开通了会员，在本人不知道的情况下连续扣了18个月的会员 ，（在本人不知情的情况下并未使用和观看）近期发现扣款记录，取消订阅后还继续扣费，账户没显示会员，希望可以帮我解决一下问题	空	空	https://tousu.sina.com.cn/complaint/view/17354903729/	空	0	空	空	空	空	空	空	空	空	空	无	否	无	无	无	无	否	否	空	空	空	空	空	是	否	空	无	无	无	无	空	否	否	否	否	否	否	无	无	无	无	无	无	无	否	否	否	否	否	否	否	无	无	无	否	无	无	无	无	无	无	无	否	否	否	否	是	否	否	否	否	无	无	无	否	否	无	无	无	无	无	无	无	无	无	无	无	无	无	无	无	无	无	无	无	无	无	无	无	无	无	无	无	无	无	无	无	无	无	无	无	无	无	无	无	无	无	无	无	无	无	无	无	无	无	无	无	无	无	无	无	无	无	无	无	无	无	无	无
4	2021-08-22	屏幕底部偏黄	空	空	1	新手机底部明显偏黄，服务中心检测说没有问题换个新手机回来，黄的更严重，照片都能拍出来的，质量问题特别严重又是叫我邮寄到服务中心检测，就一句有三包政策三包政策就是你们可以给消费者有问题的手机，反复邮寄检测，浪费时间的理由吗快递费用说登记后3-5个工作日内补给我，现在一个礼拜了还没有到账	空	空	https://tousu.sina.com.cn/complaint/view/17354568943/	空	0	空	空	空	空	空	空	空	空	空	无	否	无	无	无	无	否	否	空	空	空	空	空	是	否	空	无	无	无	无	空	否	否	否	否	否	否	无	无	无	无	无	无	无	否	否	否	否	否	否	否	无	无	无	否	无	无	无	无	无	无	无	否	否	否	否	是	否	否	否	否	无	无	无	否	否	无	无	无	无	无	无	无	无	无	无	无	无	无	无	无	无	无	无	无	无	无	无	无	无	无	无	无	无	无	无	无	无	无	无	无	无	无	无	无	无	无	无	无	无	无	无	无	无	无	无	无	无	无	无	无	无	无	无	无	无	无	无	无
5	2021-08-20	骗子说他们是手机贷催收的	空	空	1	骗子说是手机贷催收的，说1200块处理结清，现在转了1200，那边客户总是在拖不处理，现在已经把我微信删除了	空	空	https://tousu.sina.com.cn/complaint/view/17354526880/	空	0	空	空	空	空	空	空	空	空	空	无	否	无	无	无	无	否	否	空	空	空	空	空	是	否	空	无	无	无	无	空	否	否	否	否	否	否	无	无	无	无	无	无	无	否	否	否	否	否	否	否	无	无	无	否	无	无	无	无	无	无	无	否	否	否	否	是	否	否	否	否	无	无	无	否	否	无	无	无	无	无	无	无	无	无	无	无	无	无	无	无	无	无	无	无	无	无	无	无	无	无	无	无	无	无	无	无	无	无	无	无	无	无	无	无	无	无	无	无	无	无	无	无	无	无	无	无	无	无	无	无	无	无	无	无	无	无	无	无
6	2021-08-27	realme真我京东自营旗舰店未履行承诺发赠品	空	realme手机	1	7月27于京东平台，购入realme手机大师探索版一台，当时店铺学生下单有送赠品电动牙刷(介绍是赠品是签收后根据订单地址发货)。我于29号签收，5号找客服要运单号，告知我需要24小时核实学生信息。8号进线找客服告知要再次核实地址信息。15号进线告知正在备货15天内发货，20号进线告知之前信息没有登记。还欺骗我说之前不是...	信息技术产品	空	https://tousu.sina.com.cn/complaint/view/17354646533/	空	0	空	空	空	空	空	空	空	空	空	无	否	无	无	无	无	否	否	空	空	空	空	空	是	否	空	无	无	无	无	空	否	否	否	否	否	否	无	无	无	无	无	无	无	否	否	否	否	否	否	否	无	无	无	否	无	无	无	无	无	无	无	否	否	否	否	是	否	否	否	否	无	无	无	否	否	无	无	无	无	无	无	无	无	无	无	无	无	无	无	无	无	无	无	无	无	无	无	无	无	无	无	无	无	无	无	无	无	无	无	无	无	无	无	无	无	无	无	无	无	无	无	无	无	无	无	无	无	无	无	无	无	无	无	无	无	无	无	无
7	2021-08-31	手机优化大师在我不知情的情况下扣了我的钱。	空	手机优化大师	1	手机优化大师在我不知情的情况下扣了我的钱。	信息技术产品	空	https://tousu.sina.com.cn/complaint/view/17354708506/	空	0	空	空	空	空	空	空	空	空	空	无	否	无	无	无	无	否	否	空	空	空	空	空	是	否	空	无	无	无	无	空	否	否	否	否	否	否	无	无	无	无	无	无	无	否	否	否	否	否	否	否	无	无	无	否	无	无	无	无	无	无	无	否	否	否	否	是	否	否	否	否	无	无	无	否	否	无	无	无	无	无	无	无	无	无	无	无	无	无	无	无	无	无	无	无	无	无	无	无	无	无	无	无	无	无	无	无	无	无	无	无	无	无	无	无	无	无	无	无	无	无	无	无	无	无	无	无	无	无	无	无	无	无	无	无	无	无	无	无
8	2021-09-02	自动扣费	空	空	1	在我完全不知情的情况下 自动扣费 产生费用	空	空	https://tousu.sina.com.cn/complaint/view/17354739455/	空	0	空	空	空	空	空	空	空	空	空	无	否	无	无	无	无	否	否	空	空	空	空	空	是	否	空	无	无	无	无	空	否	否	否	否	否	否	无	无	无	无	无	无	无	否	否	否	否	否	否	否	无	无	无	否	无	无	无	无	无	无	无	否	否	否	否	是	否	否	否	否	无	无	无	否	否	无	无	无	无	无	无	无	无	无	无	无	无	无	无	无	无	无	无	无	无	无	无	无	无	无	无	无	无	无	无	无	无	无	无	无	无	无	无	无	无	无	无	无	无	无	无	无	无	无	无	无	无	无	无	无	无	无	无	无	无	无	无	无
9	2021-08-30	手机存在严重质量问题	空	空	1	手机正常使用，突然出现故障屏幕失灵，尔后出现破裂，寄到售后，认定为人为，跟客服多次沟通，对方均拒绝，认为为人为，从他们表述可以看出对方，以牺牲消费者权益，来维护公司利益。不管是人为还是质量问题，一类化分为人为，划分为客户责任。	空	空	https://tousu.sina.com.cn/complaint/view/17354692317/	空	0	空	空	空	空	空	空	空	空	空	无	否	无	无	无	无	否	否	空	空	空	空	空	是	否	空	无	无	无	无	空	否	否	否	否	否	否	无	无	无	无	无	无	无	否	否	否	否	否	否	否	无	无	无	否	无	无	无	无	无	无	无	否	否	否	否	是	否	否	否	否	无	无	无	否	否	无	无	无	无	无	无	无	无	无	无	无	无	无	无	无	无	无	无	无	无	无	无	无	无	无	无	无	无	无	无	无	无	无	无	无	无	无	无	无	无	无	无	无	无	无	无	无	无	无	无	无	无	无	无	无	无	无	无	无	无	无	无	无
10	2021-09-04	我要求平台退款	空	手机优化大师	1	手机优化大师未经过我本人同意，私自在我绑定的银行卡里扣了两次268元	信息技术产品	空	https://tousu.sina.com.cn/complaint/view/17354781132/	空	0	空	空	空	空	空	空	空	空	空	无	否	无	无	无	无	否	否	空	空	空	空	空	是	否	空	无	无	无	无	空	否	否	否	否	否	否	无	无	无	无	无	无	无	否	否	否	否	否	否	否	无	无	无	否	无	无	无	无	无	无	无	否	否	否	否	是	否	否	否	否	无	无	无	否	否	无	无	无	无	无	无	无	无	无	无	无	无	无	无	无	无	无	无	无	无	无	无	无	无	无	无	无	无	无	无	无	无	无	无	无	无	无	无	无	无	无	无	无	无	无	无	无	无	无	无	无	无	无	无	无	无	无	无	无	无	无	无	无
11	2021-09-04	手机优化大师	空	空	1	没有下载过这个软件，恶意捆绑下载，恶意扣费	空	空	https://tousu.sina.com.cn/complaint/view/17354781741/	空	0	空	空	空	空	空	空	空	空	空	无	否	无	无	无	无	否	否	空	空	空	空	空	是	否	空	无	无	无	无	空	否	否	否	否	否	否	无	无	无	无	无	无	无	否	否	否	否	否	否	否	无	无	无	否	无	无	无	无	无	无	无	否	否	否	否	是	否	否	否	否	无	无	无	否	否	无	无	无	无	无	无	无	无	无	无	无	无	无	无	无	无	无	无	无	无	无	无	无	无	无	无	无	无	无	无	无	无	无	无	无	无	无	无	无	无	无	无	无	无	无	无	无	无	无	无	无	无	无	无	无	无	无	无	无	无	无	无	无
12	2021-09-04	手机优化大师这个软件存在欺诈行为，进行扣费	空	手机优化大师	1	因为家人都使用了苹果手机，我的父亲年龄也比较大，不小心误点了手机优化大师免费试用，但是试用试用期后他们默认进行会员续费，但是偏偏给默认的续费是金钱数额最大的一个选项，9月4日下午两点半在我毫不知情的轻快下对我进行了会员续期扣费，我这才发现，希望平台给处理这笔交易，我的意愿是给我取消这个交易，进行退...	信息技术产品	空	https://tousu.sina.com.cn/complaint/view/17354784055/	空	0	空	空	空	空	空	空	空	空	空	无	否	无	无	无	无	否	否	空	白天	空	空	空	是	否	空	无	无	无	无	空	否	否	否	否	否	否	无	无	无	无	无	无	无	否	否	否	否	否	否	否	无	无	无	否	无	无	无	无	无	无	无	否	否	否	否	是	否	否	否	否	无	无	无	否	否	无	无	无	无	无	无	无	无	无	无	无	无	无	无	无	无	无	无	无	无	无	无	无	无	无	无	无	无	无	无	无	无	无	无	无	无	无	无	无	无	无	无	无	无	无	无	无	无	无	无	无	无	无	无	无	无	无	无	无	无	无	无	无
13	2021-09-07	手机优化大师，在我不知道的时候扣除了我268元钱，我要求退款	空	空	1	你们不能这样做人，如果不赶紧退款，我会一直投诉你们	空	空	https://tousu.sina.com.cn/complaint/view/17354831861/	空	0	空	空	空	空	空	空	空	空	空	无	否	无	无	无	无	否	否	空	空	空	空	空	是	否	空	无	无	无	无	空	否	否	否	否	否	否	无	无	无	无	无	无	无	否	否	否	否	否	否	否	无	无	无	否	无	无	无	无	无	无	无	否	否	否	否	是	否	否	否	否	无	无	无	否	否	无	无	无	无	无	无	无	无	无	无	无	无	无	无	无	无	无	无	无	无	无	无	无	无	无	无	无	无	无	无	无	无	无	无	无	无	无	无	无	无	无	无	无	无	无	无	无	无	无	无	无	无	无	无	无	无	无	无	无	无	无	无	无
14	2021-08-26	下载后没用，几天后就卸载了，自己也没按订阅，就自动扣费了。	空	空	1	下载后没用，几天后就卸载了，自己也没按订阅，就自动扣费了。	空	空	https://tousu.sina.com.cn/complaint/view/17354642401/	空	0	空	空	空	空	空	空	空	空	空	无	否	无	无	无	无	否	否	空	空	空	空	空	是	否	空	无	无	无	无	空	否	否	否	否	否	否	无	无	无	无	无	无	无	否	否	否	否	否	否	否	无	无	无	否	无	无	无	无	无	无	无	否	否	否	否	是	否	否	否	否	无	无	无	否	否	无	无	无	无	无	无	无	无	无	无	无	无	无	无	无	无	无	无	无	无	无	无	无	无	无	无	无	无	无	无	无	无	无	无	无	无	无	无	无	无	无	无	无	无	无	无	无	无	无	无	无	无	无	无	无	无	无	无	无	无	无	无	无
15	2021-08-23	不明扣费	空	空	1	我父亲不会下载任何软件的人，在5.23号被莫名扣了298，在8.23二次扣费时他才反应过来，需要你们给出一个合理解释	空	空	https://tousu.sina.com.cn/complaint/view/17354583160/	空	0	空	空	空	空	空	空	空	空	空	无	否	无	无	无	无	否	否	空	空	空	空	空	是	否	空	无	无	无	无	空	否	否	否	否	否	否	无	无	无	无	无	无	无	否	否	否	否	否	否	否	无	无	无	否	无	无	无	无	无	无	无	否	否	否	否	是	否	否	否	否	无	无	无	否	否	无	无	无	无	无	无	无	无	无	无	无	无	无	无	无	无	无	无	无	无	无	无	无	无	无	无	无	无	无	无	无	无	无	无	无	无	无	无	无	无	无	无	无	无	无	无	无	无	无	无	无	无	无	无	无	无	无	无	无	无	无	无	无
16	2021-09-15	手机优化大师-相册优化管家，恶意收费	空	空	1	下载后并没有特意去订阅，莫名其妙收到扣款通知	空	空	https://tousu.sina.com.cn/complaint/view/17354952515/	空	0	空	空	空	空	空	空	空	空	空	无	否	无	无	无	无	否	否	空	空	空	空	空	是	否	空	无	无	无	无	空	否	否	否	否	否	否	无	无	无	无	无	无	无	否	否	否	否	否	否	否	无	无	无	否	无	无	无	无	无	无	无	否	否	否	否	是	否	否	否	否	无	无	无	否	否	无	无	无	无	无	无	无	无	无	无	无	无	无	无	无	无	无	无	无	无	无	无	无	无	无	无	无	无	无	无	无	无	无	无	无	无	无	无	无	无	无	无	无	无	无	无	无	无	无	无	无	无	无	无	无	无	无	无	无	无	无	无	无
17	2021-09-15	我要退款	空	空	1	不知道客服咋联系 在网上查的有这个软件 所以下了这个希望有用	空	空	https://tousu.sina.com.cn/complaint/view/17354955929/	空	0	空	空	空	空	空	空	空	空	空	无	否	无	无	无	无	否	否	空	空	空	空	空	是	否	空	无	无	无	无	空	否	否	否	否	否	否	无	无	无	无	无	无	无	否	否	否	否	否	否	否	无	无	无	否	无	无	无	无	无	无	无	否	否	否	否	是	否	否	否	否	无	无	无	否	否	无	无	无	无	无	无	无	无	无	无	无	无	无	无	无	无	无	无	无	无	无	无	无	无	无	无	无	无	无	无	无	无	无	无	无	无	无	无	无	无	无	无	无	无	无	无	无	无	无	无	无	无	无	无	无	无	无	无	无	无	无	无	无
18	2021-09-09	扣款订单详情是手机优化大师软件	空	手机优化大师	1	这款手机优化大师软件扣款实际和他详情描述不符，都是乱扣用户费用，我们要求他退款，快点退款，不然我天天投诉	信息技术产品	空	https://tousu.sina.com.cn/complaint/view/17354856150/	空	0	空	空	空	空	空	空	空	空	空	无	否	无	无	无	无	否	否	空	空	空	空	空	是	否	空	无	无	无	无	空	否	否	否	否	否	否	无	无	无	无	无	无	无	否	否	否	否	否	否	否	无	无	无	否	无	无	无	无	无	无	无	否	否	否	否	是	否	否	否	否	无	无	无	否	否	无	无	无	无	无	无	无	无	无	无	无	无	无	无	无	无	无	无	无	无	无	无	无	无	无	无	无	无	无	无	无	无	无	无	无	无	无	无	无	无	无	无	无	无	无	无	无	无	无	无	无	无	无	无	无	无	无	无	无	无	无	无	无
19	2021-09-10	骗子公司	空	空	1	优化大师有欺诈乱收费、完全是不知道的情况下扣费呀、大骗子公司、严查无良心商家	空	空	https://tousu.sina.com.cn/complaint/view/17354883009/	空	0	空	空	空	空	空	空	空	空	空	无	否	无	无	无	无	否	否	空	空	空	空	空	是	否	空	无	无	无	无	空	否	否	否	否	否	否	无	无	无	无	无	无	无	否	否	否	否	否	否	否	无	无	无	否	无	无	无	无	无	无	无	否	否	否	否	是	否	否	否	否	无	无	无	否	否	无	无	无	无	无	无	无	无	无	无	无	无	无	无	无	无	无	无	无	无	无	无	无	无	无	无	无	无	无	无	无	无	无	无	无	无	无	无	无	无	无	无	无	无	无	无	无	无	无	无	无	无	无	无	无	无	无	无	无	无	无	无	无
20	2021-09-12	未下载手机优化大师却自动扣费	空	手机优化大师	1	本人使用苹果手机未安装手机优化大师，昨夜忽然显示购买手机优化大师季度会员并自动扣费268元，十分困惑并气愤，希望商家可以原款退回。	信息技术产品	空	https://tousu.sina.com.cn/complaint/view/17354902000/	空	0	空	空	空	空	空	空	空	空	空	无	否	无	无	无	无	否	否	空	夜间	空	空	空	是	否	空	无	无	无	无	空	否	否	否	否	否	否	无	无	无	无	无	无	无	否	否	否	否	否	否	否	无	无	无	否	无	无	无	无	无	无	无	否	否	否	否	是	否	否	否	否	无	无	无	否	否	无	无	无	无	无	无	无	无	无	无	无	无	无	无	无	无	无	无	无	无	无	无	无	无	无	无	无	无	无	无	无	无	无	无	无	无	无	无	无	无	无	无	无	无	无	无	无	无	无	无	无	无	无	无	无	无	无	无	无	无	无	无	无
21	2021-09-16	下载之前写着三天试用再收费 实则订阅了就收费 也没有大字体明说怎么回事	空	空	1	三天试用订阅就收费 也没有具体说明 哄骗消费者	空	空	https://tousu.sina.com.cn/complaint/view/17354977145/	空	0	空	空	空	空	空	空	空	空	空	无	否	无	无	无	无	否	否	空	空	空	空	空	是	否	空	无	无	无	无	空	否	否	否	否	否	否	无	无	无	无	无	无	无	否	否	否	否	否	否	否	无	无	无	否	无	无	无	无	无	无	无	否	否	否	否	是	否	否	否	否	无	无	无	否	否	无	无	无	无	无	无	无	无	无	无	无	无	无	无	无	无	无	无	无	无	无	无	无	无	无	无	无	无	无	无	无	无	无	无	无	无	无	无	无	无	无	无	无	无	无	无	无	无	无	无	无	无	无	无	无	无	无	无	无	无	无	无	无
22	2021-08-14	手机中框裂了其他地方完好无损不给保修	空	空	1	手机其他地方完好无损一点损伤没有中框裂了在保不给我保修	空	空	https://tousu.sina.com.cn/complaint/view/17354442187/	空	0	空	空	空	空	空	空	空	空	空	无	否	无	无	无	无	否	否	空	空	空	空	空	是	否	空	无	无	无	无	空	否	否	否	否	否	否	无	无	无	无	无	无	无	否	否	否	否	否	否	否	无	无	无	否	无	无	无	无	无	无	无	否	否	否	否	是	否	否	否	否	无	无	无	否	否	无	无	无	无	无	无	无	无	无	无	无	无	无	无	无	无	无	无	无	无	无	无	无	无	无	无	无	无	无	无	无	无	无	无	无	无	无	无	无	无	无	无	无	无	无	无	无	无	无	无	无	无	无	无	无	无	无	无	无	无	无	无	无
23	2021-08-14	淘宝真我手机官方旗舰店真我大师探索版疑似翻新机	空	空	1	手机于2021年8月11日发现2020年2月13日的视频。手机于2021年7月28日收到并激活，但手机的激活日期正好为8月11日，疑似翻新机。联系了真我官方客服专员，他们并没有合理的解释，一再强调是账号同步问题，本人于7月28日第一次注册真我账号，手机号用了四五年，且前两年（包括2020年）用的都是华为，不可能存在账号同步的问...	空	空	https://tousu.sina.com.cn/complaint/view/17354441439/	空	0	空	空	空	空	空	空	空	空	空	无	否	无	无	无	无	否	否	空	空	空	空	空	是	否	空	无	无	无	无	空	否	否	否	否	否	否	无	无	无	无	无	无	无	否	否	否	否	否	否	否	无	无	无	否	无	无	无	无	无	无	无	否	否	否	否	是	否	否	否	否	无	无	无	否	否	无	无	无	无	无	无	无	无	无	无	无	无	无	无	无	无	无	无	无	无	无	无	无	无	无	无	无	无	无	无	无	无	无	无	无	无	无	无	无	无	无	无	无	无	无	无	无	无	无	无	无	无	无	无	无	无	无	无	无	无	无	无	无
24	2021-08-13	realme售后无法完成其所承诺的服务	空	e 	1	本人于今年1.8日在京东REALME真我官方旗舰店购买一部realme x7pro，经官网查询得知真我手机可在当地oppo售后中心进行售后或保养，于是在今年8.12日前往本地oppo售后中心进行免费贴膜（真我官网承诺一年可以免费进行4次手机贴膜），但是当到达oppo售后中心后，却被工作人员告知无法进行免费贴膜，只能付费，我认为这构成...	交通工具及相关产品	空	https://tousu.sina.com.cn/complaint/view/17354427596/	空	0	空	空	空	空	空	空	空	空	空	无	否	无	无	无	无	否	否	空	空	空	空	空	是	否	空	无	无	无	无	空	否	否	否	否	否	否	无	无	无	无	无	无	无	否	否	否	否	否	否	否	无	无	无	否	无	无	无	无	无	无	无	否	否	否	否	是	否	否	否	否	无	无	无	否	否	无	无	无	无	无	无	无	无	无	无	无	无	无	无	无	无	无	无	无	无	无	无	无	无	无	无	无	无	无	无	无	无	无	无	无	无	无	无	无	无	无	无	无	无	无	无	无	无	无	无	无	无	无	无	无	无	无	无	无	无	无	无	无
25	2021-08-23	我的手机因充不了电在realme官网寄修但至今已过了10天还未寄回至今下落不明。	空	空	1	本人于8月13日由顺丰寄出手机，据顺丰显示其维修人员唐翔已于8月14日签收。等到8月15日1629其发来消息表示我的手机RMX3142已经维修完成并给出寄回单号SF1320680523***，但经本人查询也过问了顺丰客服此单号详细信息为空白。此后几日我都有询问过客服但都未得到准确的答复。于8月18日客服打电话给我说因我要求等我联系他...	空	空	https://tousu.sina.com.cn/complaint/view/17354581865/	空	0	空	空	空	空	空	空	空	空	空	无	否	无	无	无	无	否	否	空	空	空	空	空	是	否	空	无	无	无	无	空	否	否	否	否	否	否	无	无	无	无	无	无	无	否	否	否	否	否	否	否	无	无	无	否	无	无	无	无	无	无	无	否	否	否	否	是	否	否	否	否	无	无	无	否	否	无	无	无	无	无	无	无	无	无	无	无	无	无	无	无	无	无	无	无	无	无	无	无	无	无	无	无	无	无	无	无	无	无	无	无	无	无	无	无	无	无	无	无	无	无	无	无	无	无	无	无	无	无	无	无	无	无	无	无	无	无	无	无
26	2021-08-24	手机清理大师乱扣费，扣了348在我不清楚的情况下扣的，又没有道德	空	手机清理大师	1	手机清理大师乱扣费，还是在我不清楚的情况下扣的，请给退款，谢谢	信息技术产品	空	https://tousu.sina.com.cn/complaint/view/17354595710/	空	0	空	空	空	空	空	空	空	空	空	无	否	无	无	无	无	否	否	空	空	空	空	空	是	否	空	无	无	无	无	空	否	否	否	否	否	否	无	无	无	无	无	无	无	否	否	否	否	否	否	否	无	无	无	否	无	无	无	无	无	无	无	否	否	否	否	是	否	否	否	否	无	无	无	否	否	无	无	无	无	无	无	无	无	无	无	无	无	无	无	无	无	无	无	无	无	无	无	无	无	无	无	无	无	无	无	无	无	无	无	无	无	无	无	无	无	无	无	无	无	无	无	无	无	无	无	无	无	无	无	无	无	无	无	无	无	无	无	无
27	2021-08-22	系统更新问题	空	空	1	x50pro系统长时间不更新，询问客服也是会催促的，然后每次都没有结果。	空	空	https://tousu.sina.com.cn/complaint/view/17354568749/	空	0	空	空	空	空	空	空	空	空	空	无	否	无	无	无	无	否	否	空	空	空	空	空	是	否	空	无	无	无	无	空	否	否	否	否	否	否	无	无	无	无	无	无	无	否	否	否	否	否	否	否	无	无	无	否	无	无	无	无	无	无	无	否	否	否	否	是	否	否	否	否	无	无	无	否	否	无	无	无	无	无	无	无	无	无	无	无	无	无	无	无	无	无	无	无	无	无	无	无	无	无	无	无	无	无	无	无	无	无	无	无	无	无	无	无	无	无	无	无	无	无	无	无	无	无	无	无	无	无	无	无	无	无	无	无	无	无	无	无
28	2021-08-27	真我GT neo手机质量差内屏黑屏	空	空	1	手机在兜里放着拿出来后竟然屏幕黑了，外屏完好，内屏初中黑印，2000多的手机质量尽然这样太虚假宣传了，现在开机没有屏幕显示，俗称游戏手机质量竟然这么差太欺骗消费者了，需要黑猫给予惩罚。	空	空	https://tousu.sina.com.cn/complaint/view/17354644778/	空	0	空	空	空	空	空	空	空	空	空	无	否	无	无	无	无	否	否	空	空	空	空	空	是	否	空	无	无	无	无	空	否	否	否	否	否	否	无	无	无	无	无	无	无	否	否	否	否	否	否	否	无	无	无	否	无	无	无	无	无	无	无	否	否	否	否	是	否	否	否	否	无	无	无	否	否	无	无	无	无	无	无	无	无	无	无	无	无	无	无	无	无	无	无	无	无	无	无	无	无	无	无	无	无	无	无	无	无	无	无	无	无	无	无	无	无	无	无	无	无	无	无	无	无	无	无	无	无	无	无	无	无	无	无	无	无	无	无	无
29	2021-09-02	magic助手在未通知本人的情况下自动扣费	空	空	1	本人最近发现5月17日有一笔未经过本人同便扣掉298元给magic助手，查遍全网都找不到magic助手官方电话联系方式，现诉求是退回全部款项。	空	空	https://tousu.sina.com.cn/complaint/view/17354739493/	空	0	空	空	空	空	空	空	空	空	空	无	否	无	无	无	无	否	否	空	空	空	空	空	是	否	空	无	无	无	无	空	否	否	否	否	否	否	无	无	无	无	无	无	无	否	否	否	否	否	否	否	无	无	无	否	无	无	无	无	无	无	无	否	否	否	否	是	否	否	否	否	无	无	无	否	否	无	无	无	无	无	无	无	无	无	无	无	无	无	无	无	无	无	无	无	无	无	无	无	无	无	无	无	无	无	无	无	无	无	无	无	无	无	无	无	无	无	无	无	无	无	无	无	无	无	无	无	无	无	无	无	无	无	无	无	无	无	无	无
30	2021-09-06	莫名其妙自动被扣269元	空	空	1	在完全不知情的情况下扣费，app已经删除要求退费，而且上面显示试用期3天，我并没有用超过3天。	空	空	https://tousu.sina.com.cn/complaint/view/17354806393/	空	0	空	空	空	空	空	空	空	空	空	无	否	无	无	无	无	否	否	空	空	空	空	空	是	否	空	无	无	无	无	空	否	否	否	否	否	否	无	无	无	无	无	无	无	否	否	否	否	否	否	否	无	无	无	否	无	无	无	无	无	无	无	否	否	否	否	是	否	否	否	否	无	无	无	否	否	无	无	无	无	无	无	无	无	无	无	无	无	无	无	无	无	无	无	无	无	无	无	无	无	无	无	无	无	无	无	无	无	无	无	无	无	无	无	无	无	无	无	无	无	无	无	无	无	无	无	无	无	无	无	无	无	无	无	无	无	无	无	无
31	2021-09-06	人脸识别显示前置摄像头被占用，	空	空	1	人脸识别前置摄像头显示被占用，无法用前置摄像头拍照录像，打开前置摄像头就会黑屏闪退等	空	空	https://tousu.sina.com.cn/complaint/view/17354804414/	空	0	空	空	空	空	空	空	空	空	空	无	否	无	无	无	无	否	否	空	空	空	空	空	是	否	空	无	无	无	无	空	否	否	否	否	否	否	无	无	无	无	无	无	无	否	否	否	否	否	否	否	无	无	无	否	无	无	无	无	无	无	无	否	否	否	否	是	否	否	否	否	无	无	无	否	否	无	无	无	无	无	无	无	无	无	无	无	无	无	无	无	无	无	无	无	无	无	无	无	无	无	无	无	无	无	无	无	无	无	无	无	无	无	无	无	无	无	无	无	无	无	无	无	无	无	无	无	无	无	无	无	无	无	无	无	无	无	无	无
32	2021-09-08	手机优化大师恶意扣费268元	空	手机优化大师	1	手机优化大师app使用前没有明确告知会扣费，扣费之前也]有提醒	信息技术产品	空	https://tousu.sina.com.cn/complaint/view/17354842527/	空	0	空	空	空	空	空	空	空	空	空	无	否	无	无	无	无	否	否	空	空	空	空	空	是	否	空	无	无	无	无	空	否	否	否	否	否	否	无	无	无	无	无	无	无	否	否	否	否	否	否	否	无	无	无	否	无	无	无	无	无	无	无	否	否	否	否	是	否	否	否	否	无	无	无	否	否	无	无	无	无	无	无	无	无	无	无	无	无	无	无	无	无	无	无	无	无	无	无	无	无	无	无	无	无	无	无	无	无	无	无	无	无	无	无	无	无	无	无	无	无	无	无	无	无	无	无	无	无	无	无	无	无	无	无	无	无	无	无	无
33	2021-09-11	非本人操作下单的 莫名其妙又扣款	空	空	1	要求退款 怎么才能退钱 给个说法 给个建议	空	空	https://tousu.sina.com.cn/complaint/view/17354890714/	空	0	空	空	空	空	空	空	空	空	空	无	否	无	无	无	无	否	否	空	空	空	空	空	是	否	空	无	无	无	无	空	否	否	否	否	否	否	无	无	无	无	无	无	无	否	否	否	否	否	否	否	无	无	无	否	无	无	无	无	无	无	无	否	否	否	否	是	否	否	否	否	无	无	无	否	否	无	无	无	无	无	无	无	无	无	无	无	无	无	无	无	无	无	无	无	无	无	无	无	无	无	无	无	无	无	无	无	无	无	无	无	无	无	无	无	无	无	无	无	无	无	无	无	无	无	无	无	无	无	无	无	无	无	无	无	无	无	无	无
34	2021-09-11	从未订阅也没安装过次软件 就被不知情订阅并扣费	空	手机优化大师	1	手机优化大师在我完全不知情的情况下给我定了季度高级会员，并从我微信零钱里面自动扣除268元。我现在要求立即退款，停止服务，并停止一切不法行为。	信息技术产品	空	https://tousu.sina.com.cn/complaint/view/17354887204/	空	0	空	空	空	空	空	空	空	空	空	无	否	无	无	无	无	否	否	空	空	空	空	空	是	否	空	无	无	无	无	空	否	否	否	否	否	否	无	无	无	无	无	无	无	否	否	否	否	否	否	否	无	无	无	否	无	无	无	无	无	无	无	否	否	否	否	是	否	否	否	否	无	无	无	否	否	无	无	无	无	无	无	无	无	无	无	无	无	无	无	无	无	无	无	无	无	无	无	无	无	无	无	无	无	无	无	无	无	无	无	无	无	无	无	无	无	无	无	无	无	无	无	无	无	无	无	无	无	无	无	无	无	无	无	无	无	无	无	无
35	2021-09-16	我在看抖音时出现手机优化大师界面就下载了，并未购买订阅,被自动扣款268元。	空	空	1	在未经我同意就强行从微信自动扣款，我要求给我全额退款。	空	空	https://tousu.sina.com.cn/complaint/view/17354975799/	空	0	空	空	空	空	空	空	空	空	空	无	否	无	无	无	无	否	否	空	空	空	空	空	是	否	空	无	无	无	无	空	否	否	否	否	否	否	无	无	无	无	无	无	无	否	否	否	否	否	否	否	无	无	无	否	无	无	无	无	无	无	无	否	否	否	否	是	否	否	否	否	无	无	无	否	否	无	无	无	无	无	无	无	无	无	无	无	无	无	无	无	无	无	无	无	无	无	无	无	无	无	无	无	无	无	无	无	无	无	无	无	无	无	无	无	无	无	无	无	无	无	无	无	无	无	无	无	无	无	无	无	无	无	无	无	无	无	无	无
36	2021-09-17	在本人不知情的情况下Cleaner手机管家自动扣费388元，	空	Cleaner手机管家	1	本人下载Cleaner手机管家，并未使用。在本人不知情的情况下软件自动从本人的花呗自动扣费388元	信息技术产品	空	https://tousu.sina.com.cn/complaint/view/17354986735/	空	0	空	空	空	空	空	空	空	空	空	无	否	无	无	无	无	否	否	空	空	空	空	空	是	否	空	无	无	无	无	空	否	否	否	否	否	否	无	无	无	无	无	无	无	否	否	否	否	否	否	否	无	无	无	否	无	无	无	无	无	无	无	否	否	否	否	是	否	否	否	否	无	无	无	否	否	无	无	无	无	无	无	无	无	无	无	无	无	无	无	无	无	无	无	无	无	无	无	无	无	无	无	无	无	无	无	无	无	无	无	无	无	无	无	无	无	无	无	无	无	无	无	无	无	无	无	无	无	无	无	无	无	无	无	无	无	无	无	无
37	2021-09-10	在我不知情的情况下他自动续费	空	空	1	在我不知情的情况下自动续费 没法申请退款	空	空	https://tousu.sina.com.cn/complaint/view/17354877385/	空	0	空	空	空	空	空	空	空	空	空	无	否	无	无	无	无	否	否	空	空	空	空	空	是	否	空	无	无	无	无	空	否	否	否	否	否	否	无	无	无	无	无	无	无	否	否	否	否	否	否	否	无	无	无	否	无	无	无	无	无	无	无	否	否	否	否	是	否	否	否	否	无	无	无	否	否	无	无	无	无	无	无	无	无	无	无	无	无	无	无	无	无	无	无	无	无	无	无	无	无	无	无	无	无	无	无	无	无	无	无	无	无	无	无	无	无	无	无	无	无	无	无	无	无	无	无	无	无	无	无	无	无	无	无	无	无	无	无	无
38	2021-09-16	realme x手机升降摄像头无故闪退黑屏	空	e 	1	realme x手机正常使用，每天正常用手机前置摄像头解锁，今晚上用的时候提示手机摄像头被占用，然后闪退，重启也不可以，人脸解锁提示摄像头被占用。希望realme能免费帮我处理了，	交通工具及相关产品	空	https://tousu.sina.com.cn/complaint/view/17354985816/	空	0	空	空	空	空	空	空	空	空	空	无	否	无	无	无	无	否	否	空	夜间	空	空	空	是	否	空	无	无	无	无	空	否	否	否	否	否	否	无	无	无	无	无	无	无	否	否	否	否	否	否	否	无	无	无	否	无	无	无	无	无	无	无	否	否	否	否	是	否	否	否	否	无	无	无	否	否	无	无	无	无	无	无	无	无	无	无	无	无	无	无	无	无	无	无	无	无	无	无	无	无	无	无	无	无	无	无	无	无	无	无	无	无	无	无	无	无	无	无	无	无	无	无	无	无	无	无	无	无	无	无	无	无	无	无	无	无	无	无	无
39	2021-09-14	手机优化大师-相册优化管家乱收费	空	空	1	当时免费试用三天之后未经同意，于9月11号直接扣费268元	空	空	https://tousu.sina.com.cn/complaint/view/17354941862/	空	0	空	空	空	空	空	空	空	空	空	无	否	无	无	无	无	否	否	空	空	空	空	空	是	否	空	无	无	无	无	空	否	否	否	否	否	否	无	无	无	无	无	无	无	否	否	否	否	否	否	否	无	无	无	否	无	无	无	无	无	无	无	否	否	否	否	是	否	否	否	否	无	无	无	否	否	无	无	无	无	无	无	无	无	无	无	无	无	无	无	无	无	无	无	无	无	无	无	无	无	无	无	无	无	无	无	无	无	无	无	无	无	无	无	无	无	无	无	无	无	无	无	无	无	无	无	无	无	无	无	无	无	无	无	无	无	无	无	无
40	2021-09-11	从未订阅也没安装过次软件 就被不知情订阅并扣费	空	手机优化大师	1	手机优化大师在我完全不知情的情况下给我定了季度高级会员，并从我微信零钱里面自动扣除268元。我现在要求立即退款，停止服务，并停止一切不法行为。	信息技术产品	空	https://tousu.sina.com.cn/complaint/view/17354887204/	空	0	空	空	空	空	空	空	空	空	空	无	否	无	无	无	无	否	否	空	空	空	空	空	是	否	空	无	无	无	无	空	否	否	否	否	否	否	无	无	无	无	无	无	无	否	否	否	否	否	否	否	无	无	无	否	无	无	无	无	无	无	无	否	否	否	否	是	否	否	否	否	无	无	无	否	否	无	无	无	无	无	无	无	无	无	无	无	无	无	无	无	无	无	无	无	无	无	无	无	无	无	无	无	无	无	无	无	无	无	无	无	无	无	无	无	无	无	无	无	无	无	无	无	无	无	无	无	无	无	无	无	无	无	无	无	无	无	无	无
41	2021-09-10	在我不知情的情况下他自动续费	空	空	1	在我不知情的情况下自动续费 没法申请退款	空	空	https://tousu.sina.com.cn/complaint/view/17354877385/	空	0	空	空	空	空	空	空	空	空	空	无	否	无	无	无	无	否	否	空	空	空	空	空	是	否	空	无	无	无	无	空	否	否	否	否	否	否	无	无	无	无	无	无	无	否	否	否	否	否	否	否	无	无	无	否	无	无	无	无	无	无	无	否	否	否	否	是	否	否	否	否	无	无	无	否	否	无	无	无	无	无	无	无	无	无	无	无	无	无	无	无	无	无	无	无	无	无	无	无	无	无	无	无	无	无	无	无	无	无	无	无	无	无	无	无	无	无	无	无	无	无	无	无	无	无	无	无	无	无	无	无	无	无	无	无	无	无	无	无
42	2021-09-13	真我官网不给退碎屏险	空	空	1	手机买来因为有质量问题拿去售后说给退，但是实体店不退，无奈只能换货，换来的新手机我给别人用了，想退碎屏险。但是官网不给退。请求退碎屏险。但是也没有告诉我说碎屏险不能退或者是怎样，我是直接找到的客服，客服买之前我咨询也没告诉我不能退，售后也没告诉我不能退，霸王条款。耍无赖。	空	空	https://tousu.sina.com.cn/complaint/view/17354921398/	空	0	空	空	空	空	空	空	空	空	空	无	否	无	无	无	无	否	否	空	空	空	空	空	是	否	空	无	无	无	无	空	否	否	否	否	否	否	无	无	无	无	无	无	无	否	否	否	否	否	否	否	无	无	无	否	无	无	无	无	无	无	无	否	否	否	否	是	否	否	否	否	无	无	无	否	否	无	无	无	无	无	无	无	无	无	无	无	无	无	无	无	无	无	无	无	无	无	无	无	无	无	无	无	无	无	无	无	无	无	无	无	无	无	无	无	无	无	无	无	无	无	无	无	无	无	无	无	无	无	无	无	无	无	无	无	无	无	无	无
43	2021-09-16	我在看抖音时出现手机优化大师界面就下载了，并未购买订阅,被自动扣款268元。	空	空	1	在未经我同意就强行从微信自动扣款，我要求给我全额退款。	空	空	https://tousu.sina.com.cn/complaint/view/17354975799/	空	0	空	空	空	空	空	空	空	空	空	无	否	无	无	无	无	否	否	空	空	空	空	空	是	否	空	无	无	无	无	空	否	否	否	否	否	否	无	无	无	无	无	无	无	否	否	否	否	否	否	否	无	无	无	否	无	无	无	无	无	无	无	否	否	否	否	是	否	否	否	否	无	无	无	否	否	无	无	无	无	无	无	无	无	无	无	无	无	无	无	无	无	无	无	无	无	无	无	无	无	无	无	无	无	无	无	无	无	无	无	无	无	无	无	无	无	无	无	无	无	无	无	无	无	无	无	无	无	无	无	无	无	无	无	无	无	无	无	无
44	2021-09-17	在本人不知情的情况下Cleaner手机管家自动扣费388元，	空	Cleaner手机管家	1	本人下载Cleaner手机管家，并未使用。在本人不知情的情况下软件自动从本人的花呗自动扣费388元	信息技术产品	空	https://tousu.sina.com.cn/complaint/view/17354986735/	空	0	空	空	空	空	空	空	空	空	空	无	否	无	无	无	无	否	否	空	空	空	空	空	是	否	空	无	无	无	无	空	否	否	否	否	否	否	无	无	无	无	无	无	无	否	否	否	否	否	否	否	无	无	无	否	无	无	无	无	无	无	无	否	否	否	否	是	否	否	否	否	无	无	无	否	否	无	无	无	无	无	无	无	无	无	无	无	无	无	无	无	无	无	无	无	无	无	无	无	无	无	无	无	无	无	无	无	无	无	无	无	无	无	无	无	无	无	无	无	无	无	无	无	无	无	无	无	无	无	无	无	无	无	无	无	无	无	无	无
45	2021-09-16	realme x手机升降摄像头无故闪退黑屏	空	e 	1	realme x手机正常使用，每天正常用手机前置摄像头解锁，今晚上用的时候提示手机摄像头被占用，然后闪退，重启也不可以，人脸解锁提示摄像头被占用。希望realme能免费帮我处理了，	交通工具及相关产品	空	https://tousu.sina.com.cn/complaint/view/17354985816/	空	0	空	空	空	空	空	空	空	空	空	无	否	无	无	无	无	否	否	空	夜间	空	空	空	是	否	空	无	无	无	无	空	否	否	否	否	否	否	无	无	无	无	无	无	无	否	否	否	否	否	否	否	无	无	无	否	无	无	无	无	无	无	无	否	否	否	否	是	否	否	否	否	无	无	无	否	否	无	无	无	无	无	无	无	无	无	无	无	无	无	无	无	无	无	无	无	无	无	无	无	无	无	无	无	无	无	无	无	无	无	无	无	无	无	无	无	无	无	无	无	无	无	无	无	无	无	无	无	无	无	无	无	无	无	无	无	无	无	无	无
46	2021-08-30	手机优化大师软件没在手机本人同意下强迫扣款268元人民币现在要求退还	空	手机优化大师	1	我在抖音上面看到手机优化大师广告，我并下载了手机优化大师APP之后也没操作什么，它却在2021年8月30号3点左右自动扣款我268元钱现在我要求他退款于我	信息技术产品	空	https://tousu.sina.com.cn/complaint/view/17354689448/	空	0	空	空	空	空	空	空	空	空	空	无	否	无	无	无	无	否	否	空	空	空	空	空	是	否	空	无	无	无	无	空	否	否	否	否	否	否	无	无	无	无	无	无	无	否	否	否	否	否	否	否	无	无	无	否	无	无	无	无	无	无	无	否	否	否	否	是	否	否	否	否	无	无	无	否	否	无	无	无	无	无	无	无	无	无	无	无	无	无	无	无	无	无	无	无	无	无	无	无	无	无	无	无	无	无	无	无	无	无	无	无	无	无	无	无	无	无	无	无	无	无	无	无	无	无	无	无	无	无	无	无	无	无	无	无	无	无	无	无
47	2021-08-22	淘宝店铺realme官方旗舰店欺诈	空	e 	1	本人8月7日在淘宝realme 官方旗舰店下单一款realme GT 大师探索版手机，至今未发货，多次催促，客服以交通管制为由拒绝发货，本人求证顺丰快递，顺丰方表示可以正常到货，我发送截图给客服，客服表示再次对接能发货了，保证这两天安排发货，今天再次询问发货情况，换了个客服又转口说不能发了，又说管制，明摆着店大欺客...	交通工具及相关产品	空	https://tousu.sina.com.cn/complaint/view/17354575089/	空	0	空	空	空	空	空	空	空	空	空	无	否	无	无	无	无	否	否	空	空	空	空	空	是	否	空	无	无	无	无	空	否	否	否	否	否	否	无	无	无	无	无	无	无	否	否	否	否	否	否	否	无	无	无	否	无	无	无	无	无	无	无	否	否	否	否	是	否	否	否	否	无	无	无	否	否	无	无	无	无	无	无	无	无	无	无	无	无	无	无	无	无	无	无	无	无	无	无	无	无	无	无	无	无	无	无	无	无	无	无	无	无	无	无	无	无	无	无	无	无	无	无	无	无	无	无	无	无	无	无	无	无	无	无	无	无	无	无	无
48	2021-08-30	下载了个优化大师都没订阅 莫名其妙的扣款	空	空	1	前几天还充电宝 说什么有机有风险 要下载优化大师 上面显示实用三天 自己都没有点什么订阅 今天莫名其妙的扣款	空	空	https://tousu.sina.com.cn/complaint/view/17354697278/	空	0	空	空	空	空	空	空	空	空	空	无	否	无	无	无	无	否	否	空	空	空	空	空	是	否	空	无	无	无	无	空	否	否	否	否	否	否	无	无	无	无	无	无	无	否	否	否	否	否	否	否	无	无	无	否	无	无	无	无	无	无	无	否	否	否	否	是	否	否	否	否	无	无	无	否	否	无	无	无	无	无	无	无	无	无	无	无	无	无	无	无	无	无	无	无	无	无	无	无	无	无	无	无	无	无	无	无	无	无	无	无	无	无	无	无	无	无	无	无	无	无	无	无	无	无	无	无	无	无	无	无	无	无	无	无	无	无	无	无
49	2021-08-29	优化大师	空	空	1	该优化大师软件在我不知情的情况下自动扣款，需退款	空	空	https://tousu.sina.com.cn/complaint/view/17354686067/	空	0	空	空	空	空	空	空	空	空	空	无	否	无	无	无	无	否	否	空	空	空	空	空	是	否	空	无	无	无	无	空	否	否	否	否	否	否	无	无	无	无	无	无	无	否	否	否	否	否	否	否	无	无	无	否	无	无	无	无	无	无	无	否	否	否	否	是	否	否	否	否	无	无	无	否	否	无	无	无	无	无	无	无	无	无	无	无	无	无	无	无	无	无	无	无	无	无	无	无	无	无	无	无	无	无	无	无	无	无	无	无	无	无	无	无	无	无	无	无	无	无	无	无	无	无	无	无	无	无	无	无	无	无	无	无	无	无	无	无
50	2021-09-04	组了活动价格的云手机使用未达效果不给退款	空	多多云手机	1	打开多多云手机app组机，为了达到游戏效果租了个服务一个月68，使用后游戏启动不了，与客服要求退款 一口拒绝然后说事先有测试提示 测试后付款是不给退款 我问客服测试体验在哪里，他给我说的还是需要下单租几天而且不是我定的这款租机款项肯定体验不到，现在租的玩不了游戏，客服要么不给回答，要么就是换新客服重新走...	信息技术产品	空	https://tousu.sina.com.cn/complaint/view/17354779772/	空	0	空	空	空	空	空	空	空	空	空	无	否	无	无	无	无	否	否	空	空	空	空	空	是	否	空	无	无	无	无	空	否	否	否	否	否	否	无	无	无	无	无	无	无	否	否	否	否	否	否	否	无	无	无	否	无	无	无	无	无	无	无	否	否	否	否	是	否	否	否	否	无	无	无	否	否	无	无	无	无	无	无	无	无	无	无	无	无	无	无	无	无	无	无	无	无	无	无	无	无	无	无	无	无	无	无	无	无	无	无	无	无	无	无	无	无	无	无	无	无	无	无	无	无	无	无	无	无	无	无	无	无	无	无	无	无	无	无	无
51	2021-09-13	手机定位他迹软件欺骗用后	空	空	1	手机定位他迹软件，页面显示购买会员可以输入他人手机查看他人的定位，用户须知最后一项打勾也是只有一行字，不点开根本无法知道需和对方加好友，对方通过，才可以查定位，当你购买了对员才发现，存在欺骗，希望退款	空	空	https://tousu.sina.com.cn/complaint/view/17354930446/	空	0	空	空	空	空	空	空	空	空	空	无	否	无	无	无	无	否	否	空	空	空	空	空	是	否	空	无	无	无	无	空	否	否	否	否	否	否	无	无	无	无	无	无	无	否	否	否	否	否	否	否	无	无	无	否	无	无	无	无	无	无	无	否	否	否	否	是	否	否	否	否	无	无	无	否	否	无	无	无	无	无	无	无	无	无	无	无	无	无	无	无	无	无	无	无	无	无	无	无	无	无	无	无	无	无	无	无	无	无	无	无	无	无	无	无	无	无	无	无	无	无	无	无	无	无	无	无	无	无	无	无	无	无	无	无	无	无	无	无
52	2021-09-11	手机系统升级导致手机出现质量问题	空	空	1	我在升级完最近系统的不到一天时间，手机realmex的前置摄像头不能打开一直呗占用	空	空	https://tousu.sina.com.cn/complaint/view/17354895539/	空	0	空	空	空	空	空	空	空	空	空	无	否	无	无	无	无	否	否	空	空	空	空	空	是	否	空	无	无	无	无	空	否	否	否	否	否	否	无	无	无	无	无	无	无	否	否	否	否	否	否	否	无	无	无	否	无	无	无	无	无	无	无	否	否	否	否	是	否	否	否	否	无	无	无	否	否	无	无	无	无	无	无	无	无	无	无	无	无	无	无	无	无	无	无	无	无	无	无	无	无	无	无	无	无	无	无	无	无	无	无	无	无	无	无	无	无	无	无	无	无	无	无	无	无	无	无	无	无	无	无	无	无	无	无	无	无	无	无	无
53	2021-08-18	手机优化大师app在我不知情的情况下自动扣费！！	空	手机优化大师	1	手机优化大师app在我不知情的情况下自动扣费268元，并开通续费模式，申请退款	信息技术产品	空	https://tousu.sina.com.cn/complaint/view/17354504607/	空	0	空	空	空	空	空	空	空	空	空	无	否	无	无	无	无	否	否	空	空	空	空	空	是	否	空	无	无	无	无	空	否	否	否	否	否	否	无	无	无	无	无	无	无	否	否	否	否	否	否	否	无	无	无	否	无	无	无	无	无	无	无	否	否	否	否	是	否	否	否	否	无	无	无	否	否	无	无	无	无	无	无	无	无	无	无	无	无	无	无	无	无	无	无	无	无	无	无	无	无	无	无	无	无	无	无	无	无	无	无	无	无	无	无	无	无	无	无	无	无	无	无	无	无	无	无	无	无	无	无	无	无	无	无	无	无	无	无	无
54	2021-09-02	magic助手在未通知本人的情况下自动扣费	空	空	1	本人最近发现5月17日有一笔未经过本人同便扣掉298元给magic助手，查遍全网都找不到magic助手官方电话联系方式，现诉求是退回全部款项。	空	空	https://tousu.sina.com.cn/complaint/view/17354739493/	空	0	空	空	空	空	空	空	空	空	空	无	否	无	无	无	无	否	否	空	空	空	空	空	是	否	空	无	无	无	无	空	否	否	否	否	否	否	无	无	无	无	无	无	无	否	否	否	否	否	否	否	无	无	无	否	无	无	无	无	无	无	无	否	否	否	否	是	否	否	否	否	无	无	无	否	否	无	无	无	无	无	无	无	无	无	无	无	无	无	无	无	无	无	无	无	无	无	无	无	无	无	无	无	无	无	无	无	无	无	无	无	无	无	无	无	无	无	无	无	无	无	无	无	无	无	无	无	无	无	无	无	无	无	无	无	无	无	无	无
55	2021-08-27	真我GT neo手机质量差内屏黑屏	空	空	1	手机在兜里放着拿出来后竟然屏幕黑了，外屏完好，内屏初中黑印，2000多的手机质量尽然这样太虚假宣传了，现在开机没有屏幕显示，俗称游戏手机质量竟然这么差太欺骗消费者了，需要黑猫给予惩罚。	空	空	https://tousu.sina.com.cn/complaint/view/17354644778/	空	0	空	空	空	空	空	空	空	空	空	无	否	无	无	无	无	否	否	空	空	空	空	空	是	否	空	无	无	无	无	空	否	否	否	否	否	否	无	无	无	无	无	无	无	否	否	否	否	否	否	否	无	无	无	否	无	无	无	无	无	无	无	否	否	否	否	是	否	否	否	否	无	无	无	否	否	无	无	无	无	无	无	无	无	无	无	无	无	无	无	无	无	无	无	无	无	无	无	无	无	无	无	无	无	无	无	无	无	无	无	无	无	无	无	无	无	无	无	无	无	无	无	无	无	无	无	无	无	无	无	无	无	无	无	无	无	无	无	无
56	2021-08-23	我的手机因充不了电在realme官网寄修但至今已过了10天还未寄回至今下落不明。	空	空	1	本人于8月13日由顺丰寄出手机，据顺丰显示其维修人员唐翔已于8月14日签收。等到8月15日1629其发来消息表示我的手机RMX3142已经维修完成并给出寄回单号SF1320680523***，但经本人查询也过问了顺丰客服此单号详细信息为空白。此后几日我都有询问过客服但都未得到准确的答复。于8月18日客服打电话给我说因我要求等我联系他...	空	空	https://tousu.sina.com.cn/complaint/view/17354581865/	空	0	空	空	空	空	空	空	空	空	空	无	否	无	无	无	无	否	否	空	空	空	空	空	是	否	空	无	无	无	无	空	否	否	否	否	否	否	无	无	无	无	无	无	无	否	否	否	否	否	否	否	无	无	无	否	无	无	无	无	无	无	无	否	否	否	否	是	否	否	否	否	无	无	无	否	否	无	无	无	无	无	无	无	无	无	无	无	无	无	无	无	无	无	无	无	无	无	无	无	无	无	无	无	无	无	无	无	无	无	无	无	无	无	无	无	无	无	无	无	无	无	无	无	无	无	无	无	无	无	无	无	无	无	无	无	无	无	无	无
57	2021-08-22	系统更新问题	空	空	1	x50pro系统长时间不更新，询问客服也是会催促的，然后每次都没有结果。	空	空	https://tousu.sina.com.cn/complaint/view/17354568749/	空	0	空	空	空	空	空	空	空	空	空	无	否	无	无	无	无	否	否	空	空	空	空	空	是	否	空	无	无	无	无	空	否	否	否	否	否	否	无	无	无	无	无	无	无	否	否	否	否	否	否	否	无	无	无	否	无	无	无	无	无	无	无	否	否	否	否	是	否	否	否	否	无	无	无	否	否	无	无	无	无	无	无	无	无	无	无	无	无	无	无	无	无	无	无	无	无	无	无	无	无	无	无	无	无	无	无	无	无	无	无	无	无	无	无	无	无	无	无	无	无	无	无	无	无	无	无	无	无	无	无	无	无	无	无	无	无	无	无	无
58	2021-08-24	手机清理大师乱扣费，扣了348在我不清楚的情况下扣的，又没有道德	空	手机清理大师	1	手机清理大师乱扣费，还是在我不清楚的情况下扣的，请给退款，谢谢	信息技术产品	空	https://tousu.sina.com.cn/complaint/view/17354595710/	空	0	空	空	空	空	空	空	空	空	空	无	否	无	无	无	无	否	否	空	空	空	空	空	是	否	空	无	无	无	无	空	否	否	否	否	否	否	无	无	无	无	无	无	无	否	否	否	否	否	否	否	无	无	无	否	无	无	无	无	无	无	无	否	否	否	否	是	否	否	否	否	无	无	无	否	否	无	无	无	无	无	无	无	无	无	无	无	无	无	无	无	无	无	无	无	无	无	无	无	无	无	无	无	无	无	无	无	无	无	无	无	无	无	无	无	无	无	无	无	无	无	无	无	无	无	无	无	无	无	无	无	无	无	无	无	无	无	无	无
59	2021-08-30	系统不维护欺骗消费者	空	空	1	系统不进行升级维护，说好的上周更新到今天还是没有更新包，	空	空	https://tousu.sina.com.cn/complaint/view/17354697783/	空	0	空	空	空	空	空	空	空	空	空	无	否	无	无	无	无	否	否	空	空	空	空	空	是	否	空	无	无	无	无	空	否	否	否	否	否	否	无	无	无	无	无	无	无	否	否	否	否	否	否	否	无	无	无	否	无	无	无	无	无	无	无	否	否	否	否	是	否	否	否	否	无	无	无	否	否	无	无	无	无	无	无	无	无	无	无	无	无	无	无	无	无	无	无	无	无	无	无	无	无	无	无	无	无	无	无	无	无	无	无	无	无	无	无	无	无	无	无	无	无	无	无	无	无	无	无	无	无	无	无	无	无	无	无	无	无	无	无	无
60	2021-08-27	激活时间比购买时间早，怀疑是二手机。	空	空	1	购买时是7月15号，然后我购买后一个月查询激活时间是6月3号。	空	空	https://tousu.sina.com.cn/complaint/view/17354655103/	空	0	空	空	空	空	空	空	空	空	空	无	否	无	无	无	无	否	否	空	空	空	空	空	是	否	空	无	无	无	无	空	否	否	否	否	否	否	无	无	无	无	无	无	无	否	否	否	否	否	否	否	无	无	无	否	无	无	无	无	无	无	无	否	否	否	否	是	否	否	否	否	无	无	无	否	否	无	无	无	无	无	无	无	无	无	无	无	无	无	无	无	无	无	无	无	无	无	无	无	无	无	无	无	无	无	无	无	无	无	无	无	无	无	无	无	无	无	无	无	无	无	无	无	无	无	无	无	无	无	无	无	无	无	无	无	无	无	无	无
61	2021-09-06	下载软件突然扣费	空	空	1	弹出了广告，下载软件后莫名其妙扣费，我都没有自己开会员	空	空	https://tousu.sina.com.cn/complaint/view/17354806623/	空	0	空	空	空	空	空	空	空	空	空	无	否	无	无	无	无	否	否	空	空	空	空	空	是	否	空	无	无	无	无	空	否	否	否	否	否	否	无	无	无	无	无	无	无	否	否	否	否	否	否	否	无	无	无	否	无	无	无	无	无	无	无	否	否	否	否	是	否	否	否	否	无	无	无	否	否	无	无	无	无	无	无	无	无	无	无	无	无	无	无	无	无	无	无	无	无	无	无	无	无	无	无	无	无	无	无	无	无	无	无	无	无	无	无	无	无	无	无	无	无	无	无	无	无	无	无	无	无	无	无	无	无	无	无	无	无	无	无	无
62	2021-09-06	莫名其妙自动被扣269元	空	空	1	在完全不知情的情况下扣费，app已经删除要求退费，而且上面显示试用期3天，我并没有用超过3天。	空	空	https://tousu.sina.com.cn/complaint/view/17354806393/	空	0	空	空	空	空	空	空	空	空	空	无	否	无	无	无	无	否	否	空	空	空	空	空	是	否	空	无	无	无	无	空	否	否	否	否	否	否	无	无	无	无	无	无	无	否	否	否	否	否	否	否	无	无	无	否	无	无	无	无	无	无	无	否	否	否	否	是	否	否	否	否	无	无	无	否	否	无	无	无	无	无	无	无	无	无	无	无	无	无	无	无	无	无	无	无	无	无	无	无	无	无	无	无	无	无	无	无	无	无	无	无	无	无	无	无	无	无	无	无	无	无	无	无	无	无	无	无	无	无	无	无	无	无	无	无	无	无	无	无
63	2021-09-06	人脸识别显示前置摄像头被占用，	空	空	1	人脸识别前置摄像头显示被占用，无法用前置摄像头拍照录像，打开前置摄像头就会黑屏闪退等	空	空	https://tousu.sina.com.cn/complaint/view/17354804414/	空	0	空	空	空	空	空	空	空	空	空	无	否	无	无	无	无	否	否	空	空	空	空	空	是	否	空	无	无	无	无	空	否	否	否	否	否	否	无	无	无	无	无	无	无	否	否	否	否	否	否	否	无	无	无	否	无	无	无	无	无	无	无	否	否	否	否	是	否	否	否	否	无	无	无	否	否	无	无	无	无	无	无	无	无	无	无	无	无	无	无	无	无	无	无	无	无	无	无	无	无	无	无	无	无	无	无	无	无	无	无	无	无	无	无	无	无	无	无	无	无	无	无	无	无	无	无	无	无	无	无	无	无	无	无	无	无	无	无	无
64	2021-09-08	手机优化大师恶意扣费268元	空	手机优化大师	1	手机优化大师app使用前没有明确告知会扣费，扣费之前也]有提醒	信息技术产品	空	https://tousu.sina.com.cn/complaint/view/17354842527/	空	0	空	空	空	空	空	空	空	空	空	无	否	无	无	无	无	否	否	空	空	空	空	空	是	否	空	无	无	无	无	空	否	否	否	否	否	否	无	无	无	无	无	无	无	否	否	否	否	否	否	否	无	无	无	否	无	无	无	无	无	无	无	否	否	否	否	是	否	否	否	否	无	无	无	否	否	无	无	无	无	无	无	无	无	无	无	无	无	无	无	无	无	无	无	无	无	无	无	无	无	无	无	无	无	无	无	无	无	无	无	无	无	无	无	无	无	无	无	无	无	无	无	无	无	无	无	无	无	无	无	无	无	无	无	无	无	无	无	无
65	2021-09-11	非本人操作下单的 莫名其妙又扣款	空	空	1	要求退款 怎么才能退钱 给个说法 给个建议	空	空	https://tousu.sina.com.cn/complaint/view/17354890714/	空	0	空	空	空	空	空	空	空	空	空	无	否	无	无	无	无	否	否	空	空	空	空	空	是	否	空	无	无	无	无	空	否	否	否	否	否	否	无	无	无	无	无	无	无	否	否	否	否	否	否	否	无	无	无	否	无	无	无	无	无	无	无	否	否	否	否	是	否	否	否	否	无	无	无	否	否	无	无	无	无	无	无	无	无	无	无	无	无	无	无	无	无	无	无	无	无	无	无	无	无	无	无	无	无	无	无	无	无	无	无	无	无	无	无	无	无	无	无	无	无	无	无	无	无	无	无	无	无	无	无	无	无	无	无	无	无	无	无	无
66	2021-09-11	从未订阅也没安装过次软件 就被不知情订阅并扣费	空	手机优化大师	1	手机优化大师在我完全不知情的情况下给我定了季度高级会员，并从我微信零钱里面自动扣除268元。我现在要求立即退款，停止服务，并停止一切不法行为。	信息技术产品	空	https://tousu.sina.com.cn/complaint/view/17354887204/	空	0	空	空	空	空	空	空	空	空	空	无	否	无	无	无	无	否	否	空	空	空	空	空	是	否	空	无	无	无	无	空	否	否	否	否	否	否	无	无	无	无	无	无	无	否	否	否	否	否	否	否	无	无	无	否	无	无	无	无	无	无	无	否	否	否	否	是	否	否	否	否	无	无	无	否	否	无	无	无	无	无	无	无	无	无	无	无	无	无	无	无	无	无	无	无	无	无	无	无	无	无	无	无	无	无	无	无	无	无	无	无	无	无	无	无	无	无	无	无	无	无	无	无	无	无	无	无	无	无	无	无	无	无	无	无	无	无	无	无
67	2021-09-10	在我不知情的情况下他自动续费	空	空	1	在我不知情的情况下自动续费 没法申请退款	空	空	https://tousu.sina.com.cn/complaint/view/17354877385/	空	0	空	空	空	空	空	空	空	空	空	无	否	无	无	无	无	否	否	空	空	空	空	空	是	否	空	无	无	无	无	空	否	否	否	否	否	否	无	无	无	无	无	无	无	否	否	否	否	否	否	否	无	无	无	否	无	无	无	无	无	无	无	否	否	否	否	是	否	否	否	否	无	无	无	否	否	无	无	无	无	无	无	无	无	无	无	无	无	无	无	无	无	无	无	无	无	无	无	无	无	无	无	无	无	无	无	无	无	无	无	无	无	无	无	无	无	无	无	无	无	无	无	无	无	无	无	无	无	无	无	无	无	无	无	无	无	无	无	无
68	2021-09-16	手机优化大师	空	空	1	可以我不小心点到自动扣费，关键是我用不到，希望给我退款	空	空	https://tousu.sina.com.cn/complaint/view/17354971554/	空	0	空	空	空	空	空	空	空	空	空	无	否	无	无	无	无	否	否	空	空	空	空	空	是	否	空	无	无	无	无	空	否	否	否	否	否	否	无	无	无	无	无	无	无	否	否	否	否	否	否	否	无	无	无	否	无	无	无	无	无	无	无	否	否	否	否	是	否	否	否	否	无	无	无	否	否	无	无	无	无	无	无	无	无	无	无	无	无	无	无	无	无	无	无	无	无	无	无	无	无	无	无	无	无	无	无	无	无	无	无	无	无	无	无	无	无	无	无	无	无	无	无	无	无	无	无	无	无	无	无	无	无	无	无	无	无	无	无	无
69	2021-09-16	我在看抖音时出现手机优化大师界面就下载了，并未购买订阅,被自动扣款268元。	空	空	1	在未经我同意就强行从微信自动扣款，我要求给我全额退款。	空	空	https://tousu.sina.com.cn/complaint/view/17354975799/	空	0	空	空	空	空	空	空	空	空	空	无	否	无	无	无	无	否	否	空	空	空	空	空	是	否	空	无	无	无	无	空	否	否	否	否	否	否	无	无	无	无	无	无	无	否	否	否	否	否	否	否	无	无	无	否	无	无	无	无	无	无	无	否	否	否	否	是	否	否	否	否	无	无	无	否	否	无	无	无	无	无	无	无	无	无	无	无	无	无	无	无	无	无	无	无	无	无	无	无	无	无	无	无	无	无	无	无	无	无	无	无	无	无	无	无	无	无	无	无	无	无	无	无	无	无	无	无	无	无	无	无	无	无	无	无	无	无	无	无
70	2021-09-16	昨天系统更新，导致前置摄像头无法使用	空	空	1	realmeX手机昨天我系统更新成ui2.0以后，导致我前置摄像头无法使用。没更新前一直能够好好使用	空	空	https://tousu.sina.com.cn/complaint/view/17354983486/	空	0	空	空	空	空	空	空	空	空	空	无	否	无	无	无	无	否	否	空	空	空	空	空	是	否	空	无	无	无	无	空	否	否	否	否	否	否	无	无	无	无	无	无	无	否	否	否	否	否	否	否	无	无	无	否	无	无	无	无	无	无	无	否	否	否	否	是	否	否	否	否	无	无	无	否	否	无	无	无	无	无	无	无	无	无	无	无	无	无	无	无	无	无	无	无	无	无	无	无	无	无	无	无	无	无	无	无	无	无	无	无	无	无	无	无	无	无	无	无	无	无	无	无	无	无	无	无	无	无	无	无	无	无	无	无	无	无	无	无
71	2021-08-18	手机优化大师app在我不知情的情况下自动扣费！！	空	手机优化大师	1	手机优化大师app在我不知情的情况下自动扣费268元，并开通续费模式，申请退款	信息技术产品	空	https://tousu.sina.com.cn/complaint/view/17354504607/	空	0	空	空	空	空	空	空	空	空	空	无	否	无	无	无	无	否	否	空	空	空	空	空	是	否	空	无	无	无	无	空	否	否	否	否	否	否	无	无	无	无	无	无	无	否	否	否	否	否	否	否	无	无	无	否	无	无	无	无	无	无	无	否	否	否	否	是	否	否	否	否	无	无	无	否	否	无	无	无	无	无	无	无	无	无	无	无	无	无	无	无	无	无	无	无	无	无	无	无	无	无	无	无	无	无	无	无	无	无	无	无	无	无	无	无	无	无	无	无	无	无	无	无	无	无	无	无	无	无	无	无	无	无	无	无	无	无	无	无
72	2021-08-15	虚假宣传，付费以后无法使用，一直联系不上客服	空	空	1	虚假宣传，付费以后无法使用，一直联系不上客服	空	空	https://tousu.sina.com.cn/complaint/view/17354463886/	空	0	空	空	空	空	空	空	空	空	空	无	否	无	无	无	无	否	否	空	空	空	空	空	是	否	空	无	无	无	无	空	否	否	否	否	否	否	无	无	无	无	无	无	无	否	否	否	否	否	否	否	无	无	无	否	无	无	无	无	无	无	无	否	否	否	否	是	否	否	否	否	无	无	无	否	否	无	无	无	无	无	无	无	无	无	无	无	无	无	无	无	无	无	无	无	无	无	无	无	无	无	无	无	无	无	无	无	无	无	无	无	无	无	无	无	无	无	无	无	无	无	无	无	无	无	无	无	无	无	无	无	无	无	无	无	无	无	无	无
73	2021-08-15	手机质量问题，要求退货退款。	空	空	1	在realme天猫旗舰店买的手机，不到两个星期时间，音量键失灵偶尔按了没反应。在天猫客服投诉，一直说七天以后不能退款。明明就是手机质量问题不让退款，简直就是霸王条款。	空	空	https://tousu.sina.com.cn/complaint/view/17354462025/	空	0	空	空	空	空	空	空	空	空	空	无	否	无	无	无	无	否	否	空	空	空	空	空	是	否	空	无	无	无	无	空	否	否	否	否	否	否	无	无	无	无	无	无	无	否	否	否	否	否	否	否	无	无	无	否	无	无	无	无	无	无	无	否	否	否	否	是	否	否	否	否	无	无	无	否	否	无	无	无	无	无	无	无	无	无	无	无	无	无	无	无	无	无	无	无	无	无	无	无	无	无	无	无	无	无	无	无	无	无	无	无	无	无	无	无	无	无	无	无	无	无	无	无	无	无	无	无	无	无	无	无	无	无	无	无	无	无	无	无
74	2021-08-30	X50Pro两个月不更新系统，反馈bug也不修复 抛弃消费者	空	e 	1	请问Realme 还打算卖手机吗Realme X50 Pro都2个月不更新系统了一大堆BUG叫用户怎么用难道你们只管GTRealme X50 Pro做为你们最贵的旗舰就当垃圾扔了那谁还敢买Realme的产品想买Realme的，去x50pro社区看看去年4000块钱的旗舰已经被抛弃了，系统不更新，充电28w，耗电贼快，只需要一年，过气旗舰不如狗，大家...	交通工具及相关产品	空	https://tousu.sina.com.cn/complaint/view/17354688851/	空	0	空	空	空	空	空	空	空	空	空	无	否	无	无	无	无	否	否	空	空	空	空	空	是	否	空	无	无	无	无	空	否	否	否	否	否	否	无	无	无	无	无	无	无	否	否	否	否	否	否	否	无	无	无	否	无	无	无	无	无	无	无	否	否	否	否	是	否	否	否	否	无	无	无	否	否	无	无	无	无	无	无	无	无	无	无	无	无	无	无	无	无	无	无	无	无	无	无	无	无	无	无	无	无	无	无	无	无	无	无	无	无	无	无	无	无	无	无	无	无	无	无	无	无	无	无	无	无	无	无	无	无	无	无	无	无	无	无	无
75	2021-08-25	欢太商城虚假引导导致不佳购物体验，退款无保障并且缓慢	空	空	1	一开始京东没抢到，所以跑去欢太商城抢了一台（RM210818166912825***），欢太商城和京东渠道都在内宣传标着8月25日开售，所以发货肯定是25日往后。然后后来京东我抢到了一台（因为京东福利比欢太上的好，送耳机还有分期），没退欢太商城上的款，想着京东付尾款前退了。没想到24日下午就发货了，这一发货，直接导致我无法...	空	空	https://tousu.sina.com.cn/complaint/view/17354621190/	空	0	空	空	空	空	空	空	空	空	空	无	否	无	无	无	无	否	否	空	白天	空	空	空	是	否	空	无	无	无	无	空	否	否	否	否	否	否	无	无	无	无	无	无	无	否	否	否	否	否	否	否	无	无	无	否	无	无	无	无	无	无	无	否	否	否	否	是	否	否	否	否	无	无	无	否	否	无	无	无	无	无	无	无	无	无	无	无	无	无	无	无	无	无	无	无	无	无	无	无	无	无	无	无	无	无	无	无	无	无	无	无	无	无	无	无	无	无	无	无	无	无	无	无	无	无	无	无	无	无	无	无	无	无	无	无	无	无	无	无
76	2021-08-21	618期间在淘宝realme官方旗舰店购买了8台手机，补偿的8个耳机迟迟不发货	空	空	1	618期间在淘宝realme官方旗舰店购买了8台手机，没有过几天就已经在没有涨价的情况，开始赠送他们店铺在售的价值99元一个的耳机，做为消费者，在短短几天内就被商家割了韭菜很不满意，随后联系了店铺，要求补偿的8个耳机，因为是两个订单，所以单独联系了两个客服，一个客服让我28号去登记，另一个客服当时就登记好了。对...	空	空	https://tousu.sina.com.cn/complaint/view/17354554648/	空	0	空	空	空	空	空	空	空	空	空	无	否	无	无	无	无	否	否	空	空	空	空	空	是	否	空	无	无	无	无	空	否	否	否	否	否	否	无	无	无	无	无	无	无	否	否	否	否	否	否	否	无	无	无	否	无	无	无	无	无	无	无	否	否	否	否	是	否	否	否	否	无	无	无	否	否	无	无	无	无	无	无	无	无	无	无	无	无	无	无	无	无	无	无	无	无	无	无	无	无	无	无	无	无	无	无	无	无	无	无	无	无	无	无	无	无	无	无	无	无	无	无	无	无	无	无	无	无	无	无	无	无	无	无	无	无	无	无	无
77	2021-09-03	手机恢复大师	空	空	1	下载软件 手机恢复大师 去恢复微信聊天记录 下载后 支付78元 APP没有提示我需要用到 电脑 也没有提示到 手机说话有备份功能	空	空	https://tousu.sina.com.cn/complaint/view/17354762564/	空	0	空	空	空	空	空	空	空	空	空	无	否	无	无	无	无	否	否	空	空	空	空	空	是	否	空	无	无	无	无	空	否	否	否	否	否	否	无	无	无	无	无	无	无	否	否	否	否	否	否	否	无	无	无	否	无	无	无	无	无	无	无	否	否	否	否	是	否	否	否	否	无	无	无	否	否	无	无	无	无	无	无	无	无	无	无	无	无	无	无	无	无	无	无	无	无	无	无	无	无	无	无	无	无	无	无	无	无	无	无	无	无	无	无	无	无	无	无	无	无	无	无	无	无	无	无	无	无	无	无	无	无	无	无	无	无	无	无	无
78	2021-09-03	下载手机定位他迹软件付款之后，联系不到客服，定位好友发短信收不到信息，定位不了他	空	空	1	下载手机定位他迹软件付款之后，联系不到客服，定位好友发短信收不到信息，定位不了他人位子，所以说是假的骗人的软件需要退款	空	空	https://tousu.sina.com.cn/complaint/view/17354760138/	空	0	空	空	空	空	空	空	空	空	空	无	否	无	无	无	无	否	否	空	空	空	空	空	是	否	空	无	无	无	无	空	否	否	否	否	否	否	无	无	无	无	无	无	无	否	否	否	否	否	否	否	无	无	无	否	无	无	无	无	无	无	无	否	否	否	否	是	否	否	否	否	无	无	无	否	否	无	无	无	无	无	无	无	无	无	无	无	无	无	无	无	无	无	无	无	无	无	无	无	无	无	无	无	无	无	无	无	无	无	无	无	无	无	无	无	无	无	无	无	无	无	无	无	无	无	无	无	无	无	无	无	无	无	无	无	无	无	无	无
79	2021-09-03	误开了一个会员找不到会员取消界面	空	空	1	前几天下载了一个准备改个东西的 界面显示要开会员可以试用3天本想着当时改好就不用了 准备取消会员的时候怎么找都找不到界面 会员中心啥的都没有 买了以后就没法取消 这APP太黑了 会员中心点都点不开	空	空	https://tousu.sina.com.cn/complaint/view/17354761595/	空	0	空	空	空	空	空	空	空	空	空	无	否	无	无	无	无	否	否	空	空	空	空	空	是	否	空	无	无	无	无	空	否	否	否	否	否	否	无	无	无	无	无	无	无	否	否	否	否	否	否	否	无	无	无	否	无	无	无	无	无	无	无	否	否	否	否	是	否	否	否	否	无	无	无	否	否	无	无	无	无	无	无	无	无	无	无	无	无	无	无	无	无	无	无	无	无	无	无	无	无	无	无	无	无	无	无	无	无	无	无	无	无	无	无	无	无	无	无	无	无	无	无	无	无	无	无	无	无	无	无	无	无	无	无	无	无	无	无	无
80	2021-08-28	在我不知道的情况下乱扣费，投诉了不给退款	空	空	1	在我半夜三更睡觉不知道的情况下，扣费我198，要求退款给我	空	空	https://tousu.sina.com.cn/complaint/view/17354669210/	空	0	空	空	空	空	空	空	空	空	空	无	否	无	无	无	无	否	否	空	夜间	空	空	空	是	否	空	无	无	无	无	空	否	否	否	否	否	否	无	无	无	无	无	无	无	否	否	否	否	否	否	否	无	无	无	否	无	无	无	无	无	无	无	否	否	否	否	是	否	否	否	否	无	无	无	否	否	无	无	无	无	无	无	无	无	无	无	无	无	无	无	无	无	无	无	无	无	无	无	无	无	无	无	无	无	无	无	无	无	无	无	无	无	无	无	无	无	无	无	无	无	无	无	无	无	无	无	无	无	无	无	无	无	无	无	无	无	无	无	无
81	2021-08-24	下载了软件之后 说免费试用 但是直接在我不知情的情况下扣除我298费用	空	空	1	而且我并没有使用过这个软件 扣除费用也没有经过我的同意 属于欺诈消费者行为 给软件客服发送了邮件并没有受理 软件我一次也没有使用过 我要求退回我的费用	空	空	https://tousu.sina.com.cn/complaint/view/17354598089/	空	0	空	空	空	空	空	空	空	空	空	无	否	无	无	无	无	否	否	空	空	空	空	空	是	否	空	无	无	无	无	空	否	否	否	否	否	否	无	无	无	无	无	无	无	否	否	否	否	否	否	否	无	无	无	否	无	无	无	无	无	无	无	否	否	否	否	是	否	否	否	否	无	无	无	否	否	无	无	无	无	无	无	无	无	无	无	无	无	无	无	无	无	无	无	无	无	无	无	无	无	无	无	无	无	无	无	无	无	无	无	无	无	无	无	无	无	无	无	无	无	无	无	无	无	无	无	无	无	无	无	无	无	无	无	无	无	无	无	无
82	2021-08-26	前隆科技手机贷高利息，砍头息	空	空	1	2017年在手机贷借款2600元，到账2000元，现在催收，收到催收短信，可是联系不到他们，要求他们主动联系我解决，并且要求重新核算利息，退回前几期多扣利息，最后我处理最后一期本金	空	空	https://tousu.sina.com.cn/complaint/view/17354632528/	空	0	空	空	空	空	空	空	空	空	空	无	否	无	无	无	无	否	否	空	空	空	空	空	是	否	空	无	无	无	无	空	否	否	否	否	否	否	无	无	无	无	无	无	无	否	否	否	否	否	否	否	无	无	无	否	无	无	无	无	无	无	无	否	否	否	否	是	否	否	否	否	无	无	无	否	否	无	无	无	无	无	无	无	无	无	无	无	无	无	无	无	无	无	无	无	无	无	无	无	无	无	无	无	无	无	无	无	无	无	无	无	无	无	无	无	无	无	无	无	无	无	无	无	无	无	无	无	无	无	无	无	无	无	无	无	无	无	无	无
83	2021-08-29	苹果手机优化大师	空	空	1	恶意扣费 在不知情情况下被扣费，一个什么清理大师3个月就要268元什么流氓软件	空	空	https://tousu.sina.com.cn/complaint/view/17354675533/	空	0	空	空	空	空	空	空	空	空	空	无	否	无	无	无	无	否	否	空	空	空	空	空	是	否	空	无	无	无	无	空	否	否	否	否	否	否	无	无	无	无	无	无	无	否	否	否	否	否	否	否	无	无	无	否	无	无	无	无	无	无	无	否	否	否	否	是	否	否	否	否	无	无	无	否	否	无	无	无	无	无	无	无	无	无	无	无	无	无	无	无	无	无	无	无	无	无	无	无	无	无	无	无	无	无	无	无	无	无	无	无	无	无	无	无	无	无	无	无	无	无	无	无	无	无	无	无	无	无	无	无	无	无	无	无	无	无	无	无
84	2021-08-23	宣传虚假广告	空	空	1	商家抖音宣传广告，免费下载，在买家毫无告知的情况下密码我都没有输，	空	空	https://tousu.sina.com.cn/complaint/view/17354581658/	空	0	空	空	空	空	空	空	空	空	空	无	否	无	无	无	无	否	否	空	空	空	空	空	是	否	空	无	无	无	无	空	否	否	否	否	否	否	无	无	无	无	无	无	无	否	否	否	否	否	否	否	无	无	无	否	无	无	无	无	无	无	无	否	否	否	否	是	否	否	否	否	无	无	无	否	否	无	无	无	无	无	无	无	无	无	无	无	无	无	无	无	无	无	无	无	无	无	无	无	无	无	无	无	无	无	无	无	无	无	无	无	无	无	无	无	无	无	无	无	无	无	无	无	无	无	无	无	无	无	无	无	无	无	无	无	无	无	无	无
85	2021-08-29	在我不知道的情况下，自动就扣费啦……手机优化大师我手机上都没有，我希望退款	空	空	1	我根本就没有优化大师，怎么会就扣啦我268块钱，我希望退款，取消自动续费	空	空	https://tousu.sina.com.cn/complaint/view/17354681422/	空	0	空	空	空	空	空	空	空	空	空	无	否	无	无	无	无	否	否	空	空	空	空	空	是	否	空	无	无	无	无	空	否	否	否	否	否	否	无	无	无	无	无	无	无	否	否	否	否	否	否	否	无	无	无	否	无	无	无	无	无	无	无	否	否	否	否	是	否	否	否	否	无	无	无	否	否	无	无	无	无	无	无	无	无	无	无	无	无	无	无	无	无	无	无	无	无	无	无	无	无	无	无	无	无	无	无	无	无	无	无	无	无	无	无	无	无	无	无	无	无	无	无	无	无	无	无	无	无	无	无	无	无	无	无	无	无	无	无	无
86	2021-09-06	糊里糊涂不知道就被扣款了！现在手机上还没有这个软件	空	空	1	糊里糊涂不知道就被扣款了现在手机上还没这个软件。我是老年人也不会用	空	空	https://tousu.sina.com.cn/complaint/view/17354809723/	空	0	空	空	空	空	空	空	空	空	空	无	否	无	无	无	无	否	否	空	空	空	空	空	是	否	空	无	无	无	无	空	否	否	否	否	否	否	无	无	无	无	无	无	无	否	否	否	否	否	否	否	无	无	无	否	无	无	无	无	无	无	无	否	否	否	否	是	否	否	否	否	无	无	无	否	否	无	无	无	无	无	无	无	无	无	无	无	无	无	无	无	无	无	无	无	无	无	无	无	无	无	无	无	无	无	无	无	无	无	无	无	无	无	无	无	无	无	无	无	无	无	无	无	无	无	无	无	无	无	无	无	无	无	无	无	无	无	无	无
87	2021-09-10	手机优化大师自动扣款	空	手机优化大师	1	手机优化大师在不知情的情况下，自动扣款，我不需要这样的服务，要求全额退款	信息技术产品	空	https://tousu.sina.com.cn/complaint/view/17354878378/	空	0	空	空	空	空	空	空	空	空	空	无	否	无	无	无	无	否	否	空	空	空	空	空	是	否	空	无	无	无	无	空	否	否	否	否	否	否	无	无	无	无	无	无	无	否	否	否	否	否	否	否	无	无	无	否	无	无	无	无	无	无	无	否	否	否	否	是	否	否	否	否	无	无	无	否	否	无	无	无	无	无	无	无	无	无	无	无	无	无	无	无	无	无	无	无	无	无	无	无	无	无	无	无	无	无	无	无	无	无	无	无	无	无	无	无	无	无	无	无	无	无	无	无	无	无	无	无	无	无	无	无	无	无	无	无	无	无	无	无
88	2021-09-10	手机优化大师恶意扣费	空	手机优化大师	1	手机优化大师恶意扣取季度高级会员费，没经过我本人同意，恶意骗费。要求退款268元，停止服务。	信息技术产品	空	https://tousu.sina.com.cn/complaint/view/17354874030/	空	0	空	空	空	空	空	空	空	空	空	无	否	无	无	无	无	否	否	空	空	空	空	空	是	否	空	无	无	无	无	空	否	否	否	否	否	否	无	无	无	无	无	无	无	否	否	否	否	否	否	否	无	无	无	否	无	无	无	无	无	无	无	否	否	否	否	是	否	否	否	否	无	无	无	否	否	无	无	无	无	无	无	无	无	无	无	无	无	无	无	无	无	无	无	无	无	无	无	无	无	无	无	无	无	无	无	无	无	无	无	无	无	无	无	无	无	无	无	无	无	无	无	无	无	无	无	无	无	无	无	无	无	无	无	无	无	无	无	无
89	2021-09-13	手机优化大师自动续费	空	空	1	我下来看了哈，要支付286我就卸载了，今天看到给我自动续费了	空	空	https://tousu.sina.com.cn/complaint/view/17354922812/	空	0	空	空	空	空	空	空	空	空	空	无	否	无	无	无	无	否	否	空	空	空	空	空	是	否	空	无	无	无	无	空	否	否	否	否	否	否	无	无	无	无	无	无	无	否	否	否	否	否	否	否	无	无	无	否	无	无	无	无	无	无	无	否	否	否	否	是	否	否	否	否	无	无	无	否	否	无	无	无	无	无	无	无	无	无	无	无	无	无	无	无	无	无	无	无	无	无	无	无	无	无	无	无	无	无	无	无	无	无	无	无	无	无	无	无	无	无	无	无	无	无	无	无	无	无	无	无	无	无	无	无	无	无	无	无	无	无	无	无
