序号,月报期数,产品分类,日期,产品名称,发布国家,产地国家,标题,召回原因,危害源,伤害后果,链接,,,,
1,6,交通用具 ,2021/5/26,自行车脚踏板,美国,中国,【美国】Bontrager Satellite City自行车脚踏板召回2021-05-26,如果召回的脚踏板在组装过程中被零售商错误安装，它们可能会从自行车的曲柄臂上脱落，给骑行者带来摔倒和受伤的危险。,错误安装 ,,http://dpac.samr.gov.cn/xfpzh/xfpgwzh/mg_207/202106/t20210602_98147.html,,,,
2,6,家具装修,2021/5/26,淋浴凳,美国,中国,【美国】Room Essentials淋浴凳召回2021-05-26,淋浴凳在使用时可能会变得不稳定或滑溜，导致凳子翻倒，造成跌落危险。,稳定性,,http://dpac.samr.gov.cn/xfpzh/xfpgwzh/mg_207/202106/t20210602_98146.html,,,,
3,6,儿童用品,2021/5/26,儿童服装 ,美国,中国,【美国】女童中量级羽绒服召回2021-05-26,抽绳位于衣服底部区域的内衬里。抽绳可能会被操场滑梯、扶手、校车车门或其他活动物体绊住或夹住，对儿童造成缠绕危险。,绳带,,http://dpac.samr.gov.cn/xfpzh/xfpgwzh/mg_207/202106/t20210602_98145.html,,,,
4,6,家用电器,2021/5/26,蒸汽熨烫机,美国,中国,【美国】JoyJM牌My Little Steamer®和My Little Steamer®Go Mini蒸汽...2021-05-26,被召回的蒸汽熨烫机在使用过程中可能会排出、喷洒或泄漏热水，对消费者造成严重的烫伤危险。,高温,,http://dpac.samr.gov.cn/xfpzh/xfpgwzh/mg_207/202106/t20210602_98144.html,,,,
5,6,儿童用品,2021/5/26,婴儿车,美国,中国,【美国】METROUS1、METROUS2和METROUS4紧凑型城市婴儿车召回2021-05-26,当儿童在婴儿车中时，如果用户按下按钮释放安全带，卡扣上的按钮可能会断裂并脱落，使安全带难以释放，对幼儿构成窒息危险。,机械强度,,http://dpac.samr.gov.cn/xfpzh/xfpgwzh/mg_207/202106/t20210602_98143.html,,,,
6,6,其他,2021/5/26,切割锯,日本,不详,【日本】发动机切割锯召回2021-05-26,,,,http://dpac.samr.gov.cn/xfpzh/xfpgwzh/rb_212/202106/t20210604_98207.html,,,,
7,6,儿童用品,2021/5/26,儿童玩具,欧盟 ,中国,【欧盟】Shun Long 婴儿音乐小铃铛 塑料玩具召回　2021-05-26,玩具包含突出部分（塑料环，绿色和橙色钥匙）。这些突出的部分，放在口中时，可能会造成伤害。,突出物,,http://dpac.samr.gov.cn/xfpzh/xfpgwzh/om_208/202106/t20210602_98107.html,,,,
8,6,家用电器,2021/5/26,智能水壶,欧盟 ,中国,【欧盟】VIOMI 智能水壶召回2021-05-26,水壶底座上的接触连接不符合防潮要求。如果液体溢出到支架上，则存在触电和电源短路的风险。,防潮要求,,http://dpac.samr.gov.cn/xfpzh/xfpgwzh/om_208/202106/t20210601_98069.html,,,,
9,6,儿童用品,2021/5/27,婴儿床,欧盟 ,拉脱维亚,【欧盟】床旁婴儿床召回2021-05-27,床旁婴儿床的可调侧可能设置得太低，并且没有将婴儿床固定到大床上的机构。因此，婴儿可能会掉落，造成摔伤。,,,http://dpac.samr.gov.cn/xfpzh/xfpgwzh/om_208/202106/t20210607_98227.html,,,,
10,6,儿童用品,2021/5/27,儿童秋千,欧盟 ,法国,【欧盟】带滑梯和秋千的玩耍架召回2021-05-27,该玩具具有部分封闭的开口和可触及的孔，这些开口和孔可能会对儿童造成伤害或儿童的手指可能被夹住。,,,http://dpac.samr.gov.cn/xfpzh/xfpgwzh/om_208/202106/t20210607_98226.html,,,,
11,6,日用杂品 ,2021/5/27,伞,欧盟 ,欧盟 ,【美国】Umbrosa 伞召回　　2021-05-27,伞臂肘部在使用过程中可能会断裂，造成受伤危险。,,,http://dpac.samr.gov.cn/xfpzh/xfpgwzh/mg_207/202106/t20210602_98112.html,,,,
12,6,儿童用品,2021/5/27,婴儿睡袋 ,欧盟 ,欧盟 ,【欧盟】睡袋召回2021-05-27,拉链的拉头可能会脱落，产生小零件。儿童可能将其放入口中并因此窒息。,,,http://dpac.samr.gov.cn/xfpzh/xfpgwzh/om_208/202106/t20210608_98258.html,,,,
13,6,儿童用品,2021/5/28,儿童玩具,欧盟 ,中国,【欧盟】玩具枪套装召回2021-05-28,吸盘很容易脱落。如果儿童将射弹放进嘴里，吸盘可能会脱落并阻塞呼吸道。,零部件脱落,,http://dpac.samr.gov.cn/xfpzh/xfpgwzh/om_208/202105/t20210531_98063.html,,,,
14,6,儿童用品,2021/5/28,儿童玩具,欧盟 ,中国,【欧盟】Rattle set摇铃套装召回2021-05-28,套装中的瓶状摇铃太小了。儿童可能将其放入口中并因此窒息。,小零件 ,,http://dpac.samr.gov.cn/xfpzh/xfpgwzh/om_208/202105/t20210531_98062.html,,,,
15,6,儿童用品,2021/5/28,儿童玩具,欧盟 ,中国,【欧盟】史莱姆玩具召回2021-05-28,硼迁移量,硼迁移量,,http://dpac.samr.gov.cn/xfpzh/xfpgwzh/om_208/202105/t20210531_98061.html,,,,
16,6,交通用具 ,2021/5/28,电动自行车,欧盟 ,不详,【欧盟】Brompton 可折叠电动自行车召回2021-05-28,由于软件错误，当用户在紧急情况下尝试刹车时，无故障安全防护功能可能无法运行，并且电气系统可能会使自行车保持行驶，从而导致受伤。,,,http://dpac.samr.gov.cn/xfpzh/xfpgwzh/om_208/202106/t20210601_98071.html,,,,
17,6,儿童用品,2021/5/28,儿童玩具,欧盟 ,中国,【欧盟】木制拼图——奶牛木制玩具召回2021-05-28,小零件（耳朵和尾巴）很容易从玩具上脱落。幼童可能会将其放入口中并因此窒息。,小零件 ,,http://dpac.samr.gov.cn/xfpzh/xfpgwzh/om_208/202106/t20210601_98068.html,,,,
18,6,儿童用品,2021/5/28,儿童玩具,欧盟 ,中国,【欧盟】带吸盘的大象毛绒玩具召回2021-05-28,小零件（纽扣和带丝带的吸盘）可能很容易从玩具上脱落。幼童可能会将脱落的物件放入口中，并因此窒息。,小零件 ,,http://dpac.samr.gov.cn/xfpzh/xfpgwzh/om_208/202106/t20210601_98067.html,,,,
19,6,交通用具 ,2021/5/30,自行车,澳大利亚,不详,【澳大利亚】公路自行车召回2021-05-30,自行车弯把的壁厚可能太薄，弯把连接集成制动器和变速杆的夹紧螺钉可能拧（或重新拧）得太紧。这可能会导致弯把开裂或断裂。如果弯把开裂或断裂，转向控制可能变得松动，增加事故或受伤的风险。,,,http://dpac.samr.gov.cn/xfpzh/xfpgwzh/adly/202106/t20210602_98156.html,,,,
20,6,家具装修,2021/5/31,手电筒,澳大利亚,不详,【澳大利亚】能将图像投射到墙上的手电筒召回2021-05-31,产品的纽扣电池仓可能没有充分固定，电池可能很容易被拿到。如果幼童拿到纽扣电池并吞咽，可能会遭受内部烧伤，这可能会导致严重的疾病甚至死亡。此外，电池可能会对幼儿造成窒息危险。,,,http://dpac.samr.gov.cn/xfpzh/xfpgwzh/adly/202106/t20210602_98157.html,,,,
21,6,儿童用品,2021/5/31,婴儿车,日本,不详,【日本】婴儿车召回2021-05-31,有一个后轮轮胎可能会脱出。,,,http://dpac.samr.gov.cn/xfpzh/xfpgwzh/rb_212/202106/t20210603_98197.html,,,,
22,6,儿童用品,2021/6/1,玩具,欧盟,中国,【欧盟】Growing pet可膨胀玩具召回,放入水中后，膨胀材料的尺寸会增大超过50％。儿童可能会将玩具放入嘴里并吞咽。随着玩具膨胀，可能会对幼儿呼吸道或肠道造成致命堵塞。,遇水膨胀,堵塞幼儿呼吸道或肠道造,http://dpac.samr.gov.cn/xfpzh/xfpgwzh/om_208/202106/t20210608_98256.html,,,,
23,6,儿童用品,2021/6/1,玩具,欧盟,中国,【欧盟】Growing pet可膨胀玩具召回,放入水中后，膨胀材料的尺寸会增大超过50％。儿童可能会将玩具放入嘴里并吞咽。随着玩具膨胀，可能会对幼儿呼吸道或肠道造成致命堵塞。,遇水膨胀,堵塞幼儿呼吸道或肠道造,http://dpac.samr.gov.cn/xfpzh/xfpgwzh/om_208/202106/t20210608_98257.html,,,,
24,6,儿童用品,2021/6/1,玩具,欧盟,中国,【欧盟】Growing Pet/Chelonian Egg可膨胀玩具召回,放入水中后，膨胀材料的尺寸会增大超过50％。儿童可能会将玩具放入口中并吞咽。随着玩具膨胀，可能会对幼儿呼吸道或肠道造成致命的堵塞。,遇水膨胀,堵塞幼儿呼吸道或肠道造,http://dpac.samr.gov.cn/xfpzh/xfpgwzh/om_208/202106/t20210608_98264.html,,,,
25,6,文教体育用品,2021/6/2,潜水泵,欧盟,中国,【欧盟】MICUL FERMIER 潜水泵召回,电源线未正确固定。可触及的电线可能会碰触到外壳部件的锋利边缘。电线可能会脱落或损坏，露出可触及的带电导体。由于保护导体的连续性可能中断，可触及的金属部件可能会带电。用户可能会碰到可触及的带电部件，遭到电击。,电源线未正确固定,触电,http://dpac.samr.gov.cn/xfpzh/xfpgwzh/om_208/202106/t20210608_98263.html,,,,
26,6,其他,2021/6/2,船用发动机,澳大利亚,不详,【澳大利亚】Mercury舷外四冲程75、90、100、115、135和150hp船用发动机召回,发动机可能安装了不符合规格的怠速控制阀（IAC）。不符合规格的IAC可能会导致发动机在以较高的转速运行后无法返回到缓慢的怠速速度，这意味着发动机转速可能会保持远高于正常的速度。如果发动机转速保持高于正常值，则可能难以换到空挡。这可能会导致船只失控，增加事故和受伤风险。,怠速控制阀不合规,安全隐患,http://dpac.samr.gov.cn/xfpzh/xfpgwzh/adly/202106/t20210604_98219.html,,,,
27,6,儿童用品,2021/6/2,婴儿床,欧盟,未知,【欧盟】便携式婴儿床中床召回,产品底部的拉绳在拉紧后过长。婴儿的头部可能会被拉绳绊住，导致窒息。,绳带过长,婴儿窒息,http://dpac.samr.gov.cn/xfpzh/xfpgwzh/om_208/202106/t20210607_98228.html,,,,
28,6,儿童用品,2021/6/2,塑料娃娃,欧盟,中国,【欧盟】带配件的 CERLO 塑料娃娃套装召回,玩具的塑料材质内含有过量的邻苯二甲酸二(2-乙基已基)酯 (DEHP)（按重量计的检测值高达33.3%）。这种邻苯二甲酸酯可能会对生殖系统造成损害，危害儿童健康。,邻苯二甲酸酯含量,损害生殖系统,http://dpac.samr.gov.cn/xfpzh/xfpgwzh/om_208/202106/t20210607_98247.html,,,,
29,6,服装鞋帽,2021/6/3, 皮手套,欧盟,巴基斯坦,【欧盟】川崎 RS 皮手套 摩托车手套召回,产品含有铬 (VI)（检测值25.3 mg/kg）。铬 (VI) 是致敏物质，可能会引发过敏反应并且可能会致癌。,铬含量,过敏、致癌,http://dpac.samr.gov.cn/xfpzh/xfpgwzh/om_208/202106/t20210608_98253.html,,,,
30,6,文教体育用品,2021/6/3,滑板车,欧盟,中国,【欧盟】Kawasaki自平衡滑板车（悬滑板）召回,电池没有监控电池温度的设备，因此在充电过程中可能会过热，悬滑板盖可能会点燃。产品可能会引起火灾，用户可能会遭受烧伤。此外，该产品质量差，电源线暴露在两个电机之间的活动部件中，而且还要穿过两端有毛刺的钢管。在产品的使用寿命期间，电源线的绝缘层会被尖锐边缘损坏，导致电池在使用过程中短路和爆炸。因此，用户可能会失控，从滑板车上跌落，遭受伤害。,监控电池温度的设备缺失；锐力边缘,火灾、烧伤、跌伤,http://dpac.samr.gov.cn/xfpzh/xfpgwzh/om_208/202106/t20210608_98255.html,,,,
31,6,文教体育用品,2021/6/3,滑板车,欧盟,中国,【欧盟】电动滑板车召回,电池没有监控电池温度的设备，因此在充电过程中可能会过热，电动滑板车可能会点燃。产品可能会引起火灾，用户可能会遭受烧伤。此外，转向柱的机械强度不足，在使用过程中可能会变形或断裂。因此，用户可能会失控，从滑板车上跌落，造成摔伤。,监控电池温度的设备缺失；锐力边缘,火灾、烧伤、摔伤,http://dpac.samr.gov.cn/xfpzh/xfpgwzh/om_208/202106/t20210608_98259.html,,,,
32,6,文教体育用品,2021/6/3,滑板车,欧盟,中国,【欧盟】DENVER Kids 电动滑板车召回,电池没有监控电池温度的设备，因此在充电过程中可能会过热，电动滑板车可能会点燃。产品可能会引起火灾，用户可能会遭受烧伤。此外，滑板车把手的末端直径比要求的小，因此在用户骑滑板车时，用户的手可能会滑落。此外，车把上的锁定孔的直径大于要求值，并且在孔处形成剪切点，可能导致手指受伤。,监控电池温度的设备缺失；把手末端尺寸过小；锁定孔尺寸过大,火灾、烧伤、摔伤、划伤,http://dpac.samr.gov.cn/xfpzh/xfpgwzh/om_208/202106/t20210608_98260.html,,,,
33,6,儿童用品,2021/6/3,睡袋,欧盟,欧盟（保加利亚）,【欧盟】睡袋召回,拉链的拉头可能会脱落，产生小零件。儿童可能将其放入口中并因此窒息。,小零件脱落,儿童窒息,http://dpac.samr.gov.cn/xfpzh/xfpgwzh/om_208/202106/t20210608_98261.html,,,,
34,6,儿童用品,2021/6/3,睡袋,欧盟,欧盟（保加利亚）,【欧盟】睡袋召回,拉链的拉头可能会脱落，产生小零件。儿童可能将其放入口中并因此窒息。,小零件脱落,儿童窒息,http://dpac.samr.gov.cn/xfpzh/xfpgwzh/om_208/202106/t20210608_98262.html,,,,
35,6,家具装修,2021/6/3,灯饰链,欧盟,未知,【欧盟】LED DIODS 3x20 Svítící koule灯饰链召回,电源没有牢固地固定到用于照明效果的电子装置上，也不能充分防止撕裂。电子装置的盖子很容易卸除，使带电部件易触及。用户可能会碰到带电部件，遭到电击。,缺少固定装置、对触及带电部件的防护,触电,http://dpac.samr.gov.cn/xfpzh/xfpgwzh/om_208/202106/t20210616_98394.html,,,,
36,6,电子信息,2021/6/3,激光笔,欧盟,中国,【欧盟】Laserpointer激光笔召回,激光束太强。直视激光束可能会损害视力。,激光束太强,损害视力,http://dpac.samr.gov.cn/xfpzh/xfpgwzh/om_208/202106/t20210616_98396.html,,,,
37,6,家具装修,2021/6/3,灯饰链,欧盟,未知,【欧盟】LED Vánoční stromek灯饰链召回,电源没有牢固地固定到用于照明效果的电子装置上，也不能充分防止撕裂。电子装置的盖子很容易卸除，使带电部件易触及。用户可能会碰到带电部件，遭到电击。,缺少固定装置、对触及带电部件的防护,触电,http://dpac.samr.gov.cn/xfpzh/xfpgwzh/om_208/202106/t20210616_98397.html,,,,
38,6,家用电器,2021/6/3,电烤牛排架,美国,中国,【美国】Kalorik Pro1500f电烤牛排架召回,在烤架完全预热后，烤架上电镀不当的旋钮可能会对用户造成电击危险。,电镀不当,触电,http://dpac.samr.gov.cn/xfpzh/xfpgwzh/mg_207/202106/t20210608_98297.html,,,,
39,6,儿童用品,2021/6/3,摇椅和摇篮,美国,未知,【美国】费雪4合1摇滚滑翔摇椅和2合1安抚摇篮召回,在没有系安全带的情况下将婴儿放在召回产品中仰卧，婴儿翻身后面部朝下存在窒息风险。,警示标识缺失,窒息,http://dpac.samr.gov.cn/xfpzh/xfpgwzh/mg_207/202106/t20210608_98298.html,,,,
40,6,家具装修,2021/6/3,灯饰链,欧盟,中国,【欧盟】灯饰链召回,内部电路与外部壳体之间的绝缘不足。因此，产品的壳体可能会带电，增加用户触电风险。,电绝缘不足,触电,http://dpac.samr.gov.cn/xfpzh/xfpgwzh/om_208/202106/t20210607_98223.html,,,,
41,6,儿童用品,2021/6/3,儿童秋千,欧盟,未知,【欧盟】Nordic Play带网圆秋千 儿童秋千召回,绳索的结可能会松开，绳子可能会从座椅上脱落。因此，儿童可能会从座椅上摔落并受伤。,衔接处不牢固,摔伤,http://dpac.samr.gov.cn/xfpzh/xfpgwzh/om_208/202106/t20210607_98225.html,,,,
42,6,儿童用品,2021/6/3,儿童项链,欧盟,未知,【欧盟】Höjtryk带吊坠的儿童项链召回,表冠（吊坠）含有过量的铅（按重量计的检测值高达2.5%）。铅对人体健康有害，且能在人体内累积，可能会导致神经发育毒性，还可能会影响哺乳期婴儿或胎儿。,铅含量,引发神经发育毒性,http://dpac.samr.gov.cn/xfpzh/xfpgwzh/om_208/202106/t20210607_98231.html,,,,
43,6,儿童用品,2021/6/3,塑料娃娃,欧盟,未知,【欧盟】带配饰的塑料娃娃召回,产品的塑料材质内含有过量的邻苯二甲酸二(2-乙基已基)酯(DEHP)（按重量计的检测值1.89%）。这种邻苯二甲酸酯可能会对生殖系统造成损害，危害儿童健康。,邻苯二甲酸酯含量,损害生殖系统,http://dpac.samr.gov.cn/xfpzh/xfpgwzh/om_208/202106/t20210607_98233.html,,,,
44,6,儿童用品,2021/6/3,塑料娃娃,欧盟,未知,【欧盟】The Lovely Baby带配件的塑料娃娃召回,玩具的塑料材质内含有过量的邻苯二甲酸二异壬酯(DINP)（按重量计的检测值高达 0.23%）。这种邻苯二甲酸酯可能会对儿童生殖系统和肝脏造成损害，不利于儿童健康。,邻苯二甲酸酯含量,损害生殖系统、肝脏,http://dpac.samr.gov.cn/xfpzh/xfpgwzh/om_208/202106/t20210607_98234.html,,,,
45,6,儿童用品,2021/6/3,玩具车,欧盟,未知,【欧盟】HENGJIAN Wild Striker遥控玩具车召回,玩具的塑料材料含有过量的邻苯二甲酸丁苄酯（BBP）、邻苯二甲酸二异癸酯（DIDP）和邻苯二甲酸二正辛酯（DNOP）（按重量计的检测值分别高达0.32％、0.56％和0.21％）。这些邻苯二甲酸酯可能会对生殖系统造成损害，不利于儿童健康。,邻苯二甲酸酯含量,损害生殖系统,http://dpac.samr.gov.cn/xfpzh/xfpgwzh/om_208/202106/t20210607_98235.html,,,,
46,6,儿童用品,2021/6/3,塑料娃娃,欧盟,未知,【欧盟】Rong Long带配件的塑料娃娃召回,玩具的塑料材质内含有过量的邻苯二甲酸二(2-乙基已基)酯 (DEHP)（按重量计的检测值10.3%）。这种邻苯二甲酸酯可能会对生殖系统造成损害，危害儿童健康。,邻苯二甲酸酯含量,损害生殖系统,http://dpac.samr.gov.cn/xfpzh/xfpgwzh/om_208/202106/t20210607_98236.html,,,,
47,6,儿童用品,2021/6/3,塑料娃娃,欧盟,未知,【欧盟】带配件的塑料娃娃召回,产品的塑料材质内含有过量的邻苯二甲酸二(2-乙基已基)酯 (DEHP)（按重量计的检测值8.6%）。这种邻苯二甲酸酯可能会对生殖系统造成损害，危害儿童健康。,邻苯二甲酸酯含量,损害生殖系统,http://dpac.samr.gov.cn/xfpzh/xfpgwzh/om_208/202106/t20210607_98237.html,,,,
48,6,儿童用品,2021/6/3,塑料娃娃,欧盟,未知,【欧盟】Rong Long my first doll带配件的塑料娃娃召回,产品的塑料材质内含有过量的邻苯二甲酸二(2-乙基已基)酯 (DEHP)（按重量计的检测值10%）。此邻苯二甲酸酯可能会对生殖系统造成伤害，不利于儿童健康。,邻苯二甲酸酯含量,损害生殖系统,http://dpac.samr.gov.cn/xfpzh/xfpgwzh/om_208/202106/t20210607_98238.html,,,,
49,6,儿童用品,2021/6/3,塑料娃娃,欧盟,未知,【欧盟】Rong Long baby highchair塑料娃娃召回,玩具的塑料材质内含有过量的邻苯二甲酸二(2-乙基已基)酯 (DEHP)（按重量计的检测值高达 11.4%）。这种邻苯二甲酸酯可能会对生殖系统造成损害，危害儿童健康。,邻苯二甲酸酯含量,损害生殖系统,http://dpac.samr.gov.cn/xfpzh/xfpgwzh/om_208/202106/t20210607_98239.html,,,,
50,6,儿童用品,2021/6/3,塑料娃娃,欧盟,中国,【欧盟】带配件的塑料娃娃套装召回,玩具的塑料材质内含有过量的邻苯二甲酸二(2-乙基已基)酯 (DEHP)（按重量计的检测值高达 17%）。这种邻苯二甲酸酯可能会对生殖系统造成损害，危害儿童健康。,邻苯二甲酸酯含量,损害生殖系统,http://dpac.samr.gov.cn/xfpzh/xfpgwzh/om_208/202106/t20210607_98240.html,,,,
51,6,儿童用品,2021/6/3,塑料娃娃,欧盟,中国,【欧盟】带配件的 Bailee 塑料娃娃套装召回,玩具的塑料材质内含有过量的邻苯二甲酸二(2-乙基已基)酯 (DEHP)（按重量计的检测值高达 19.4%）。这种邻苯二甲酸酯可能会对生殖系统造成损害，危害儿童健康。,邻苯二甲酸酯含量,损害生殖系统,http://dpac.samr.gov.cn/xfpzh/xfpgwzh/om_208/202106/t20210607_98241.html,,,,
52,6,儿童用品,2021/6/3,塑料娃娃,欧盟,中国,【欧盟】Beauty Lovely Girl带配件的塑料娃娃套装召回,产品的塑料材质内含有过量的邻苯二甲酸二(2-乙基已基)酯(DEHP)（按重量计的检测值19%）。这种邻苯二甲酸酯可能会对生殖系统造成损害，危害儿童健康。,邻苯二甲酸酯含量,损害生殖系统,http://dpac.samr.gov.cn/xfpzh/xfpgwzh/om_208/202106/t20210607_98242.html,,,,
53,6,儿童用品,2021/6/3,塑料娃娃,欧盟,中国,【欧盟】带配件的塑料娃娃套装召回,玩具的塑料材质内含有过量的邻苯二甲酸二(2-乙基已基)酯 (DEHP)（按重量计的检测值高达 21%）。这种邻苯二甲酸酯可能会对生殖系统造成损害，危害儿童健康。,邻苯二甲酸酯含量,损害生殖系统,http://dpac.samr.gov.cn/xfpzh/xfpgwzh/om_208/202106/t20210607_98243.html,,,,
54,6,儿童用品,2021/6/3,塑料娃娃,欧盟,中国,【欧盟】Lovely girl 带配件的塑料娃娃召回,玩具的塑料材质内含有过量的邻苯二甲酸二(2-乙基已基)酯 (DEHP)（按重量计的检测值高达10.4%）。这种邻苯二甲酸酯可能会对生殖系统造成损害，危害儿童健康。,邻苯二甲酸酯含量,损害生殖系统,http://dpac.samr.gov.cn/xfpzh/xfpgwzh/om_208/202106/t20210607_98244.html,,,,
55,6,儿童用品,2021/6/3,塑料娃娃,欧盟,中国,【欧盟】带配件的 CERLO 塑料娃娃召回,玩具的塑料材质内含有过量的邻苯二甲酸二(2-乙基已基)酯 (DEHP)（按重量计的检测值高达36.6%）。这种邻苯二甲酸酯可能会对生殖系统造成损害，危害儿童健康。,邻苯二甲酸酯含量,损害生殖系统,http://dpac.samr.gov.cn/xfpzh/xfpgwzh/om_208/202106/t20210607_98245.html,,,,
56,6,儿童用品,2021/6/3,塑料娃娃,欧盟,中国,【欧盟】带配件的 CERLO 塑料娃娃套装召回,玩具的塑料材质内含有过量的邻苯二甲酸二(2-乙基已基)酯 (DEHP)（按重量计的检测值高达1.3%）。这种邻苯二甲酸酯可能会对生殖系统造成损害，危害儿童健康。,邻苯二甲酸酯含量,损害生殖系统,http://dpac.samr.gov.cn/xfpzh/xfpgwzh/om_208/202106/t20210607_98246.html,,,,
57,6,儿童用品,2021/6/3,塑料娃娃,欧盟,中国,【欧盟】带配件的 CERLO 塑料娃娃套装召回,玩具的塑料材质内含有过量的邻苯二甲酸二(2-乙基已基)酯 (DEHP) 和邻苯二甲酸二丁酯 (DBP)（按重量计的检测值分别为11.86%和0.11%）。这些邻苯二甲酸酯可能会对生殖系统造成损害，不利于儿童健康。,邻苯二甲酸酯含量,损害生殖系统,http://dpac.samr.gov.cn/xfpzh/xfpgwzh/om_208/202106/t20210607_98248.html,,,,
58,6,儿童用品,2021/6/3,塑料娃娃,欧盟,中国,【欧盟】带配件的 CERLO 塑料娃娃套装召回,玩具的塑料材质内含有过量的邻苯二甲酸二(2-乙基已基)酯 (DEHP)（按重量计的检测值高达14.3%）。这种邻苯二甲酸酯可能会对生殖系统造成损害，危害儿童健康。,邻苯二甲酸酯含量,损害生殖系统,http://dpac.samr.gov.cn/xfpzh/xfpgwzh/om_208/202106/t20210607_98249.html,,,,
59,6,儿童用品,2021/6/3,塑料娃娃,欧盟,中国,【欧盟】带配件的 CERLO 塑料娃娃召回,产品的塑料材质内含有过量的邻苯二甲酸二(2-乙基已基)酯 (DEHP)、邻苯二甲酸二异壬酯 (DINP)、邻苯二甲酸二丁酯 (DBP)（按重量计的检测值分别为 4.72%、3.26%和0.27%）。 这些邻苯二甲酸酯可能会对儿童生殖系统和肝脏造成损害，不利于儿童健康。,邻苯二甲酸酯含量,损害生殖系统,http://dpac.samr.gov.cn/xfpzh/xfpgwzh/om_208/202106/t20210607_98250.html,,,,
60,6,儿童用品,2021/6/3,跳跳球,欧盟,中国,【欧盟】Jumping Ball Ballon Sauter跳跳球召回,产品的塑料材质内含有过量的邻苯二甲酸二异丁酯（按重量计的检测值高达37.67%）。这种邻苯二甲酸酯可能会对生殖系统造成损害，危害儿童健康。,邻苯二甲酸酯含量,损害生殖系统,http://dpac.samr.gov.cn/xfpzh/xfpgwzh/om_208/202106/t20210607_98251.html,,,,
61,6,文教体育用品,2021/6/3,潜水泵,欧盟,乌克兰,【欧盟】AKULA潜水泵召回,该设备不能充分防止触电。此外，电源线过短。带电部件可触及，导致用户触电。,对触及带电部件的防护,触电,http://dpac.samr.gov.cn/xfpzh/xfpgwzh/om_208/202106/t20210616_98418.html,,,,
62,6,家用电器,2021/6/3,暖风机,欧盟,中国,【欧盟】SENCOR Hot Air Fan Heater暖风机召回,在设备内部，由于固定不当，电源线可能会松动，并且可能会碰触到未接地的可触及金属部件（防护格栅）。用户可能会碰到带电部件，遭到电击。,设备内部固定不当,触电,http://dpac.samr.gov.cn/xfpzh/xfpgwzh/om_208/202106/t20210616_98421.html,,,,
63,6,儿童用品,2021/6/4,玩具,欧盟,中国,【欧盟】可挤压玩具召回,玩具的橡胶释放出过量的亚硝胺（实测总量0.06mg/kg），其中含亚硝基二甲胺（NDMA）。亚硝胺类物质可能通过摄入或皮肤暴露致癌。如果儿童触摸产品或将产品放入口中，就会接触到这些物质。,亚硝胺类物质含量,安全隐患,http://dpac.samr.gov.cn/xfpzh/xfpgwzh/om_208/202106/t20210615_98371.html,,,,
64,6,儿童用品,2021/6/4,玩具,欧盟,中国,【欧盟】气球玩具召回,气球的橡胶释放出过量的亚硝胺（实测总值0.41mg/kg）和亚硝基胺物质（实测总值1.82mg/kg），其中N-亚硝基二乙胺（NDEA）和n-亚硝基二甲胺（NDMA）可生成亚硝胺。亚硝胺类物质可能通过摄入或皮肤暴露致癌。如果儿童触摸产品或将产品放入口中，就会接触到这些物质。,亚硝胺类物质含量,安全隐患,http://dpac.samr.gov.cn/xfpzh/xfpgwzh/om_208/202106/t20210615_98372.html,,,,
65,6,日用杂品,2021/6/5,戒指,欧盟,中国,【欧盟】戒指召回,该产品含有过量的镉（按重量计的检测值0.047％）和镍（49μg/cm2/周）。镉对人体健康有害，因为它积聚在体内，会损害肾脏和骨骼，并可能致癌。镍是一种强致敏物，如果存在于长期与皮肤直接接触的物品中，会引起过敏反应。,镉含量、镍含量,损害肾脏和骨骼、致癌；过敏,http://dpac.samr.gov.cn/xfpzh/xfpgwzh/om_208/202106/t20210615_98365.html,,,,
66,6,日用杂品,2021/6/6,弹性行李带,澳大利亚,不详,【澳大利亚】Btwin弹力绳召回,产品不符合《2017年消费品（弹性行李带）安全标准》。产品上没有贴所需的安全警告标签。弹力行李绳没有适当的安全警告标签，可能会被误用，导致用户或旁观者受伤。,警示标识缺失,安全隐患,http://dpac.samr.gov.cn/xfpzh/xfpgwzh/adly/202106/t20210608_98299.html,,,,
67,6,电子信息,2021/6/6,虚拟现实耳机的可拆卸泡沫面部接口,澳大利亚,不详,【澳大利亚】Oculus Quest 2虚拟现实耳机的可拆卸泡沫面部接口召回,泡沫接口制造过程中存留的物质可能会导致皮肤刺激。在 Quest 2 泡沫接口贴在脸上时，一些用户可能会感到非过敏性皮肤刺激（发红、肿块或肿胀）。这种刺激与人们在VR会话后有时会体验到的正常压力不同。,有害物质,过敏,http://dpac.samr.gov.cn/xfpzh/xfpgwzh/adly/202106/t20210608_98300.html,,,,
68,6,儿童用品,2021/6/6,婴儿睡袋,澳大利亚,不详,【澳大利亚】海滩森林和甜蜜美梦印花设计的婴儿睡袋召回,睡袋颈部开口过宽。这个开口可能会让婴儿将睡袋拉过他们的头，可能造成受困危险。如果儿童被困在睡袋里，这会增加窒息的风险，或者可能会过热。,颈部开口过宽,儿童窒息,http://dpac.samr.gov.cn/xfpzh/xfpgwzh/adly/202106/t20210608_98301.html,,,,
69,6,儿童用品,2021/6/6,汽车儿童座椅,澳大利亚,不详,【澳大利亚】Mammakiddies汽车儿童座椅召回,"该产品不符合强制性标准""2014年第3号消费者保护通知-用于机动车辆的儿童约束系统""的要求。产品的安全警告标签不正确。如果车辆发生事故，安全警告标签不正确的儿童座椅可能会被不当使用，从而增加乘员严重受伤或死亡的风险。",警告标签不正确,受伤或死亡,http://dpac.samr.gov.cn/xfpzh/xfpgwzh/adly/202106/t20210608_98302.html,,,,
70,6,儿童用品,2021/6/7,婴儿床,欧盟,欧盟（法国）,【欧盟】婴儿床中床召回,产品底部的拉绳在拉紧后过长。婴儿的头部可能会被拉绳勒住，导致窒息。此外，有几个间隙开口，可能会增加婴儿口鼻被完全罩住并窒息的风险。,绳带过长,儿童窒息,http://dpac.samr.gov.cn/xfpzh/xfpgwzh/om_208/202106/t20210616_98404.html,,,,
71,6,儿童用品,2021/6/7,儿童外套,欧盟,乌克兰,【欧盟】Bembi Jacket Star儿童外套召回,产品颈部和腰部区域有功能性长拉绳。在儿童进行各种活动时，这些拉绳可能会被绊住，造成勒颈或受伤。,绳带过长,绊倒、勒伤,http://dpac.samr.gov.cn/xfpzh/xfpgwzh/om_208/202106/t20210616_98411.html,,,,
72,6,儿童用品,2021/6/8,儿童服装 ,欧盟 ,中国,【欧盟】YZ IMPREUNA儿童外套召回2021-06-08,产品腰部区域有功能性长拉绳。在儿童进行各种活动时，可能会被这些绳子绊住，造成受伤。,绳带,,http://dpac.samr.gov.cn/xfpzh/xfpgwzh/om_208/202106/t20210616_98425.html,,,,
73,6,电子信息,2021/6/8,充电器,欧盟 ,中国,【欧盟】Qualcomm 充电器召回2021-06-08,产品的绝缘不够。用户可能会由于可触及的带电部件而触电。,电绝缘,,http://dpac.samr.gov.cn/xfpzh/xfpgwzh/om_208/202106/t20210616_98424.html,,,,
74,6,家具装修,2021/6/8,塑料椅子,欧盟 ,欧盟 ,【欧盟】Progarden Altea Bianca塑料椅子召回2021-06-08,椅子有尖锐边缘。用户可能会沿着边缘触碰或移动手，遭受割伤。,尖锐边缘,,http://dpac.samr.gov.cn/xfpzh/xfpgwzh/om_208/202106/t20210616_98423.html,,,,
75,6,其他,2021/6/8,充气游乐设备,欧盟 ,欧盟 ,【欧盟】Zizo 充气游乐设备召回2021-06-08,没有安全防护栏,无安全防护栏,,http://dpac.samr.gov.cn/xfpzh/xfpgwzh/om_208/202106/t20210615_98376.html,,,,
76,6,其他 ,2021/6/8,充气游乐设备,欧盟 ,欧盟 ,【欧盟】Zizo充气攀爬塔 充气游乐设备召回2021-06-08,着陆平台太小了。因此，攀爬金字塔的儿童可能会跌落到软着陆平台之外的地面上并受伤。此外，该材料不耐火，移开火源后不会停止燃烧，并且燃烧速度很快。因此，存在火灾和烧伤的风险。,,,http://dpac.samr.gov.cn/xfpzh/xfpgwzh/om_208/202106/t20210615_98374.html,,,,
77,6,儿童用品,2021/6/8,儿童玩具,欧盟 ,欧盟 ,【欧盟】Güclü Bultak Helikopter玩具直升机召回2021-06-08,小零件（直升机的轮子）可能会从玩具上脱落。幼童可能将其放入口中并因此窒息。,,,http://dpac.samr.gov.cn/xfpzh/xfpgwzh/om_208/202106/t20210616_98412.html,,,,
78,6,儿童用品,2021/6/8,儿童玩具,欧盟 ,欧盟 ,【欧盟】Güclü塑料积木套装召回2021-06-08,该产品包含小零件（树的叶子）。幼童可能将其放入口中并因此窒息。,,,http://dpac.samr.gov.cn/xfpzh/xfpgwzh/om_208/202106/t20210616_98393.html,,,,
79,6,其他,2021/6/9,水瓶,美国,中国,【美国】CamelBak Podium 和 Peak Fitness 水瓶召回,Podium 和 Peak Fitness 水瓶瓶盖中的小硅胶阀可能会松动和脱落，造成窒息危险。,小零件脱落,窒息,http://dpac.samr.gov.cn/xfpzh/xfpgwzh/mg_207/202106/t20210611_98345.html,,,,
80,6,日用杂品 ,2021/6/9,电压测试仪,美国,中国,【美国】Klein Tools非接触式电压测试仪型号NCVT-1召回,在开机或关机循环期间，开/关按钮可能保持按下状态，导致测试仪无法正常工作。如果测试仪不能正常工作，则测试电源的消费者可能无法收到存在带电电压的警告，从而对用户构成电击危险。,按钮失灵,触电,http://dpac.samr.gov.cn/xfpzh/xfpgwzh/mg_207/202106/t20210611_98346.html,,,,
81,6,日用杂品,2021/6/9,水瓶盖,澳大利亚,不详,【澳大利亚】CamelBak Podium和CamelBak Peak Fitness水瓶盖召回,受影响瓶盖中的小硅胶阀可能会从瓶盖上脱落。如果小硅胶阀从瓶盖上脱落，可能会造成窒息危险。,小零件脱落,窒息,http://dpac.samr.gov.cn/xfpzh/xfpgwzh/adly/202106/t20210611_98347.html,,,,
82,6,其他,2021/6/9,清洗机,日本,不详,【日本】高压清洗机召回,由于使用时不注意，电容器可能会提前老化，烧坏。,,,http://dpac.samr.gov.cn/xfpzh/xfpgwzh/rb_212/202106/t20210611_98348.html,,,,
83,6,服装鞋帽 ,2021/6/9,工作手套,日本,不详,【日本】手套（工作用）召回,因检测到甲醛超标。,甲醛超标,,http://dpac.samr.gov.cn/xfpzh/xfpgwzh/rb_212/202106/t20210617_98471.html,,,,
84,6,其他,2021/6/9,美甲套装,欧盟,中国,【欧盟】EM® 美甲套装 假指甲召回,根据成分列表，胶水含有邻苯二甲酸二丁酯 (DBP)，这在化妆品中是禁止使用的。这种邻苯二甲酸酯可能会对生殖系统造成损害，不利于儿童健康。,邻苯二甲酸酯含量,损害生殖系统,http://dpac.samr.gov.cn/xfpzh/xfpgwzh/om_208/202106/t20210616_98386.html,,,,
85,6,其他,2021/6/9,美甲套装,欧盟,中国,【欧盟】Guda美甲套装 假指甲召回,根据成分列表，胶水含有邻苯二甲酸二丁酯 (DBP)，这在化妆品中是禁止使用的。这种邻苯二甲酸酯可能会对生殖系统造成损害，不利于儿童健康。,邻苯二甲酸酯含量,损害生殖系统,http://dpac.samr.gov.cn/xfpzh/xfpgwzh/om_208/202106/t20210616_98387.html,,,,
86,6,其他,2021/6/9,假指甲,欧盟,中国,【欧盟】Xucai Beauty 假指甲召回,根据成分列表，胶水含有邻苯二甲酸二丁酯 (DBP)，这在化妆品中是禁止使用的。这种邻苯二甲酸酯可能会对生殖系统造成损害，危害儿童健康。,邻苯二甲酸酯含量,损害生殖系统,http://dpac.samr.gov.cn/xfpzh/xfpgwzh/om_208/202106/t20210616_98388.html,,,,
87,6,其他,2021/6/9,假指甲,欧盟,中国,【欧盟】Allura自粘式假指甲召回,根据成分列表，胶水含有邻苯二甲酸二丁酯 (DBP)，这在化妆品中是禁止使用的。这种邻苯二甲酸酯可能会对生殖系统造成损害，危害儿童健康。,邻苯二甲酸酯含量,损害生殖系统,http://dpac.samr.gov.cn/xfpzh/xfpgwzh/om_208/202106/t20210616_98389.html,,,,
88,6,儿童用品,2021/6/9,婴儿睡衣,欧盟,中国,【欧盟】婴儿睡衣套装召回,产品会释放出过量的镍（计算值1.86 微克/平方厘米/周）。镍为强致敏物，如果以微粒的形式直接接触或长期接触皮肤，会引起过敏反应。,镍含量,过敏,http://dpac.samr.gov.cn/xfpzh/xfpgwzh/om_208/202106/t20210616_98390.html,,,,
89,6,儿童用品,2021/6/9,悠悠球,欧盟,中国,【欧盟】Pileczka swiecaca发光悠悠球召回,玩具有弹性，在使用过程中可以明显拉伸。儿童可能会在头部周围摆动玩具并将其绕在脖子上，从而导致窒息。,,儿童窒息,http://dpac.samr.gov.cn/xfpzh/xfpgwzh/om_208/202106/t20210616_98391.html,,,,
90,6,文教体育用品,2021/6/9,滑板车,欧盟,中国,【欧盟】自平衡滑板车（悬滑板)召回,电池没有监控电池温度的设备，因此在充电过程中可能会过热，悬滑板盖可能会点燃。产品可能会引起火灾，用户可能会遭受烧伤。此外，插座和扁平插头的尺寸以及电池充电器初级和次级之间的绝缘不合适。用户可能会碰到可触及的带电部件，遭到电击。此外，电源线暴露在两个电机之间的活动部件中，而且还要穿过两端有毛刺的钢管。在产品的使用寿命期间，电源线的绝缘层可能会被尖锐边缘损坏，导致电池在使用过程中短路和爆炸。因此，用户可能会失控，从滑板车上跌落，遭受伤害。,没有监控电池温度的设备；插座尺寸不合适,触电、跌伤,http://dpac.samr.gov.cn/xfpzh/xfpgwzh/om_208/202106/t20210616_98392.html,,,,
91,6,电子信息,2021/6/9,激光笔,欧盟,中国,【欧盟】Winnes Laserpointer激光笔召回,激光束太强。直视激光束可能会损害视力。,激光束太强,损害视力,http://dpac.samr.gov.cn/xfpzh/xfpgwzh/om_208/202106/t20210616_98395.html,,,,
92,6,日用杂品,2021/6/9,气球,欧盟,欧盟（西班牙）,【欧盟】气球召回,深蓝色气球的橡胶释放出过量的N-亚硝胺（实测值0.076 mg/kg），其中含N-亚硝基二乙醇胺（NDELA）。亚硝胺类物质可能通过摄入或皮肤暴露致癌。如果儿童触摸产品或将产品放入口中，就会接触到这些物质。,亚硝胺类物质含量,致癌,http://dpac.samr.gov.cn/xfpzh/xfpgwzh/om_208/202106/t20210616_98398.html,,,,
93,6,其他,2021/6/9,角钢圆锯片,欧盟,未知,【欧盟】角钢圆锯片召回,圆锯片可能安装在了角磨机上，不符合预期用途，即用作手持式圆锯。因此，这可能会导致工具反冲或失控，造成严重受伤。,安装错误,受伤,http://dpac.samr.gov.cn/xfpzh/xfpgwzh/om_208/202106/t20210616_98399.html,,,,
94,6,其他,2021/6/9,圆锯片,欧盟,未知,【欧盟】圆锯片召回,链锯片可能安装在了角磨机上，因此违背了其预期用途，即用作手持式圆锯。因此，这可能会导致工具反冲或失控，造成严重受伤。,安装错误,受伤,http://dpac.samr.gov.cn/xfpzh/xfpgwzh/om_208/202106/t20210616_98400.html,,,,
95,6,其他,2021/6/9,圆锯片,欧盟,未知,【欧盟】Grinder Disc Pro 圆锯片召回,圆锯片可能安装在了角磨机上，不符合预期用途，即用作手持式圆锯。因此，这可能会导致工具反冲或失控，造成严重受伤。,安装错误,受伤,http://dpac.samr.gov.cn/xfpzh/xfpgwzh/om_208/202106/t20210616_98401.html,,,,
96,6,其他,2021/6/9,圆锯片,欧盟,未知,【欧盟】oba woodcut chain washer圆锯片召回,圆锯片可能安装在了角磨机上，不符合预期用途，即用作手持式圆锯。因此，这可能会导致工具反冲或失控，造成严重受伤。,安装错误,受伤,http://dpac.samr.gov.cn/xfpzh/xfpgwzh/om_208/202106/t20210616_98402.html,,,,
97,6,家具装修,2021/6/9, kobi 电子控制装置,欧盟,欧盟（波兰）,【欧盟】用于 LED 模块的 kobi 电子控制装置召回,初级和次级电路之间的爬电距离不足。因此，可接触部件可能会带电，增加用户触电风险。,爬电距离不足,触电,http://dpac.samr.gov.cn/xfpzh/xfpgwzh/om_208/202106/t20210616_98405.html,,,,
98,6,其他,2021/6/9,圆锯片,欧盟,未知,【欧盟】Drillpro 4-9 Inch Grinder Chain Disc 7-22 Tooth Wo圆锯片召回,圆锯片可能安装在了角磨机上，不符合预期用途，即用作手持式圆锯。因此，这可能会导致工具反冲或失控，造成严重受伤。,安装错误,受伤,http://dpac.samr.gov.cn/xfpzh/xfpgwzh/om_208/202106/t20210616_98406.html,,,,
99,6,其他,2021/6/9,圆锯片,欧盟,未知,【欧盟】Woodcarving disc 圆锯片召回,缺陷及后果圆锯片可能安装在了角磨机上，不符合预期用途，即用作手持式圆锯。因此，这可能会导致工具反冲或失控，造成严重受伤。,安装错误,受伤,http://dpac.samr.gov.cn/xfpzh/xfpgwzh/om_208/202106/t20210616_98407.html,,,,
100,6,服装鞋帽,2021/6/9,电热手套,欧盟,欧盟（瑞典）,【欧盟】Pinewood Heated Glove电热手套召回,电源装置的外壳仅通过一颗螺钉固定在一起，并且很容易断裂和打开，露出带电部件。用户可能会碰触到这些带电部件，遭到电击。,组装不牢固,触电,http://dpac.samr.gov.cn/xfpzh/xfpgwzh/om_208/202106/t20210616_98408.html,,,,
101,6,电子信息,2021/6/9,移动电源,欧盟,欧盟（荷兰）,【欧盟】XTORM 移动电源召回,移动电源上的插座尺寸不合适。因此，在将笔记本电脑充电器插入产品时，插头引脚可能会部分插入，从而使带电部件可触及，增加用户触电的风险。,插座尺寸不合适,触电,http://dpac.samr.gov.cn/xfpzh/xfpgwzh/om_208/202106/t20210616_98409.html,,,,
102,6,其他,2021/6/9,修剪器头,欧盟,未知,【欧盟】修剪器头召回,修剪器头可以安装在剪草机上，因此，可能违背其预期用途，用作手持式链锯。因此，这可能会导致工具反冲或失控，造成严重受伤。此外，链锯元件和切割附件没有防护装置，在使用过程中可能会断裂。因此，用户可能会被修剪器头或碎片击中并受伤。,产品设计,受伤,http://dpac.samr.gov.cn/xfpzh/xfpgwzh/om_208/202106/t20210616_98413.html,,,,
103,6,儿童用品,2021/6/9,游乐架,欧盟,中国,【欧盟】带滑梯和秋千的游乐架召回,该玩具上有部分封闭的开口和可触及的孔（在面对面秋千的座椅和靠背之间），儿童可能会被卡住或受伤。,开口、孔尺寸,儿童卡住,http://dpac.samr.gov.cn/xfpzh/xfpgwzh/om_208/202106/t20210615_98366.html,,,,
104,6,儿童用品,2021/6/9,玩具鼓,欧盟,中国,【欧盟】玩具鼓召回,小零件（侧面弹簧）可能很容易从玩具上脱落。幼童可能将其放入口中并因此窒息。,小零件脱落,幼童窒息,http://dpac.samr.gov.cn/xfpzh/xfpgwzh/om_208/202106/t20210615_98367.html,,,,
105,6,其他,2021/6/9,美甲套装,欧盟,中国,【欧盟】Yu Yao美甲套装 假指甲和自粘睫毛召回,根据成分列表，胶水含有邻苯二甲酸二丁酯(DBP)，这在化妆品中是禁止使用的。这种邻苯二甲酸酯可能会对生殖系统造成损害，危害儿童健康。,邻苯二甲酸酯含量,损害生殖系统,http://dpac.samr.gov.cn/xfpzh/xfpgwzh/om_208/202106/t20210615_98377.html,,,,
106,6,其他,2021/6/9,假指甲,欧盟,中国,【欧盟】AB Nails Amie Beauty假指甲召回,根据成分列表，胶水含有邻苯二甲酸二丁酯(DBP)，这在化妆品中是禁止使用的。这种邻苯二甲酸酯可能会对生殖系统造成损害，危害儿童健康。,邻苯二甲酸酯含量,损害生殖系统,http://dpac.samr.gov.cn/xfpzh/xfpgwzh/om_208/202106/t20210615_98378.html,,,,
107,6,儿童用品,2021/6/9,婴儿床,欧盟,中国,【欧盟】OOTDTY 婴儿床中床召回,该产品具有长拉绳，可导致婴儿被勒死。另外产品具有可拆卸部件，儿童可能会拿到放入口中并因此窒息，如果小零件进入呼吸道，还会有感染风险。,绳带、小零件脱落,勒伤、窒息,http://dpac.samr.gov.cn/xfpzh/xfpgwzh/om_208/202106/t20210616_98426.html,,,,
108,6,其他,2021/6/10,全地形车,美国,墨西哥,【美国】2021年款Can-Am Outlander和Renegade全地形车(ATV)召回,转向节可能会从下臂脱落，导致车辆失去控制，造成碰撞危险。,零件脱落,安全隐患,http://dpac.samr.gov.cn/xfpzh/xfpgwzh/mg_207/202106/t20210617_98431.html,,,,
109,6,儿童用品,2021/6/10,玩具,美国,中国,【美国】儿童Barhee Fishing Hero玩具召回,飞行恐龙模型底部的金属线圈的含铅量超过联邦铅含量禁令规定。铅具有毒性，儿童摄入后可能会引起身体不良反应。,铅含量,安全隐患,http://dpac.samr.gov.cn/xfpzh/xfpgwzh/mg_207/202106/t20210617_98432.html,,,,
110,6,儿童用品,2021/6/10,玩具键盘,欧盟,中国,【欧盟】Happy Consert玩具键盘召回,小零件（黑色键）很容易从玩具上脱落。幼童可能将其放入口中并因此窒息。,小零件脱落,幼童窒息,http://dpac.samr.gov.cn/xfpzh/xfpgwzh/om_208/202106/t20210623_98487.html,,,,
111,6,家具装修,2021/6/10,日光浴床,欧盟,中国,【欧盟】Kayoba Solsäng可折叠日光浴床召回,由于日光浴床的折叠机构，用户的手指可能会被夹在座椅和折叠机构之间。这也可能导致一根或多根手指受伤甚至截肢。,,夹伤,http://dpac.samr.gov.cn/xfpzh/xfpgwzh/om_208/202106/t20210623_98488.html,,,,
112,6,儿童用品,2021/6/10,婴儿车,欧盟,中国,【欧盟】婴儿车召回,婴儿车不稳定，可能会意外倾翻。这可能会导致坐在里面的儿童摔倒并受伤。,不稳定,摔伤,http://dpac.samr.gov.cn/xfpzh/xfpgwzh/om_208/202106/t20210623_98490.html,,,,
113,6,儿童用品,2021/6/10,婴儿摇铃,欧盟,中国,【欧盟】Jumbo Baby Rattle婴儿摇铃召回,小零件（球）很容易从摇铃上脱落。幼童可能将其放入口中并因此窒息。,小零件脱落,幼童窒息,http://dpac.samr.gov.cn/xfpzh/xfpgwzh/om_208/202106/t20210623_98493.html,,,,
114,6,其他,2021/6/10,修剪器头,欧盟,未知,【欧盟】修剪器头召回,修剪器头可能安装在剪草机上，不符合其预期用途。因此，切割附件不受保护，在使用过程中可能会损坏。因此，用户可能会被修剪器头或碎片击中并受伤。,,受伤,http://dpac.samr.gov.cn/xfpzh/xfpgwzh/om_208/202106/t20210623_98495.html,,,,
115,6,其他,2021/6/10,修剪器头,欧盟,未知,【欧盟】修剪器头召回,修剪器头可以安装在剪草机上，因此，可能违背其预期用途，即用作手持式链锯。因此，这可能会导致工具反冲或失控，造成严重受伤。此外，链锯元件和切割附件没有防护装置，在使用过程中可能会断裂。因此，用户可能会被修剪器头或碎片击中并受伤。,防护装置缺失,受伤,http://dpac.samr.gov.cn/xfpzh/xfpgwzh/om_208/202106/t20210623_98496.html,,,,
116,6,其他,2021/6/10,修剪器头,欧盟,未知,【欧盟】H Grass修剪器头召回,修剪器头可能安装在剪草机上，不符合其预期用途。因此，切割附件不受保护，在使用过程中可能会损坏。用户可能会被修剪器头或碎片击中并受伤。,,受伤,http://dpac.samr.gov.cn/xfpzh/xfpgwzh/om_208/202106/t20210623_98497.html,,,,
117,6,其他,2021/6/10,修剪器头,欧盟,未知,【欧盟】修剪器头召回,修剪器头可能安装在剪草机上，不符合其预期用途。因此，切割附件不受保护，在使用过程中可能会损坏。用户可能会被修剪器头或碎片击中并受伤。,,受伤,http://dpac.samr.gov.cn/xfpzh/xfpgwzh/om_208/202106/t20210623_98498.html,,,,
118,6,其他,2021/6/10,修剪器头,欧盟,未知,【欧盟】修剪器头零件召回,修剪器头可以安装在剪草机上，因此，可能违背其预期用途，即用作手持式链锯。因此，这可能会导致工具反冲或失控，造成严重受伤。此外，链锯元件和切割附件没有防护装置，在使用过程中可能会断裂。因此，用户可能会被修剪器头或碎片击中并受伤。,防护装置缺失,受伤,http://dpac.samr.gov.cn/xfpzh/xfpgwzh/om_208/202106/t20210623_98499.html,,,,
119,6,其他,2021/6/10,修剪器头,欧盟,未知,【欧盟】65Mn Coil Chain修剪器头召回,修剪器头可以安装在剪草机上，因此，可能违背其预期用途，用作手持式链锯。因此，这可能会导致工具反冲或失控，造成严重受伤。此外，链锯元件和切割附件没有防护装置，在使用过程中可能会断裂。因此，用户可能会被修剪器头或碎片击中并受伤。,防护装置缺失,受伤,http://dpac.samr.gov.cn/xfpzh/xfpgwzh/om_208/202106/t20210623_98500.html,,,,
120,6,其他,2021/6/10,修剪器头,欧盟,未知,【欧盟】Universal Weed Grass 修剪器头召回,修剪器头可以安装在剪草机上，不符合其预期用途。因此，切割附件不受保护，在使用过程中可能会损坏。因此，用户可能会被修剪器头或碎片击中并受伤。,,受伤,http://dpac.samr.gov.cn/xfpzh/xfpgwzh/om_208/202106/t20210623_98501.html,,,,
121,6,儿童用品,2021/6/10,婴儿睡袋,欧盟,法国,【欧盟】DISNEY PUSSYCATS婴儿睡袋召回,袖口处拉链的顶部挡块位于产品顶部而不是底部。此外，颈部开口相对于儿童身高/年龄太大。这可能会增加婴儿滑入睡袋并窒息的风险。此外，由于睡袋上有环（蝴蝶结和环标签），婴儿手指可能会夹在蝴蝶结中。,颈部开口太大,窒息,http://dpac.samr.gov.cn/xfpzh/xfpgwzh/om_208/202106/t20210623_98506.html,,,,
122,6,日用杂品,2021/6/10,气球,欧盟,中国,【欧盟】SHUAIAN BALLOONS气球召回,气球的橡胶释放出过量的亚硝胺（实测总值0.16mg/kg）和亚硝基物质（实测总值1.84mg/kg），其中n-亚硝基二乙胺（NDEA）和n-亚硝基二甲胺（NDMA）可生成亚硝胺。亚硝胺类物质可以通过摄入或皮肤暴露致癌。如果儿童触摸产品或将产品放入口中，就会接触到这些物质。,亚硝胺类物质含量,致癌,http://dpac.samr.gov.cn/xfpzh/xfpgwzh/om_208/202106/t20210623_98507.html,,,,
123,6,儿童用品,2021/6/10,指画颜料,欧盟,中国,【欧盟】指画颜料召回,红色和绿色指画颜料释放出过量的亚硝胺（检测值高达0.19mg/kg），其中有n-亚硝基二乙醇胺（NDELA）。亚硝胺类物质可以通过摄入或皮肤暴露致癌。如果儿童触摸产品或将产品放入口中，就会接触到这些物质。,亚硝胺类物质含量,,http://dpac.samr.gov.cn/xfpzh/xfpgwzh/om_208/202106/t20210623_98509.html,,,,
124,6,家用电器,2021/6/10,爆米花机,欧盟,中国,【欧盟】爆米花机召回,产品对儿童具有吸引力。儿童可能会触摸产品的可触及加热表面，遭受烧伤。,,烧伤,http://dpac.samr.gov.cn/xfpzh/xfpgwzh/om_208/202106/t20210623_98511.html,,,,
125,6,儿童用品,2021/6/13,游泳池,澳大利亚,不详,【澳大利亚】便携式儿童充气游泳池召回,该产品不符合强制性标准“消费品（便携式游泳池）安全标准2013”的标签要求。警告标签是一个贴纸，不是永久性的，可能会从泳池上脱落。如果警告标签从泳池上脱落，用户可能不知道有关产品使用的重要安全信息（例如，确保任何时候都在大人的有效监督下使用）。如果产品没有按预期使用，溺水风险会增加。,警告标签易脱落,溺水,http://dpac.samr.gov.cn/xfpzh/xfpgwzh/adly/202106/t20210617_98428.html,,,,
126,6,日用杂品,2021/6/13,充气游泳池,澳大利亚,不详,【澳大利亚】Mylle充气游泳池召回,该产品不符合强制性标准“消费品（便携式游泳池）安全标准2013”的标签要求。警告标签的措辞不符合该标准的要求。没有正确的安全警告标签，充气泳池可能会被不当使用。如果产品没有按预期使用，溺水风险会增加。,警告标签不符合标准要求,溺水,http://dpac.samr.gov.cn/xfpzh/xfpgwzh/adly/202106/t20210617_98429.html,,,,
127,6,文教体育用品,2021/6/13,篮筐,澳大利亚,不详,【澳大利亚】Spalding篮筐召回,产品不符合强制性标准“2017年消费品（篮筐和篮板）安全标准”。产品没有提供所需的警告标签和安装说明。如果用户不了解安全注意事项，如果产品安装不当或用户吊在篮筐上摆动，则存在受伤风险。,警告标签和安装说明缺失,受伤,http://dpac.samr.gov.cn/xfpzh/xfpgwzh/adly/202106/t20210617_98430.html,,,,
128,6,文教体育用品,2021/6/14,吉他调音器,澳大利亚,不详,【澳大利亚】TC Electronic Polytune Clip - 夹式吉他调音器召回,产品的纽扣电池仓可能没有充分固定，电池可能很容易被拿到。如果幼童拿到纽扣电池并吞咽，可能会遭受内部烧伤，这可能会导致严重的疾病甚至死亡。此外，电池可能会对幼儿造成窒息危险。,小零件易脱落,幼儿窒息,http://dpac.samr.gov.cn/xfpzh/xfpgwzh/adly/202106/t20210617_98427.html,,,,
129,6,家具装修,2021/6/14,吊灯,欧盟,俄罗斯联邦,【欧盟】WOODSHIRE 吊灯召回,灯泡座未正确隔离。因此，用户可能会碰到带电部件，遭到电击。,对触及带电部件的防护,触电,http://dpac.samr.gov.cn/xfpzh/xfpgwzh/om_208/202106/t20210623_98494.html,,,,
130,6,日用杂品,2021/6/14,按摩枪,欧盟,中国,【欧盟】CORE Massage gun按摩枪召回,按摩枪附带的电源装置可能造成触电危险，因为绝缘不够，而且初级电路和次级电路之间的爬电距离也不够。,电绝缘不够，爬电距离也不够,触电,http://dpac.samr.gov.cn/xfpzh/xfpgwzh/om_208/202106/t20210623_98503.html,,,,
131,6,家具装修,2021/6/14,灯饰链,欧盟,未知,【欧盟】灯饰链召回,更换灯泡时，用户可能不得不使用较大的力或工具，使带电部件可触及，这可能会导致触电。,对触及带电部件的防护,触电,http://dpac.samr.gov.cn/xfpzh/xfpgwzh/om_208/202106/t20210623_98504.html,,,,
132,6,家具装修,2021/6/14,灯饰链,欧盟,未知,【欧盟】灯饰链召回,由于灯座与灯具配合过紧，产品在更换光源时会有触电的风险。,,触电,http://dpac.samr.gov.cn/xfpzh/xfpgwzh/om_208/202106/t20210623_98505.html,,,,
133,6,电子信息,2021/6/14,电源,欧盟,中国,【欧盟】电源装置召回,该设备不耐高温，外壳可能会变形，使带电部件容易触及。用户可能会被烧伤或触电。装置可能会过热，引发火灾。,不耐高温,烧伤、触电、火灾,http://dpac.samr.gov.cn/xfpzh/xfpgwzh/om_208/202106/t20210623_98508.html,,,,
134,6,儿童用品,2021/6/14,婴儿安抚奶嘴,欧盟,中国,【欧盟】婴儿安抚奶嘴召回,产品含有双酚 A (BPA)（检测值2.3 mg/kg）。BPA可能会损害生育能力，并且已被确认为是一种影响人类和动物内分泌系统的物质。,双酚 A含量,损害生育能力,http://dpac.samr.gov.cn/xfpzh/xfpgwzh/om_208/202106/t20210623_98518.html,,,,
135,6,儿童用品,2021/6/15,婴儿摇篮,欧盟,中国,【欧盟】婴儿摇篮召回,在没有系安全带的情况下将婴儿放在召回产品中仰卧，存在窒息风险。,,窒息,http://dpac.samr.gov.cn/xfpzh/xfpgwzh/om_208/202106/t20210623_98510.html,,,,
136,6,儿童用品,2021/6/15,儿童汽车安全座椅,欧盟,中国,【欧盟】儿童汽车安全座椅召回,在发生车祸时，汽车安全座椅可能无法正确约束儿童，以尽量减少身体的位移。因此，儿童可能会受伤。此外，关于将儿童约束在座椅上的强制性信息不完整，可能导致约束错误，增加受伤风险。,,受伤,http://dpac.samr.gov.cn/xfpzh/xfpgwzh/om_208/202106/t20210623_98513.html,,,,
137,6,日用杂品,2021/6/15,按摩枪,欧盟,中国,【欧盟】HMS Massage Gun按摩枪召回,按摩枪自带的充电器，由于绝缘不足，初级和次级电路之间的爬电距离不够，存在触电危险。,爬电距离不够,触电,http://dpac.samr.gov.cn/xfpzh/xfpgwzh/om_208/202106/t20210623_98514.html,,,,
138,6,儿童用品,2021/6/15,儿童长裤,欧盟,欧盟（土耳其）,【欧盟】Narmini Kids儿童长裤召回,产品腰部区域有活动端长拉绳。在儿童进行各种活动时，拉绳可能会被绊住，造成受伤。,绳带,绊伤,http://dpac.samr.gov.cn/xfpzh/xfpgwzh/om_208/202106/t20210623_98515.html,,,,
139,6,儿童用品,2021/6/15,儿童长裤,欧盟,中国,【欧盟】儿童运动长裤召回,产品腰部区域有长拉绳。在儿童进行各种活动时，拉绳可能会被绊住，造成受伤。,绳带,绊伤,http://dpac.samr.gov.cn/xfpzh/xfpgwzh/om_208/202106/t20210623_98516.html,,,,
140,6,文教体育用品,2021/6/15,胶水,欧盟,俄罗斯联邦,【欧盟】Anles Universal glue 88 M 40 ml胶水召回,胶水中含有过量的甲苯（按重量计的检测值达73%）。甲苯具有神经毒性，如果吸入或与皮肤接触，还可能会影响未出生的婴儿。,甲苯含量,神经毒性,http://dpac.samr.gov.cn/xfpzh/xfpgwzh/om_208/202106/t20210623_98517.html,,,,
141,6,儿童用品,2021/6/15,玩具,日本,不详,【日本】玩具召回,由于绿色丝束脱落，变为小零件，可能会误食导致窒息。,小零件脱落,窒息,http://dpac.samr.gov.cn/xfpzh/xfpgwzh/rb_212/202106/t20210623_98519.html,,,,
142,6,儿童用品,2021/6/16,连帽外套,欧盟,乌克兰,【欧盟】Bembi Jacket Super Hero连帽外套召回,运动衫的兜帽有活动端功能性长拉绳。拉绳会在儿童的各种活动中被缠住，造成勒颈。,绳带,勒伤,http://dpac.samr.gov.cn/xfpzh/xfpgwzh/om_208/202106/t20210623_98491.html,,,,
143,6,儿童用品,2021/6/16,弓和箭玩具,欧盟,欧盟（德国）,【欧盟】带一把弓和3支箭的杂志召回,某些吸盘很容易脱落。如果儿童将射弹放进嘴里，吸盘可能会脱落并阻塞呼吸道。,小零件脱落,儿童窒息,http://dpac.samr.gov.cn/xfpzh/xfpgwzh/om_208/202106/t20210623_98502.html,,,,
144,6,儿童用品,2021/6/18,婴儿车,欧盟,中国,【欧盟】娃娃婴儿车召回,婴儿车不足以承受负载。因此，该推车很容易折叠，推着它玩的儿童可能会摔倒在地上。,易折叠,儿童摔伤,http://dpac.samr.gov.cn/xfpzh/xfpgwzh/om_208/202106/t20210623_98489.html,,,,
145,6,儿童用品,2021/6/20,儿童三轮车,澳大利亚,不详,【澳大利亚】儿童三轮车召回,这些产品具有部分婴儿车功能，但由于其不具有强制性标准“婴儿车和手推车的消费品安全标准（2007年第8号消费者保护通知，于2019年2月14日修订）”要求的安全功能，因此不能用作婴儿车安全运送儿童。该产品缺少制动器、固定装置和所需的标签。如果用作婴儿车运送儿童，产品可能会以不受控的方式滚动或儿童从产品中掉下来，从而可能会对儿童造成伤害。,安全功能不达标,儿童受伤,http://dpac.samr.gov.cn/xfpzh/xfpgwzh/adly/202106/t20210624_98580.html,,,,
146,6,儿童用品,2021/6/20,儿童数字手表,澳大利亚,不详,【澳大利亚】狗狗巡逻队儿童数字手表召回,产品的纽扣电池仓可能没有充分固定，纽扣电池可能很容易被拿到。如果幼童拿到纽扣电池并吞咽，可能会遭受内部灼伤，这可能会导致严重的疾病甚至死亡。此外，电池可能会对幼儿造成窒息危险。,小零件脱落,幼儿窒息,http://dpac.samr.gov.cn/xfpzh/xfpgwzh/adly/202106/t20210624_98581.html,,,,
147,6,儿童用品,2021/6/20,儿童玩具,澳大利亚,不详,【澳大利亚】Catit 2.0 Senses火球召回,纽扣电池可能未充分固定，因此产品中的纽扣电池可能很容易被拿到。如果幼童拿到纽扣电池并吞咽，可能会遭受内部烧伤，这可能会导致严重的疾病甚至死亡。此外，电池可能会对幼儿造成窒息危险。,小零件脱落,幼儿窒息,http://dpac.samr.gov.cn/xfpzh/xfpgwzh/adly/202106/t20210624_98582.html,,,,
148,6,儿童用品,2021/6/20,婴儿湿巾,澳大利亚,不详,【澳大利亚】Thankyou 厚软婴儿湿巾超值装召回,受影响的婴儿湿巾批次中带有受影响时间戳的湿巾在生产时没有使用防腐剂。因此，婴儿湿巾上可能会滋生霉菌。接触霉菌孢子内的青霉素可能会导致不良反应或健康并发症。这可能会给对青霉素过敏的人、免疫系统较弱的人或皮肤敏感的人（包括婴儿）造成风险。,易滋生霉菌,安全隐患,http://dpac.samr.gov.cn/xfpzh/xfpgwzh/adly/202106/t20210624_98583.html,,,,
149,6,儿童用品,2021/6/20,婴儿车,澳大利亚,不详,【澳大利亚】婴儿车召回,婴儿推车不符合强制性标准“婴儿车和婴儿推车消费产品安全标准（2007年第8号消费者保护公告，于2019年2月14日修订）”。婴儿车没有红色驻车制动执行器。如果产品不具备所需的安全功能，则产品可能无法正确使用，对儿童造成受伤风险。,安全功能不达标,儿童受伤,http://dpac.samr.gov.cn/xfpzh/xfpgwzh/adly/202106/t20210624_98584.html,,,,
150,6,家用电器,2021/6/20,电源板,澳大利亚,不详,【澳大利亚】独立开关电源板召回,黑色开关盖可能会断开并与产品分离，从而暴露带电部件。存在电击或触电导致死亡风险。,,触电、死亡,http://dpac.samr.gov.cn/xfpzh/xfpgwzh/adly/202106/t20210624_98585.html,,,,
151,6,交通用具 ,2021/6/20,自行车,澳大利亚,不详,【澳大利亚】Cube SL公路自行车召回,前制动适配器可能没有正确安装，这可能会导致刹车片随着时间的推移磨损增加，导致制动功率不足。如果在用户骑自行车时发生这种情况，则存在制动器可能无法提供足够的制动力并且可能发生严重受伤的风险。,制动功率不足,受伤,http://dpac.samr.gov.cn/xfpzh/xfpgwzh/adly/202106/t20210624_98586.html,,,,
