序号,产品类别,产品名称,品牌,产品规格/型号,生产厂家,使用对象年龄,使用对象性别,使用时是否有成人看护,是否有成人对其进行安全教育,是否能够认识到产品存在危害,第一次使用该产品或类似产品,使用环境,使用方式,爆炸危害,产品存在的二级危害因素,产品存在的三级危害因素,导致的伤害,伤害事件发生的时间,备注（事件概述）,事件链接
1,家用电器及电器附件,遥控器,无,无,无,不限年龄段,男女均可使用,否,否,否,否,正常使用环境,正确的使用方式,电气危害,电气爆炸,过热,财产损失,,电视遥控器凌晨发生爆炸，不仅后盖与遥控器分身，遥控器的主体也开裂成几部分，正面按键处也炸出了孔洞，客厅上方吊灯的一层灯罩平板也被震掉。,
2,家用电器及电器附件,空调,无,无,无,不限年龄段,男女均可使用,否,否,否,否,正常使用环境,正确的使用方式,电气危害,触电危害,漏电,财产损失,,武汉一居民家中空调柜机突然起火烧毁房屋。,
3,交通工具及相关产品,电动自行车,无,无,无,14～60岁,男女均可使用,否,是,是,否,正常使用环境,正确的使用方式,电气危害,电气爆炸,过热,财产损失,,南京一简易居民房私拉电线为电动车充电引发火灾。,
4,家用电器及电器附件,空调,无,无,无,不限年龄段,男女均可使用,否,否,否,否,正常使用环境,正确的使用方式,电气危害,触电危害,漏电,财产损失,,上海昭化路上的一处办公楼因空调起火发生火灾。,
5,家用电器及电器附件,抽油烟机,无,无,无,不限年龄段,男女均可使用,否,是,否,否,正常使用环境,正确的使用方式,机械危害,形状和表面性能危害,锐利边缘,财产损失,,重庆一市民家中抽油烟机正常工作中玻璃面板发生爆裂。,
6,儿童用品,磁力珠玩具,无,无,无,14岁及以下,男女均可使用,是,是,是,否,正常使用环境,可合理预见的误使用,警示标识缺失,形状和表面性能危害,光滑表面,胃肠道穿孔或阻塞,,长春一名20个月女童误吞8个磁力珠造成胃肠穿孔。,
7,文教体育用品,电动平衡车,无,无,无,不限年龄段,男女均可使用,否,是,是,否,正常使用环境,可合理预见的误使用,机械危害,动能危害,移动状态撞击,财产损失,,放在客厅的平衡车突然发出异响，随即冒出白色浓烟。在这之后的15秒内，这辆平衡车突然浓烟滚滚，继而剧烈爆炸，爆炸几乎波及整个客厅。,
8,日用杂品,暖宝宝,无,无,无,不限年龄段,男女均可使用,否,是,否,否,低温环境,正确的使用方式,高/低温物质危害,低温物质危害,低温表面,烫伤,,市民路边买的暖宝宝用后皮肤被烫伤，贴过暖宝宝的皮肤泛红，有好几处已经破皮。,
9,家用电器及电器附件,电热毯,无,无,无,不限年龄段,男女均可使用,否,是,是,否,低温环境,正确的使用方式,电气危害,触电危害,漏电,财产损失,,徐州有一户居民，就因为给猫用电热毯取暖引发了火灾，导致祖孙三人被困。,
10,家用电器及电器附件,抽油烟机,无,无,无,不限年龄段,男女均可使用,否,是,否,否,正常使用环境,正确的使用方式,机械危害,形状和表面性能危害,锐利边缘,财产损失,,抽油烟机的钢化玻璃爆裂，破碎的玻璃撒落一地，控制面板也因为爆炸而变形。,
11,儿童用品,磁力珠玩具,无,无,无,14岁及以下,男女均可使用,是,是,是,否,正常使用环境,可合理预见的误使用,警示标识缺失,形状和表面性能危害,光滑表面,胃肠道穿孔或阻塞,,（2岁和9岁）西安接连发生两起儿童在家玩耍时，不慎将数颗玩具磁力珠（又名巴克球）吞下导致的意外事件，险些造成肠梗阻。,
12,文教体育用品,修正带,无,无,无,不限年龄段,男女均可使用,否,否,否,否,正常使用环境,正确的使用方式,机械危害,形状和表面性能危害,小零件,呼吸道阻塞,,一个14岁的学生玩弄修正带时不慎误吞了修正带的盖帽，险些危及生命。,
13,家具及建筑装饰装修材料,淋浴房,无,无,无,不限年龄段,男女均可使用,否,否,否,否,高湿环境,正确的使用方式,机械危害,形状和表面性能危害,锐利边缘,财产损失,,海口市西海岸的欣·沐阳金色阳光温泉度假酒店一房间浴室玻璃门突然爆裂，飞溅的玻璃造成两位男童全身多处割伤。,
14,家具及建筑装饰装修材料,淋浴房,无,无,无,不限年龄段,男女均可使用,否,否,否,否,高湿环境,正确的使用方式,机械危害,形状和表面性能危害,锐利边缘,财产损失,,常州市民尹女士淋浴房玻璃突然破裂，万幸的是当时正好浴室无人，未发生伤人事件。,
15,交通工具及相关产品,电动自行车,无,无,无,14～60岁,男女均可使用,否,是,是,否,正常使用环境,正确的使用方式,电气危害,电气爆炸,散热不良,财产损失,,贵阳松花南路上，一辆电瓶车在行驶中突然冒烟自燃。,
16,交通工具及相关产品,电动自行车,无,无,无,14～60岁,男女均可使用,否,是,是,否,正常使用环境,正确的使用方式,电气危害,电气爆炸,散热不良,财产损失,,驾驶电动车在路上，电动车突然自燃起来。,
17,家用电器及电器附件,电暖器,无,无,无,不限年龄段,男女均可使用,否,是,是,否,正常使用环境,正确的使用方式,电气危害,触电危害,过热,死亡,,电取暖器引起火灾，一名保安因为吸入过量的有毒气体死亡。,
18,家用电器及电器附件,电热毯,无,无,无,不限年龄段,男女均可使用,否,是,是,否,低温环境,正确的使用方式,电气危害,触电危害,漏电,财产损失,,淮安区都市花园小区一居民出门时忘关电热毯。四个多小时后，当她回家时，房子已经被大火烧的面目全非。,
19,家用电器及电器附件,电暖器,无,无,无,不限年龄段,男女均可使用,否,是,是,否,正常使用环境,正确的使用方式,电气危害,触电危害,过热,财产损失,,深圳龙岗区横岗社区和兴巷一出租屋着火，经初步调查，起火原因系租客在取暖器上烘烤衣物导致。,
20,日用杂品,热水袋,无,无,无,不限年龄段,男女均可使用,否,是,是,否,低温环境,可合理预见的误使用,电气危害,电气爆炸,过热,烫伤,,一名5岁女孩放在被窝里的热水袋爆裂，全身35%被烫伤，属特重度烫伤。,
21,家用电器及电器附件,电暖器,无,无,无,不限年龄段,男女均可使用,否,是,是,否,正常使用环境,正确的使用方式,高/低温物质危害,高温物质危害,高温表面,烧伤,,7岁男童靠着取暖器看电视，突然觉得腿部一阵灼热，裤子竟然烧了起来。,
22,家用电器及电器附件,电吹风,无,无,无,不限年龄段,男女均可使用,否,是,是,否,正常使用环境,正确的使用方式,电气危害,触电危害,过热,烧伤,,一男子把电吹风放在被子里吹暖风，高温运作的电吹风将被子引燃，导致其被烧成了重伤。,
23,文教体育用品,书写笔,无,无,无,不限年龄段,男女均可使用,否,否,否,否,正常使用环境,正确的使用方式,机械危害,形状和表面性能危害,小零件,呼吸道阻塞,,十堰一名8岁女童误吞笔帽卡住支气管，反复咳嗽病引发肺部炎症，险造成气管阻塞。,
24,信息技术产品,移动电源,无,无,无,不限年龄段,男女均可使用,否,是,是,否,正常使用环境,正确的使用方式,电气危害,触电危害,漏电,财产损失,,南昌昌北国际机场一辆即将飞往泰国的航班上，因一名乘客携带充电宝登机，导致机舱起火，航班延误一小时。,
25,信息技术产品,移动电源,无,无,无,不限年龄段,男女均可使用,否,是,是,否,正常使用环境,可合理预见的误使用,电气危害,触电危害,漏电,财产损失,,青岛一市民将充电宝放在挎包中，未使用却发生自燃。,
26,交通工具及相关产品,电动自行车,无,无,无,14～60岁,男女均可使用,否,是,是,否,正常使用环境,正确的使用方式,电气危害,电气爆炸,散热不良,财产损失,,江西南昌街头一辆电动车在行驶途中突然发生火灾，起火的电动车瞬间引燃了后座的大量废纸壳，现场浓烟滚滚。,
27,信息技术产品,手机充电器,无,无,无,不限年龄段,男女均可使用,否,是,是,否,正常使用环境,正确的使用方式,电气危害,触电危害,漏电,烧伤,,清江浦区蓝岳学府小区一居民家因手机充电器燃烧引发大火，一人被烧伤。,
28,交通工具及相关产品,电动自行车,无,无,无,14～60岁,男女均可使用,否,是,是,否,正常使用环境,正确的使用方式,电气危害,电气爆炸,过热,财产损失,,郑州一小区发生火灾，火灾原因是17楼一住户在屋内给电动车充电引起。,
29,儿童用品,磁力珠玩具,无,无,无,14岁及以下,男女均可使用,是,是,是,否,正常使用环境,可合理预见的误使用,警示标识缺失,形状和表面性能危害,光滑表面,胃肠道穿孔或阻塞,,8岁男孩误吞50多颗直径约8毫米的钢珠和6枚直径约6毫米的吸铁石，造成肠壁坏死。,
30,家用电器及电器附件,电热水袋,无,无,无,不限年龄段,男女均可使用,否,是,是,否,低温环境,正确的使用方式,电气危害,电气爆照,过热,财产损失,,正在充电的热水袋突然爆炸，在热水袋发热装置的一侧，爆裂出一条大约20厘米长的口子。,
31,家用电器及电器附件,电热毯,无,无,无,不限年龄段,男女均可使用,否,是,是,否,低温环境,正确的使用方式,电气危害,触电危害,漏电,财产损失,,无锡一户电热毯起火引发火灾。,
32,日用杂品,暖宝宝,无,无,无,不限年龄段,男女均可使用,否,是,否,否,低温环境,正确的使用方式,高/低温物质危害,低温物质危害,低温表面,烫伤,,株洲一女子睡觉时把暖宝宝贴在了内衣上，另一面直接与皮肤接触，导致背部烫伤。,
33,家用电器及电器附件,电热水袋,无,无,无,不限年龄段,男女均可使用,否,是,是,否,低温环境,正确的使用方式,电气危害,电气爆照,过热,烫伤,,长沙市民将热水袋放在床边充电，突然，这个总共没用过几次的热水袋突然爆炸了。,
34,家用电器及电器附件,电热毯,无,无,无,不限年龄段,男女均可使用,否,是,是,否,低温环境,正确的使用方式,电气危害,触电危害,漏电,财产损失,,铜陵一住户离开家时因忘拔电热毯引发火灾。,
35,儿童用品,磁力珠玩具,无,无,无,14岁及以下,男女均可使用,是,是,是,否,正常使用环境,可合理预见的误使用,警示标识缺失,形状和表面性能危害,光滑表面,胃肠道穿孔或阻塞,,3岁男童误吞36枚磁珠，导致胃壁肠壁均有穿孔，危及生命。,
36,家用电器及电器附件,洗衣机,无,无,无,不限年龄段,男女均可使用,否,是,是,否,高湿环境,正确的使用方式,电气危害,电气爆炸,漏电,财产损失,,北京市西城区徐女士家中正在洗被套的洗衣机发生了爆炸，玻璃被震碎。,
37,交通工具及相关产品,电动自行车,无,无,无,14～60岁,男女均可使用,否,是,是,否,正常使用环境,正确的使用方式,电气危害,电气爆炸,过热,财产损失,,长沙市雨花区鑫天佳园小区5栋架空层处，一排正在充电的电动车突然起火，7辆电动车瞬间被烧成骨架。,
38,家用电器及电器附件,电暖器,无,无,无,不限年龄段,男女均可使用,否,是,是,否,正常使用环境,正确的使用方式,电气危害,触电危害,过热,烧伤,,电暖器引燃被子，一家9口人严重被烧伤。,
39,儿童用品,玩具枪,无,无,无,14岁及以下,男女均可使用,是,是,是,否,正常使用环境,可合理预见的误使用,机械危害,形状和表面性能危害,小零件,射伤,,河源有个小孩的眼睛被玩具枪打到，眼部伤情较为严重。,
40,家用电器及电器附件,燃气热水器,无,无,无,14～60岁,男女均可使用,否,是,是,否,正常使用环境,正确的使用方式,无机毒物危害,有毒气体危害,一氧化碳,中毒,,无锡一户人家，疑似因洗澡时通风不畅，屋内的四人出现燃气中毒症状。,
41,儿童用品,玩具手串,无,无,无,14岁及以下,男女均可使用,是,是,否,否,正常使用环境,正确的使用方式,机械危害,形状和表面性能危害,小零件,呼吸道阻塞,,毫州一9岁女童将塑料珠吸入了气管，堵住了整个气道。,
42,家用电器及电器附件,电热毯,无,无,无,不限年龄段,男女均可使用,否,是,是,否,低温环境,正确的使用方式,电气危害,触电危害,漏电,财产损失,,武汉一居民因家中电热毯发生短路导致火灾，两名八旬老人被困。,
43,儿童用品,玩具枪,无,无,无,14岁及以下,男女均可使用,是,是,是,否,正常使用环境,可合理预见的误使用,机械危害,形状和表面性能危害,小零件,射伤,,家住海州区万得园小区的9岁男孩小江在玩耍玩具枪时，一颗塑料子弹射出后，将伙伴的脸部击中导致受伤。,
44,信息技术产品,手机,无,无,无,不限年龄段,男女均可使用,否,否,否,否,正常使用环境,正确的使用方式,电气危害,电气爆炸,过热,财产损失,,手机连上电脑后突然发生自燃。,
45,信息技术产品,手机,无,无,无,不限年龄段,男女均可使用,否,否,否,否,正常使用环境,正确的使用方式,电气危害,电气爆炸,过热,财产损失,,广州海珠区沙园三街南一住宅民房6楼发生火灾。经调查， 事故原因是一名男子在家中床上充电引起。,
46,信息技术产品,激光笔,无,无,无,不限年龄段,男女均可使用,否,是,是,否,正常使用环境,正确的使用方式,辐射危害,射线辐射危害,激光辐射,视力受损,,男子买激光笔给孩子当玩具，孩子玩耍激光笔时光束照到了电暖片上，光线反射到男子的右眼，造成其视力严重下降。,
47,家用电器及电器附件,冰箱,无,无,无,不限年龄段,男女均可使用,否,否,否,否,正常使用环境,正确的使用方式,电气危害,电气爆炸,短路,财产损失,,广州市越秀区建设六马路青菜岗一民房发生火灾，着火面积约15平方米，主要燃烧床、被子等日常用品，起火原因初步认定为冰箱短路导致。,
48,交通工具及相关产品,电动自行车,无,无,无,14～60岁,男女均可使用,否,是,是,否,正常使用环境,正确的使用方式,电气危害,电气爆炸,短路,财产损失,,一名男子骑着电动车在行驶过程中，突然车座下冒烟，随后电动车烧了起来。据分析可能是因为线路短路或者漏电导致的。,
49,家用电器及电器附件,电暖器,无,无,无,不限年龄段,男女均可使用,否,是,是,否,正常使用环境,正确的使用方式,电气危害,触电危害,过热,财产损失,,南宁一小区住户家中发生火灾，起火位置在客厅，电视、空调、沙发等已被烧毁，可能是未关的电暖器引燃布艺沙发所致。,
50,交通工具及相关产品,电动自行车,无,无,无,14～60岁,男女均可使用,否,是,是,否,正常使用环境,正确的使用方式,电气危害,电气爆炸,铁芯发热,财产损失,,柳州一小区两辆电动自行车、一辆电动三轮车燃起大火，还波及到停在旁边的一辆轿车，起火的几辆电动车均未充电。,
51,文教体育用品,跑步机,无,无,无,不限年龄段,男女均可使用,否,是,是,否,正常使用环境,可合理预见的误使用,机械危害,形状和表面性能危害,部件空隙或开口,卡伤,,天津滨海新区一名小女孩在家中跑步机附近玩耍，不慎将腿部卡到跑步机前部盖板处。,
52,家具及建筑装饰装修材料,玻璃餐桌,无,无,无,不限年龄段,男女均可使用,否,是,是,否,正常使用环境,正确的使用方式,机械危害,形状和表面性能危害,锐利边缘,划伤,,餐桌上的玻璃转盘碎裂，客人手被割伤。,
53,家用电器及电器附件,洗衣机,无,无,无,不限年龄段,男女均可使用,否,是,是,否,高湿环境,正确的使用方式,电气危害,触电危害,漏电,卡伤,,山东枣庄一小女孩玩耍时被卡在洗衣机的甩水桶里。,
54,日用杂品,气球,无,无,无,不限年龄段,男女均可使用,否,否,是,否,正常使用环境,正确的使用方式,爆炸危害,气相爆炸危害,爆炸性气体,烧伤,,在陕西一家KTV，有人携带氢气球乘坐电梯，氢气球突然爆炸，6人被烧伤。,
55,儿童用品,磁力珠玩具,无,无,无,14岁及以下,男女均可使用,是,是,是,否,正常使用环境,可合理预见的误使用,警示标识缺失,形状和表面性能危害,光滑表面,胃肠道穿孔或阻塞,,4岁男童误吞20颗磁力珠，这些磁力珠互相吸引，造成男童肠穿孔。,
56,家用电器及电器附件,空调扇,无,无,无,不限年龄段,男女均可使用,否,否,否,否,正常使用环境,正确的使用方式,电气危害,触电危害,漏电,财产损失,,南昌市民通过网络广告购买的空调扇，买回来第二天便自燃烧毁了。,
57,家用电器及电器附件,燃气灶,无,无,无,14～60岁,男女均可使用,否,是,是,否,高温环境,可合理预见的误使用,机械危害,形状和表面性能危害,锐利边缘,财产损失,,荆门一市民家中正在准备午饭，燃气灶爆炸，玻璃渣四溅，台面一片狼藉。,
58,家用电器及电器附件,电暖器,无,无,无,不限年龄段,男女均可使用,否,是,是,否,正常使用环境,正确的使用方式,电气危害,触电危害,过热,财产损失,,信阳一市民离开家时未关电暖器，电暖气引燃客厅内可燃物，客厅被烧成废墟。,
59,儿童用品,磁力珠玩具,无,无,无,14岁及以下,男女均可使用,是,是,是,否,正常使用环境,可合理预见的误使用,警示标识缺失,形状和表面性能危害,光滑表面,胃肠道穿孔或阻塞,,7岁男童误吞11粒磁铁玩具，造成肠梗阻。,
60,家用电器及电器附件,暖风机,无,无,无,不限年龄段,男女均可使用,否,是,是,否,正常使用环境,正确的使用方式,电气危害,电气爆炸,过热,财产损失,,九江一市民晚上睡觉前在大厅的暖风机未关，把旁边沙发家具引发的起火。,
61,家用电器及电器附件,抽油烟机,无,无,无,不限年龄段,男女均可使用,否,是,否,否,正常使用环境,正确的使用方式,电气危害,电气爆炸,短路,财产损失,,抽油烟机深夜发生爆炸，屋子里布满烟尘。,
62,文教体育用品,电动平衡车,无,无,无,不限年龄段,男女均可使用,否,是,是,否,正常使用环境,可合理预见的误使用,机械危害,动能危害,移动状态撞击,财产损失,,杭州一家三口外出看电影，走的时候忘记把使用了两三年的两轮平衡车充电电源拔除，结果导致火灾。,
63,家用电器及电器附件,燃气热水器,无,无,无,14～60岁,男女均可使用,否,是,是,否,正常使用环境,正确的使用方式,无机毒物危害,有毒气体危害,一氧化碳,中毒,,武汉居民沈女士一家3口在密闭的房间内洗澡，均出现一氧化碳煤气中毒症状，命悬一线。,
64,家用电器及电器附件,电热毯,无,无,无,不限年龄段,男女均可使用,否,是,是,否,低温环境,正确的使用方式,电气危害,触电危害,漏电,烫伤,,55岁的刘女士插着电热毯边制热边睡觉，未料电热毯突然短路闪出电火花引燃被子，导致其双脚特别是左脚严重烧烫伤。,
65,卫生用品,鞋面防水剂,无,无,无,不限年龄段,男女均可使用,否,是,否,否,正常使用环境,正确的使用方式,有机毒物,有毒杂环类化合物,化学危害,中毒,,成都23岁梁先生使用鞋面防水剂清洁鞋子时，突然剧烈咳嗽呼吸急促。随后，他被朋友送入医院，被诊断为“氟化合物中毒”,
66,家用电器及电器附件,电热毯,无,无,无,不限年龄段,男女均可使用,否,是,是,否,低温环境,正确的使用方式,电气危害,触电危害,漏电,财产损失,,住户离开家时忘记关掉床上正在工作的电热毯，导致家中发生火灾。,
67,家具及建筑装饰装修材料,淋浴房,无,无,无,不限年龄段,男女均可使用,否,否,否,否,高湿环境,正确的使用方式,机械危害,形状和表面性能危害,锐利边缘,财产损失,,扬州一住户家中卫生间玻璃凌晨4点突然发生爆裂，玻璃碎块撒落在地面上。,
68,交通工具及相关产品,电动自行车,无,无,无,14～60岁,男女均可使用,否,是,是,否,正常使用环境,正确的使用方式,电气危害,电气爆炸,过热,财产损失,,法华镇路上一小区发生一起火灾事故，起火原因疑为电瓶车在充电时发生起火。,
69,家用电器及电器附件,燃气灶,无,无,无,14～60岁,男女均可使用,否,是,是,否,高温环境,可合理预见的误使用,电气危害,电气爆炸,过热,炸伤,,芜湖市民做晚饭时，抽油烟机突然发生爆炸，导致其脸部被划伤、腿部淤青，厨房的家具被毁坏，窗玻璃被震碎等情况。售后服务人员上门查看后认为是燃气灶爆炸导致的抽油烟机被震碎。消费者认为是燃气灶的质量问题，售后、商家认为燃气灶质量没问题，是消费者使用不当。,
70,家用电器及电器附件,空调,无,无,无,不限年龄段,男女均可使用,否,否,否,否,正常使用环境,正确的使用方式,电气危害,触电危害,漏电,财产损失,,合肥市华山路与长沙路交口在建小区葛洲坝中国府空调外机失火。,
71,交通工具及相关产品,电动自行车,无,无,无,14～60岁,男女均可使用,否,是,是,否,正常使用环境,正确的使用方式,电气危害,电气爆炸,散热不良,财产损失,,3月12日下午，开封市天马广场一电动车行驶中突然起火，冒出滚滚浓烟。,
72,交通工具及相关产品,电动自行车,无,无,无,14～60岁,男女均可使用,否,是,是,否,正常使用环境,正确的使用方式,电气危害,电气爆炸,铁芯发热,财产损失,,南宁市印务中心对面的绿园小区电车棚发生火灾，火势蔓延极快。仅20分钟，棚内所有电动车被烧毁，还有十几部汽车也被烤烂车灯或车尾、车头盖，损失惨重。,
73,交通工具及相关产品,电动自行车,无,无,无,14～60岁,男女均可使用,否,是,是,否,正常使用环境,正确的使用方式,电气危害,电气爆炸,铁芯发热,财产损失,,郑州中岳大厦小区东车棚电动车失火，有居民称，大概40辆电动车被烧火势顺楼向上，烧裂多户居家玻璃。,
74,交通工具及相关产品,电动自行车,无,无,无,14～60岁,男女均可使用,否,是,是,否,正常使用环境,正确的使用方式,电气危害,电气爆炸,过热,财产损失,,西安城北一小区发生电动车充电引发的火灾，三辆电动车被烧毁，部分住宅窗户及外挂空调机箱被烧坏。,
75,儿童用品,玩具车,无,无,无,14岁及以下,男女均可使用,是,是,否,否,正常使用环境,正确的使用方式,机械危害,形状和表面性能危害,部件空隙或开口,卡伤,,一名2岁男童在家中玩玩具车时，不小心把手指卡进玩具车的轮子里。,
76,交通工具及相关产品,电动自行车,无,无,无,14～60岁,男女均可使用,否,是,是,否,正常使用环境,正确的使用方式,电气危害,电气爆炸,过热,财产损失,,开封市一小区突发大火，着火点在三楼外两个单元中间。火灾是由于电动车违规停放在楼梯间进行充电引起，加上楼梯间的“烟囱”效应，火势迅速蔓延，两三分钟就从3楼烧到了顶楼17楼。,
77,交通工具及相关产品,电动自行车电池,无,无,无,14～60岁,男女均可使用,否,是,是,否,正常使用环境,正确的使用方式,电气危害,电气爆炸,过热,财产损失,,起火原因是业主将电动车手提式电瓶拿回家充电，引发发生火灾。,
78,儿童用品,磁力珠玩具,无,无,无,14岁及以下,男女均可使用,是,是,是,否,正常使用环境,可合理预见的误使用,警示标识缺失,形状和表面性能危害,光滑表面,胃肠道穿孔或阻塞,,内蒙古一名2岁女童误吞了18颗磁力珠，险造成胃穿孔。,
79,儿童用品,磁力珠玩具,无,无,无,14岁及以下,男女均可使用,是,是,是,否,正常使用环境,可合理预见的误使用,警示标识缺失,形状和表面性能危害,光滑表面,胃肠道穿孔或阻塞,,周口一名男童吞下了13颗磁力珠，珠子在体内连成一个“镯子”，并造成肠穿孔。,
80,交通工具及相关产品,电动自行车,无,无,无,14～60岁,男女均可使用,否,是,是,否,正常使用环境,正确的使用方式,电气危害,电气爆炸,过热,财产损失,,小区一辆电动车疑似在充电时发生自燃，并引燃了一旁的其他几辆电动车。,
81,家用电器及电器附件,插线板,无,无,无,不限年龄段,男女均可使用,否,是,是,否,正常使用环境,可合理预见的误使用,电气危害,触电危害,短路,烧伤,,插线板老化引起房屋起火，3岁女童被烧伤。,
82,家用电器及电器附件,电热护腰,无,无,无,不限年龄段,男女均可使用,否,是,是,否,正常使用环境,正确的使用方式,电气危害,电气爆照,过热,财产损失,,上海一小区住户家中的一个护腰正在充电、充电过程中发生起火。,
83,家用电器及电器附件,纽扣电池,无,无,无,14岁及以下,男女均可使用,否,是,是,否,正常使用环境,正确的使用方式,机械危害,形状和表面性能危害,小零件,胃肠道穿孔或阻塞,,乐山一名不满一岁的幼儿误吞一枚直径约2公分大的纽扣电池，卡在了食管入口处。 ,
84,交通工具及相关产品,电动自行车,无,无,无,14～60岁,男女均可使用,否,是,是,否,正常使用环境,正确的使用方式,电气危害,电气爆炸,过热,财产损失,,瑞安安阳街道一民房突发大火，一时间楼内浓烟滚滚，而“元凶”竟是该住户在屋内违规充电的电动车。,
85,交通工具及相关产品,电动自行车,无,无,无,14～60岁,男女均可使用,否,是,是,否,正常使用环境,正确的使用方式,电气危害,电气爆炸,铁芯发热,财产损失,,上海一辆电动车停放在路口时起火自燃。,
86,交通工具及相关产品,电动自行车,无,无,无,14～60岁,男女均可使用,否,是,是,否,正常使用环境,正确的使用方式,电气危害,电气爆炸,过热,财产损失,,三亚一辆正在充电的电动车突然起火，18人被困。,
87,家用电器及电器附件,燃气热水器,无,无,无,14～60岁,男女均可使用,否,是,是,否,正常使用环境,正确的使用方式,无机毒物危害,有毒气体危害,一氧化碳,中毒,,南宁一名女子洗澡时出现一氧化碳中毒。,
88,家具及建筑装饰装修材料,淋浴房,无,无,无,不限年龄段,男女均可使用,否,否,否,否,高湿环境,正确的使用方式,机械危害,形状和表面性能危害,锐利边缘,划伤,,泉州一酒店浴室玻璃门突然碎裂，造成房客身上多处划伤。,
89,家用电器及电器附件,洗衣机,无,无,无,不限年龄段,男女均可使用,否,是,是,否,高湿环境,正确的使用方式,电气危害,触电危害,漏电,卡伤,,一名3岁的女童在玩耍时，跳进自家放在卫生间里洗衣机的滚桶里，被紧紧卡住。,
90,儿童用品,磁力珠玩具,无,无,无,14岁及以下,男女均可使用,是,是,是,否,正常使用环境,可合理预见的误使用,警示标识缺失,形状和表面性能危害,光滑表面,胃肠道穿孔或阻塞,,一名1岁半的男童误吞了14颗磁力珠，造成肠管多处穿孔，部分膀胱肌层也遭压迫受损。,
91,家用电器及电器附件,电暖宝,彩虹牌,无,无,不限年龄段,男女均可使用,否,是,是,否,低温环境,正确的使用方式,高/低温物质危害,高温物质危害,高温表面,烫伤,,衡阳市民董小姐向三湘都市报记者投诉称，在正常使用“彩虹牌”电热饼过程中，全身有3处被烫伤。,
92,家用电器及电器附件,电热毯,无,无,无,不限年龄段,男女均可使用,否,是,是,否,低温环境,正确的使用方式,电气危害,触电危害,漏电,财产损失,,淮安一小区居民家打开电热毯后离开，因温度过高引发大火。,
93,交通工具及相关产品,电动自行车,无,无,无,14～60岁,男女均可使用,否,是,是,否,正常使用环境,正确的使用方式,电气危害,电气爆炸,过热,财产损失,,黄埔区沙浦村一男子夜里醒来发现自家大厅电动车充电位置有明火。因火势太大，男子只能报火警。很快消防员赶到将大火扑灭。,
94,儿童用品,磁力珠玩具,无,无,无,14岁及以下,男女均可使用,是,是,是,否,正常使用环境,可合理预见的误使用,警示标识缺失,形状和表面性能危害,光滑表面,胃肠道穿孔或阻塞,,8岁男童误吞4颗磁力珠，差点胃穿孔大出血，危及生命。,
95,信息技术产品,手机,无,无,无,不限年龄段,男女均可使用,否,否,否,否,正常使用环境,正确的使用方式,电气危害,电气爆炸,过热,财产损失,,天津一市民把手机放在外套口袋里发生自燃，衣服被烧坏，口袋里的手表和车钥匙也有不同程度损坏。,
96,家用电器及电器附件,洗衣机,无,无,无,不限年龄段,男女均可使用,否,是,是,否,高湿环境,正确的使用方式,电气危害,触电危害,漏电,卡伤,,一名3岁小男孩腰部以下被卡在洗衣机甩干桶内。,
97,儿童用品,蘑菇钉板,无,无,无,14岁及以下,男女均可使用,是,是,否,否,正常使用环境,正确的使用方式,机械危害,形状和表面性能危害,锐利边缘,划伤,,中牟一名1岁11个月的孩子，在家玩玩具的时候，摔倒时不小心“蘑菇钉”钉板扎在了头上。,
98,儿童用品,磁力珠玩具,无,无,无,14岁及以下,男女均可使用,是,是,是,否,正常使用环境,可合理预见的误使用,警示标识缺失,形状和表面性能危害,光滑表面,胃肠道穿孔或阻塞,,佛冈一名一岁多的小男孩误吞了六颗巴克球，2颗卡在食道引起呕吐，4颗在胃肠险造成肠穿孔。,
99,交通工具及相关产品,电动自行车,无,无,无,14～60岁,男女均可使用,否,是,是,否,正常使用环境,正确的使用方式,电气危害,电气爆炸,过热,财产损失,,一辆电动车在楼道充电时发生自燃，引发单元楼火灾。,
100,家用电器及电器附件,空调,无,无,无,不限年龄段,男女均可使用,否,否,否,否,正常使用环境,正确的使用方式,电气危害,触电危害,漏电,财产损失,,南通一市民家中空调外机突然自燃，幸亏邻居发现报警，消防队赶来才把火扑灭。,
101,儿童用品,磁力珠玩具,无,无,无,14岁及以下,男女均可使用,是,是,是,否,正常使用环境,可合理预见的误使用,警示标识缺失,形状和表面性能危害,光滑表面,财产损失,,一名韩城的3岁小男孩误吞了7颗磁力珠，造成胃肠12处穿孔。,
102,交通工具及相关产品,电动自行车,无,无,无,14～60岁,男女均可使用,否,是,是,否,正常使用环境,正确的使用方式,电气危害,电气爆炸,散热不良,财产损失,,一名男子驾驶一辆电动自行车行驶过程中，突然车辆冒烟，随即起火，短短几分钟内烧毁。,
103,交通工具及相关产品,电动三轮车,无,无,无,14～60岁,男女均可使用,否,是,是,否,正常使用环境,正确的使用方式,电气危害,电气爆炸,过热,财产损失,,南京市民康女士在家给电动三轮车的电瓶充电时，电瓶突然在夜里爆炸引起了火灾，家中损失惨重。,
104,信息技术产品,蓝牙耳机,无,无,无,不限年龄段,男女均可使用,否,是,否,否,正常使用环境,正确的使用方式,电气危害,触电危害,漏电,财产损失,,租客给蓝牙耳机充电，由于耳机放在被子里过烫，引发了火灾。,
105,家用电器及电器附件,空调,无,无,无,不限年龄段,男女均可使用,否,否,否,否,正常使用环境,正确的使用方式,电气危害,触电危害,漏电,财产损失,,杭州市民家中三菱柜式空调起火爆炸，导致用户家中损失达百万。,
106,交通工具及相关产品,电动自行车,无,无,无,14～60岁,男女均可使用,否,是,是,否,正常使用环境,正确的使用方式,电气危害,电气爆炸,过热,财产损失,,中山一小区住户家中因电动车充电引发火灾，房屋被烧毁。,
107,交通工具及相关产品,电动自行车,无,无,无,14～60岁,男女均可使用,否,是,是,否,正常使用环境,正确的使用方式,电气危害,电气爆炸,散热不良,财产损失,,苏州市民刘先生骑电动车经过人民桥时，车尾突然浓烟滚滚着火了。,
108,家用电器及电器附件,洗衣机,无,无,无,不限年龄段,男女均可使用,否,是,是,否,高湿环境,正确的使用方式,电气危害,触电危害,漏电,财产损失,,洗衣机买来不到3个月无故爆炸起火，卫生间的墙面被熏得焦黑，洗衣机几乎只剩下一个框架，连门上的玻璃都被炸得四处飞溅。,
109,家用电器及电器附件,抽油烟机,无,无,无,不限年龄段,男女均可使用,否,是,否,否,正常使用环境,正确的使用方式,机械危害,形状和表面性能危害,锐利边缘,财产损失,,绵阳市民做完饭刚关掉油烟机，玻璃面板就炸裂了。,
110,交通工具及相关产品,电动自行车,无,无,无,14～60岁,男女均可使用,否,是,是,否,正常使用环境,正确的使用方式,电气危害,电气爆炸,短路,财产损失,,疑因货厢上电动车线路电池短路，造成一辆轻型货车在高速公路行驶过程中突然起火。,
111,交通工具及相关产品,电动自行车,无,无,无,14～60岁,男女均可使用,否,是,是,否,正常使用环境,正确的使用方式,电气危害,电气爆炸,过热,财产损失,,北京朝阳区一所平房发生火灾，致4名外卖员重度烧伤，火灾疑因电动自行车电瓶充电引发。,
112,文教体育用品,书写笔,无,无,无,不限年龄段,男女均可使用,否,否,否,否,正常使用环境,正确的使用方式,机械危害,形状和表面性能危害,小零件,呼吸道阻塞,,9岁男孩不慎将含在嘴里的笔帽吞入，堵住了支气管，出现了发烧、咳嗽、呼吸困难、口唇发紫等症状。,
113,交通工具及相关产品,电动自行车,无,无,无,14～60岁,男女均可使用,否,是,是,否,正常使用环境,正确的使用方式,电气危害,电气爆炸,过热,财产损失,,平山阳光花园着火了，殃及一楼住户及一辆本田SUV和数辆自行车，网友猜测起火原因是电动车充电不当。,
114,儿童用品,磁铁,无,无,无,14岁及以下,男女均可使用,是,是,是,否,正常使用环境,正确的使用方式,机械危害,形状和表面性能危害,小零件,胃肠道穿孔或阻塞,,6岁男童误吞3颗磁铁造成持续腹痛，医生检查发现孩子有一段小肠和大肠粘连并且水肿，并已造成肠穿孔。,
115,交通工具及相关产品,电动车充电柜,无,无,无,14～60岁,男女均可使用,否,是,是,否,正常使用环境,正确的使用方式,电气危害,电气爆炸,过热,财产损失,,近日朝阳区十里河桥西左安路2号顺丰速运门口电动车充电柜起火。,
116,文教体育用品,风筝线,无,无,无,不限年龄段,男女均可使用,否,否,是,否,正常使用环境,正确的使用方式,机械危害,形状和表面性能危害,绳索及类似物,划伤,,山东一名4岁女童奔跑时不小心撞上风筝线，脖子被划伤。,
117,信息技术产品,手机,无,无,无,不限年龄段,男女均可使用,否,否,否,否,正常使用环境,正确的使用方式,电气危害,电气爆炸,过热,烧伤,,福建市民家中手机充电起火引燃床铺，夫妻两人被烧伤，其中一人脖子、下颌和双臂还是多处烧烫伤，烧伤面积超过了20%。,
118,交通工具及相关产品,电动自行车,无,无,无,14～60岁,男女均可使用,否,是,是,否,正常使用环境,正确的使用方式,电气危害,电气爆炸,过热,财产损失,,中山市一户居民家中正在充电的电动车电池发生爆炸，随即起火。,
119,交通工具及相关产品,电动自行车,无,无,无,14～60岁,男女均可使用,否,是,是,否,正常使用环境,正确的使用方式,电气危害,电气爆炸,过热,财产损失,,南京市民在车棚和楼道里给电动车充电导致两起火灾。,
120,家用电器及电器附件,洗衣机,无,无,无,不限年龄段,男女均可使用,否,是,是,否,高湿环境,正确的使用方式,电气危害,电气爆炸,过热,财产损失,,临沂市民家里的洗衣机运转中突然起火，底部被烧焦。,
121,交通工具及相关产品,电动自行车,无,无,无,14～60岁,男女均可使用,否,是,是,否,正常使用环境,正确的使用方式,电气危害,电气爆炸,铁芯发热,财产损失,,漯河市一栋四层高独家小院内，五六辆电动车着火。,
122,交通工具及相关产品,电动自行车,无,无,无,14～60岁,男女均可使用,否,是,是,否,正常使用环境,正确的使用方式,电气危害,电气爆炸,过热,财产损失,,泊头市泊镇堤口张村的两间活动板房突然起火，消防人员初步断定，是一辆正在充电的电动车引燃了板房。,
123,儿童用品,磁力珠玩具,无,无,无,14岁及以下,男女均可使用,是,是,是,否,正常使用环境,可合理预见的误使用,警示标识缺失,形状和表面性能危害,光滑表面,胃肠道穿孔或阻塞,,盐城一名5岁男孩误吞了4颗小磁珠，医生在给孩子做手术时发现，孩子已经出现了胃穿孔的症状。,
124,交通工具及相关产品,电动自行车,无,无,无,14～60岁,男女均可使用,否,是,是,否,正常使用环境,正确的使用方式,电气危害,电气爆炸,过热,财产损失,,抚州市一小区旁有一店铺发生火灾，由于店铺内有近十辆电动车，整个室内浓烟滚滚，疑似为电动车电瓶充电时着火引起了火灾。,
125,家用电器及电器附件,电暖器,无,无,无,不限年龄段,男女均可使用,否,是,是,否,正常使用环境,正确的使用方式,电气危害,电气爆炸,过热,财产损失,,方山县城一户居民家中起火，起火原因是家里卧室床旁边的电暖器引燃了床单。,
126,家用电器及电器附件,洗衣机,无,无,无,不限年龄段,男女均可使用,否,是,是,否,高湿环境,正确的使用方式,电气危害,触电危害,漏电,卡伤,,一名3岁男童玩耍时被卡在洗衣机甩干桶里。,
127,家用电器及电器附件,燃气热水器,无,无,无,14～60岁,男女均可使用,否,是,是,否,正常使用环境,正确的使用方式,无机毒物危害,有毒气体危害,一氧化碳,烧伤,,四川成都一男子在屋内打开燃气热水器时，突然发生炸响，紧接着火焰从热水器顶端涌出，男子头部被烧伤。,
128,信息技术产品,移动电源,无,无,无,不限年龄段,男女均可使用,否,是,是,否,正常使用环境,可合理预见的误使用,电气危害,触电危害,漏电,财产损失,,浙江金华某加油站，一辆轿车内充电宝不明原因自燃。,
129,家用电器及电器附件,空调,无,无,无,不限年龄段,男女均可使用,否,否,否,否,正常使用环境,正确的使用方式,电气危害,触电危害,漏电,财产损失,,哈尔滨市会展城上城小区一高层外挂空调机突然冒烟。,
130,交通工具及相关产品,电动自行车,无,无,无,14～60岁,男女均可使用,否,是,是,否,正常使用环境,正确的使用方式,电气危害,电气爆炸,过热,财产损失,,靖江市一小区一辆电动车在充电时发生火灾，黑烟伴着明火窜出，电动车迅速燃烧，浓烟滚滚。,
131,儿童用品,挖沙玩具勺,无,无,无,14岁及以下,男女均可使用,是,是,否,否,正常使用环境,正确的使用方式,机械危害,形状和表面性能危害,部件空隙或开口,卡伤,,男童右手的食指被卡在一个挖沙玩具勺的挂圈内，红肿严重。,
132,家用电器及电器附件,洗衣机,无,无,无,不限年龄段,男女均可使用,否,是,是,否,高湿环境,正确的使用方式,电气危害,触电危害,漏电,卡伤,,铜仁市一小区一名1岁左右的男婴被卡在洗衣机里无法动弹。,
133,家用电器及电器附件,遥控器,无,无,无,不限年龄段,男女均可使用,否,否,否,否,正常使用环境,正确的使用方式,机械危害,形状和表面性能危害,小零件,胃肠道穿孔或阻塞,,两名儿童误吞遥控器中的纽扣电池，造成食道腐蚀伤。,
134,信息技术产品,移动电源,无,无,无,不限年龄段,男女均可使用,否,是,是,否,正常使用环境,可合理预见的误使用,电气危害,触电危害,漏电,财产损失,,南开大学一名学生在食堂用餐时，书包突然冒出一阵白烟，短短3秒后，书包竟“嘭”地爆发出火焰，并迅速燃烧，后来发现是书包里的罗马仕牌充电宝发生了自燃并产生爆炸。,
135,家用电器及电器附件,空调,无,无,无,不限年龄段,男女均可使用,否,否,否,否,正常使用环境,正确的使用方式,电气危害,触电危害,漏电,财产损失,,百色一小区住户已有近两个月没回家里了，房屋发生火灾，燃烧物质为放置在客厅内的落地式空调机。,
136,信息技术产品,移动电源,无,无,无,不限年龄段,男女均可使用,否,是,是,否,正常使用环境,可合理预见的误使用,电气危害,触电危害,漏电,财产损失,,买了两年半的罗马仕充电宝，在宿舍晚上睡觉前放在床上，没有处于工作状态，睡了之后半夜一点半左右发生自燃，连带被子，床单，窗帘一起着火，虽然及时扑灭仍造成严重损失。,
137,家用电器及电器附件,洗衣机,无,无,无,不限年龄段,男女均可使用,否,是,是,否,高湿环境,正确的使用方式,电气危害,触电危害,漏电,卡伤,,信阳一名男童不慎将右手拇指插进洗衣机门与机体的缝隙，由于门的转动将小孩手指卡住并不停的流血。,
138,家用电器及电器附件,冰箱,无,无,无,不限年龄段,男女均可使用,否,否,否,否,正常使用环境,正确的使用方式,电气危害,电气爆炸,过热,财产损失,,广西一村民家中的冰箱突然着火，冒出大量呛人的浓烟。,
139,信息技术产品,激光笔,无,无,无,不限年龄段,男女均可使用,否,是,是,否,正常使用环境,正确的使用方式,辐射危害,射线辐射危害,激光辐射,视力受损,,长沙市岳麓区的9岁男孩小乐在玩耍时被小朋友用激光笔照过自己的眼睛，视力降至0.2。,
140,信息技术产品,手机,无,无,无,不限年龄段,男女均可使用,否,否,否,否,正常使用环境,正确的使用方式,电气危害,电气爆炸,过热,财产损失,,网友购买的小米9透明版充电的时候发生自燃，辛亏拔的及时，但是充电线头已经烧红，手机充电孔已经烧变形了。,
141,交通工具及相关产品,电动自行车,无,无,无,14～60岁,男女均可使用,否,是,是,否,正常使用环境,正确的使用方式,电气危害,电气爆炸,过热,财产损失,,洛阳一小区一辆电动车充电时起火，并引燃旁边几辆自行车和1楼一居民家的窗户，一辆白色越野车车头左侧车灯位置被烤坏。,
142,信息技术产品,手机充电器,无,无,无,不限年龄段,男女均可使用,否,是,是,否,正常使用环境,可合理预见的误使用,电气危害,触电危害,漏电,财产损失,,西安一小区住户家中起火，据附近居民反映，疑似是手机充电导致的起火，住户去送孩子上学，出门前没有拔掉手机充电器。,
143,家用电器及电器附件,洗衣机,无,无,无,不限年龄段,男女均可使用,否,是,是,否,高湿环境,正确的使用方式,电气危害,触电危害,漏电,卡伤,,亳州涡阳，一3岁男童玩耍时被卡在洗衣机滚筒内。,
144,信息技术产品,手机,华为,无,无,不限年龄段,男女均可使用,否,否,否,否,正常使用环境,正确的使用方式,电气危害,电气爆炸,过热,财产损失,,网友投诉华为手机质量堪忧，电池鼓包，差一点爆炸危害安全。,
145,家用电器及电器附件,空调,志高,无,无,不限年龄段,男女均可使用,否,否,否,否,正常使用环境,正确的使用方式,电气危害,触电危害,漏电,财产损失,,用户在苏宁易购平台上购买了一台志高空调，使用了一年后突然无故着火。,
146,家用电器及电器附件,抽油烟机,苏泊尔,无,无,不限年龄段,男女均可使用,否,是,否,否,正常使用环境,正确的使用方式,机械危害,形状和表面性能危害,锐利边缘,财产损失,,用户从京东苏泊尔旗舰店买的苏泊尔抽油烟机玻璃板面爆炸了，还在保修期内，用户认为是重大质量问题。,
147,交通工具及相关产品,电动自行车,无,无,无,14～60岁,男女均可使用,否,是,是,否,正常使用环境,正确的使用方式,电气危害,电气爆炸,铁芯发热,死亡,,广西师范大学漓江学院对面的一间民房1楼的楼梯间有电动车起火，冒出浓烟。因起火点刚好在楼梯间，导致楼上数十名居住人员被困。火灾造成5死38伤。,
148,交通工具及相关产品,电动自行车,无,无,无,14～60岁,男女均可使用,否,是,是,否,正常使用环境,正确的使用方式,电气危害,电气爆炸,散热不良,财产损失,,淄博市民骑着电动自行车去上班，突然电动车电瓶位置传来噼啪响声，紧接着就冒出浓烟，着起火来。,
149,家具及建筑装饰装修材料,玻璃旋转门,无,无,无,不限年龄段,男女均可使用,否,是,是,否,正常使用环境,可合理预见的误使用,机械危害,潜在能量危害,部件空隙或开口,死亡,,湖南邵阳一名3岁半的小男孩在玻璃门边玩耍，头伸门缝不慎被卡身亡。,
150,儿童用品,磁力珠玩具,无,无,无,14岁及以下,男女均可使用,是,是,是,否,正常使用环境,可合理预见的误使用,警示标识缺失,形状和表面性能危害,光滑表面,胃肠道穿孔或阻塞,,一名2岁7个月男童误吞了15颗高磁力的巴克球，致小肠穿孔。,
151,儿童用品,玩具气球,无,无,无,14岁及以下,男女均可使用,是,是,否,否,正常使用环境,正确的使用方式,爆炸危害,气相爆炸危害,爆炸性气体,死亡,,2岁男童在玩气球时，气球突然在脸前爆裂，碎片飞进嘴里卡住了气管，孩子被送到医院时已不治身亡。,
152,家用电器及电器附件,剃须刀,无,无,无,不限年龄段,男,否,是,是,否,正常使用环境,正确的使用方式,电气危害,触电危害,短路,财产损失,,户主用插线板给剃须刀充电，电器短路引燃床铺。,
153,信息技术产品,手机,无,无,无,不限年龄段,男女均可使用,否,否,否,否,正常使用环境,正确的使用方式,电气危害,电气爆炸,过热,财产损失,,卧室里放着的手机突然爆炸，产生的火焰迅速点燃了床单引发大火。,
154,信息技术产品,移动电源,无,无,无,不限年龄段,男女均可使用,否,是,是,否,正常使用环境,可合理预见的误使用,电气危害,触电危害,漏电,财产损失,,中山一农庄放在前台的街电柜式共享充电宝冒烟起火，导致农庄火灾。,
155,儿童用品,玩具气球,无,无,无,14岁及以下,男女均可使用,是,是,否,否,正常使用环境,正确的使用方式,爆炸危害,气相爆炸危害,爆炸性气体,烧伤,,王女士在街上给五岁的儿子花了十块钱买了一个恐龙造型的气球，在商场内乘坐扶梯时突然燃烧了起来，燃烧后的气球的残留物，还在孩子的身上继续燃烧，导致孩子的面部手臂以及身上发生不同程度的烧伤。,
156,儿童用品,玩具气球,无,无,无,14岁及以下,男女均可使用,是,是,否,否,正常使用环境,正确的使用方式,爆炸危害,气相爆炸危害,爆炸性气体,炸伤,,河南洛阳的一名6岁女孩在给气球充气时，气球突然“砰”的一声发生爆炸，左眼被爆炸的气球击得睁不了眼，且左眼发红发肿。,
157,信息技术产品,移动电源,无,无,无,不限年龄段,男女均可使用,否,是,是,否,正常使用环境,可合理预见的误使用,电气危害,触电危害,漏电,财产损失,,网友称自己买了两年的小米充电宝突然无故自燃爆炸，事发当时充电宝不在使用状态，就放在桌面上，结果连桌子都被烧坏了。,
158,家用电器及电器附件,便携式电瓶,无,无,无,14～60岁,男女均可使用,否,是,是,否,正常使用环境,正确的使用方式,电气危害,电气爆炸,过热,烧伤,,杭州一小区三楼一户人家起火，一老人受伤，火灾原因初步判断是电瓶充电引起。,
159,家用电器及电器附件,便携式电瓶,无,无,无,14～60岁,男女均可使用,否,是,是,否,正常使用环境,正确的使用方式,电气危害,电气爆炸,过热,财产损失,,贵阳一市民在给自己的便携式电瓶充电时，发现电瓶竟膨胀了起来，他赶紧将电瓶放到卫生间去，但电瓶仍然发生爆炸并引发火灾。,
160,家用电器及电器附件,洗衣机,无,无,无,不限年龄段,男女均可使用,否,是,是,否,高湿环境,正确的使用方式,电气危害,触电危害,漏电,卡伤,,山东一名3岁男孩卡在了洗衣机甩干桶里，怎么也出不来了。,
161,文教体育用品,书写笔,无,无,无,不限年龄段,男女均可使用,否,否,否,否,正常使用环境,正确的使用方式,机械危害,形状和表面性能危害,小零件,呼吸道阻塞,,青岛一名16岁男孩不慎吸入笔帽，之后就出现胸痛、胸闷的症状。,
162,交通工具及相关产品,电动自行车,无,无,无,14～60岁,男女均可使用,否,是,是,否,正常使用环境,正确的使用方式,电气危害,电气爆炸,铁芯发热,财产损失,,一辆停放在楼房架空层里的电动车起火，事发时这辆电动车处于熄火未充电状态。,
163,信息技术产品,移动电源,无,无,无,不限年龄段,男女均可使用,否,是,是,否,正常使用环境,可合理预见的误使用,电气危害,触电危害,漏电,财产损失,,广州地铁3号线开往番禺广场方向的列车在沥滘站进站时，一车厢内乘客的充电宝突然冒起白烟。,
164,交通工具及相关产品,电动自行车电池,无,无,无,14～60岁,男女均可使用,否,是,是,否,正常使用环境,正确的使用方式,电气危害,电气爆炸,过热,财产损失,,武昌市民在家里客厅充电的锂电池半夜突然爆炸起火。,
165,儿童用品,磁力珠玩具,无,无,无,14岁及以下,男女均可使用,是,是,是,否,正常使用环境,可合理预见的误使用,警示标识缺失,形状和表面性能危害,光滑表面,胃肠道穿孔或阻塞,,一岁半幼儿误吞16颗磁力珠，险造成肠梗阻。,
166,交通工具及相关产品,电动自行车,无,无,无,14～60岁,男女均可使用,否,是,是,否,正常使用环境,正确的使用方式,电气危害,电气爆炸,过热,财产损失,,桂林一小区电动车充电时突然起火，电动车被烧成铁架子。,
167,家用电器及电器附件,电吹风,无,无,无,不限年龄段,男女均可使用,否,是,是,否,正常使用环境,正确的使用方式,电气危害,触电危害,漏电,财产损失,,租户出门时忘记拔电吹风引发火灾。,
168,家用电器及电器附件,冰箱,无,无,无,不限年龄段,男女均可使用,否,否,否,否,正常使用环境,正确的使用方式,电气危害,电气爆炸,短路,财产损失,,菏泽青年路和曹州路交叉口附近一住户家中突然着火，起火原因为冰箱连电，无人员受伤和被困。,
169,日用杂品,气球,无,无,无,不限年龄段,男女均可使用,否,否,是,否,正常使用环境,正确的使用方式,爆炸危害,气相爆炸危害,爆炸性气体,烧伤,,一辆小车内装载着氢气球及氢气打气瓶，由于车内氢气到达了一定浓度，在用车钥匙遥控开门时发生了爆炸。,
170,信息技术产品,手机,无,无,无,不限年龄段,男女均可使用,否,否,否,否,正常使用环境,正确的使用方式,电气危害,电气爆炸,过热,烧伤,,绍兴一男子凌晨在睡梦中突然被爆炸声惊醒，发现周围的床单，窗帘以及自己身上的被子，都已经燃烧起来该男子被重度烧伤。,
171,信息技术产品,移动电源,无,无,无,不限年龄段,男女均可使用,否,是,是,否,正常使用环境,可合理预见的误使用,电气危害,触电危害,漏电,烫伤,,厦门一男子把充电宝放在裤兜里给手机充电，充电宝自燃，男子大腿皮肤被烫起疱。,
172,交通工具及相关产品,电动自行车,无,无,无,14～60岁,男女均可使用,否,是,是,否,正常使用环境,正确的使用方式,电气危害,电气爆炸,过热,财产损失,,演员孙彦军家中放在阳台充电的电瓶车着火，导致屋里的东西已经全部烧毁，损失惨重。,
173,儿童用品,点读笔,趣威,无,无,14岁及以下,男女均可使用,否,是,否,否,正常使用环境,正确的使用方式,电气危害,电气爆炸,过热,财产损失,,有网友爆料给孩子在天猫买的趣威点读笔突然爆炸，幸亏2岁的孩子没在玩，否则后果不堪设想。商家回应称，不能使用南孚电池或充电电池。,
174,家用电器及电器附件,抽油烟机,无,无,无,不限年龄段,男女均可使用,否,是,否,否,正常使用环境,正确的使用方式,机械危害,形状和表面性能危害,锐利边缘,财产损失,,南海市民家中厨房抽油烟机的钢化玻璃爆裂，厨房满地都是玻璃渣，炒菜的锅里面全是玻璃渣，玻璃碎片射到满个厨房都是。,
175,交通工具及相关产品,电动自行车,无,无,无,14～60岁,男女均可使用,否,是,是,否,正常使用环境,正确的使用方式,电气危害,电气爆炸,散热不良,财产损失,,一名女子驾驶电动自行车，前后各载着一个孩子走到半路，不料车子突然起火，短时间内就被完全烧毁。,
176,信息技术产品,手机,Iphone,无,无,不限年龄段,男女均可使用,否,否,否,否,正常使用环境,正确的使用方式,电气危害,电气爆炸,过热,财产损失,,渭南一小区发生苹果手机自燃，烧掉整个家，原因是苹果手机充电系统自燃引起火灾。,
177,家具及建筑装饰装修材料,景观灯,无,无,无,不限年龄段,男女均可使用,否,否,否,否,正常使用环境,可合理预见的误使用,电气危害,触电危害,漏电,死亡,,余杭街道湖山帝景湾小区一景观步道内2名女童发生意外倒地。事发时在景观步道积水中戏水，初步判断可能为触电引发。2名女童经余杭二院全力抢救无效死亡。,
178,交通工具及相关产品,电动自行车,无,无,无,14～60岁,男女均可使用,否,是,是,否,正常使用环境,正确的使用方式,电气危害,电气爆炸,过热,炸伤,,深圳一市民正在小区里面的充电站给电动车充电，电动车突然之间爆炸了，并且在40秒内接连爆炸了30次，导致她右小腿受伤流血。,
179,家用电器及电器附件,洗衣机,无,无,无,不限年龄段,男女均可使用,否,是,是,否,高湿环境,正确的使用方式,电气危害,触电危害,漏电,卡伤,,嘉兴一3岁男童偷偷爬进了洗衣机甩干桶，不料身体被牢牢卡住。,
180,信息技术产品,手机,Iphone 6plus,无,无,不限年龄段,男女均可使用,否,否,否,否,正常使用环境,正确的使用方式,电气危害,电气爆炸,过热,财产损失,,遵义市民睡觉时将苹果6plus手机放在床边，凌晨手机发生燃爆。,
181,交通工具及相关产品,电动自行车,无,无,无,14～60岁,男女均可使用,否,是,是,否,正常使用环境,正确的使用方式,电气危害,电气爆炸,散热不良,财产损失,,一辆电动自行车在途经衢州市区衢江大桥时发生自燃，幸好及时扑灭。,
182,家具及建筑装饰装修材料,紫外线灯,无,无,无,不限年龄段,男女均可使用,否,是,是,否,正常使用环境,正确的使用方式,辐射危害,射线辐射危害,紫外线辐射,灼伤,,广州番禺区一幼儿园的老师误开紫外线灯，造成多名幼儿眼睛被灼伤，皮肤也有脱皮的现象。,
183,家具及建筑装饰装修材料,淋浴房,无,无,无,不限年龄段,男女均可使用,否,否,否,否,高湿环境,正确的使用方式,机械危害,形状和表面性能危害,锐利边缘,划伤,,贵阳市民家中淋浴房的一扇玻璃门发生爆裂，碎成了一推玻璃渣。,
184,家具及建筑装饰装修材料,玻璃门,无,无,无,不限年龄段,男女均可使用,否,是,是,否,正常使用环境,正确的使用方式,机械危害,形状和表面性能危害,锐利边缘,财产损失,,杭州地铁2号线一辆前往朝阳方进入钱江世纪城站时，站台的一块屏蔽门玻璃炸裂了。,
185,儿童用品,儿童服装,无,无,无,14岁及以下,男女均可使用,否,是,否,否,正常使用环境,正确的使用方式,机械危害,形状和表面性能危害,小零件,胃肠道穿孔或阻塞,,2岁女童误吞拉链头，食道被卡住，导致猛烈咳嗽、呕吐。,
186,家用电器及电器附件,洗衣机,无,无,无,不限年龄段,男女均可使用,否,是,是,否,高湿环境,正确的使用方式,电气危害,触电危害,漏电,卡伤,,5月30日下午，浙江嘉兴秀洲区新塍镇新罗桥附近一3岁小男孩把自己卡在了洗衣机里，下半身动弹不得。,
187,交通工具及相关产品,电动自行车,无,无,无,14～60岁,男女均可使用,否,是,是,否,正常使用环境,正确的使用方式,电气危害,电气爆炸,过热,财产损失,,阜阳市一小区居民楼楼道内的电动车起火，现场有7辆电动车被烧毁。,
188,信息技术产品,手机,8848,无,无,不限年龄段,男女均可使用,否,否,否,否,正常使用环境,正确的使用方式,电气危害,电气爆炸,过热,灼伤,,市民苗先生手中握着的8848手机突然发生冒烟起火，苗先生手部也被轻微灼伤熏黑。,
189,家用电器及电器附件,洗衣机,无,无,无,不限年龄段,男女均可使用,否,是,是,否,高湿环境,正确的使用方式,电气危害,触电危害,漏电,财产损失,,海口市秀英区东方洋路海运宿舍一户居民洗衣机着火。,
190,家具及建筑装饰装修材料,玻璃门,无,无,无,不限年龄段,男女均可使用,否,是,是,否,正常使用环境,可合理预见的误使用,机械危害,形状和表面性能危害,锐利边缘,划伤,,普陀一名女子上班走到公司楼下准备刷卡进大楼，推了一扇玻璃门之后，整扇玻璃门竟掉了下来，女子腿部被玻璃碎片划伤。,
191,信息技术产品,手机,无,无,无,不限年龄段,男女均可使用,否,否,否,否,正常使用环境,正确的使用方式,电气危害,电气爆炸,过热,财产损失,,西安东郊金花北路东窑坊小区一居民楼内，突然浓烟弥漫。疑在卧室内给手机充电引发火情。,
192,交通工具及相关产品,电动自行车电池,无,无,无,14～60岁,男女均可使用,否,是,是,否,正常使用环境,正确的使用方式,电气危害,电气爆炸,过热,财产损失,,深圳市福田区滨河大道花样年·花好园小区某栋9楼发生一起火灾。经初步调查，此次火灾系电动自行车电池室内充电起火导致。,
193,交通工具及相关产品,电动自行车电池,无,无,无,14～60岁,男女均可使用,否,是,是,否,正常使用环境,正确的使用方式,电气危害,电气爆炸,过热,财产损失,,乐山沐川县沐溪镇某居民楼一住户把电瓶车上的电池拆下来带回家充电，电池爆燃引发火灾。,
194,交通工具及相关产品,电动自行车,无,无,无,14～60岁,男女均可使用,否,是,是,否,正常使用环境,正确的使用方式,电气危害,电气爆炸,过热,财产损失,,盐城市滨海县一民房起火，原因为电动自行车放在房间内充电发生爆燃。,
195,交通工具及相关产品,电动自行车,无,无,无,14～60岁,男女均可使用,否,是,是,否,正常使用环境,正确的使用方式,电气危害,电气爆炸,过热,财产损失,,南明一男子将电瓶车放在家中充电，不料凌晨突然发生爆炸引发火灾，一家三口被困在阳台上。,
196,交通工具及相关产品,电动自行车,无,无,无,14～60岁,男女均可使用,否,是,是,否,正常使用环境,正确的使用方式,电气危害,电气爆炸,铁芯发热,财产损失,,洛阳小区一栋居民楼前突发火灾，伴随着砰砰的爆炸声，数辆电动车、摩托车被烧成一堆铁架，就连停在四五米外的轿车也被大火“毁容”。,
197,日用杂品,典礼用氢气球,无,无,无,不限年龄段,男女均可使用,否,是,是,否,正常使用环境,正确的使用方式,爆炸危害,气相爆炸危害,爆炸性气体,炸伤,,安徽省明光市一村民家的院子里突然飞来一只红色的氢气球，村民家中9岁的孙女把氢气球往外拖的过程中，氢气球发生爆炸，导致三人受伤。,
198,交通工具及相关产品,电动自行车电池,无,无,无,14～60岁,男女均可使用,否,是,是,否,正常使用环境,正确的使用方式,电气危害,电气爆炸,过热,财产损失,,沈阳的肖先生反映，网购的电动车充电式电池发生爆炸引发火灾，致室内家具家电、装修基本被烧毁，损失7万余元。,
199,交通工具及相关产品,电动自行车,无,无,无,14～60岁,男女均可使用,否,是,是,否,正常使用环境,正确的使用方式,电气危害,电气爆炸,铁芯发热,财产损失,,上饶一小区1楼电梯前室电动车着火，火灾导致几辆电动车被烧毁。,
200,交通工具及相关产品,电动自行车,无,无,无,14～60岁,男女均可使用,否,是,是,否,正常使用环境,正确的使用方式,电气危害,电气爆炸,散热不良,财产损失,,胶州一辆正在行驶的电动车突然起火，幸被附近的宝龙物业的工作人员持灭火器赶到将火扑灭,
201,文教体育用品,电动跑步机,无,无,无,不限年龄段,男女均可使用,否,是,是,否,正常使用环境,可合理预见的误使用,电气危害,触电危害,漏电,卡伤,,南京一7岁男童钻进跑步机底盘捡玩具，头被跑步机底盘死死卡住，动弹不得。,
202,交通工具及相关产品,电动自行车,无,无,无,14～60岁,男女均可使用,否,是,是,否,正常使用环境,正确的使用方式,电气危害,电气爆炸,过热,财产损失,,西安北二环附近南康新村村口，一辆车棚内的电动车在充电时起火，引燃了车棚内其他车辆，导致30多辆电动车被烧毁。,
203,家具及建筑装饰装修材料,电动卷帘门,无,无,无,不限年龄段,男女均可使用,否,是,是,否,正常使用环境,可合理预见的误使用,电气危害,触电危害,漏电,死亡,,宜宾一房产中介早上开门时疑因卷帘门漏电，男子被电身亡。,
204,信息技术产品,移动电源,无,无,无,不限年龄段,男女均可使用,否,是,是,否,正常使用环境,可合理预见的误使用,电气危害,触电危害,漏电,烧伤,,深圳市宝安区一名外卖送餐员口袋里的充电宝突然发生爆炸。发生爆炸的充电宝系其花了一百多块钱在网上购买，刚用没几天就发生爆炸。,
205,交通工具及相关产品,电动自行车,无,无,无,14～60岁,男女均可使用,否,是,是,否,正常使用环境,正确的使用方式,电气危害,电气爆炸,过热,财产损失,,济南一小区一辆电动车充电时起火，并引燃旁边的另一辆电动车。,
206,家用电器及电器附件,冰箱,无,无,无,不限年龄段,男女均可使用,否,否,否,否,正常使用环境,正确的使用方式,电气危害,电气爆炸,过热,财产损失,,淄博道庄小区一户居民家中冰箱突然爆炸轰隆巨响，震碎了窗玻璃。,
207,信息技术产品,手机,无,无,无,不限年龄段,男女均可使用,否,否,否,否,正常使用环境,正确的使用方式,电气危害,电气爆炸,过热,财产损失,,顺德区乐从镇市民何先生半夜睡梦中突然感觉一身滚烫，以为空调故障的他睁眼一看，发现床铺竟然着火了而起火原因，竟是因为放在床上充电的手机所致。,
208,交通工具及相关产品,电动自行车电池,无,无,无,14～60岁,男女均可使用,否,是,是,否,正常使用环境,正确的使用方式,电气危害,电气爆炸,过热,财产损失,,哈尔滨道里区一小区发生火灾，原因为电瓶充电中突然爆炸起火。,
209,家用电器及电器附件,空调,无,无,无,不限年龄段,男女均可使用,否,否,否,否,正常使用环境,正确的使用方式,电气危害,触电危害,漏电,财产损失,,合肥某小区14楼一住户家中的空调外机窜出明火，随后大量浓烟弥漫开来。,
210,儿童用品,减压玩具,无,无,无,14岁及以下,男女均可使用,是,是,否,否,正常使用环境,正确的使用方式,机械危害,潜在能量危害,机械强度,中毒,,郑州市民杨女士一岁半的小儿子，不慎将其哥哥的减压玩具咬破，导致里边的液体流到身上后，皮肤便开始出现“红斑”。,
211,日用杂品,纽扣电池,无,无,无,不限年龄段,男女均可使用,否,是,是,否,正常使用环境,正确的使用方式,机械危害,形状和表面性能危害,小零件,食道阻塞,,江苏一名一岁幼儿误吞一粒纽扣电池，卡在喉咙。,
212,交通工具及相关产品,电动自行车电池,无,无,无,14～60岁,男女均可使用,否,是,是,否,正常使用环境,正确的使用方式,电气危害,电气爆炸,过热,财产损失,,丰台区一小区居民将电动车蓄电池拿回家充电过程中，发生爆炸燃烧事故。原因系电动车不符合国家标准，但居民怕麻烦，“懒”用小区公共充电桩充电。,
213,交通工具及相关产品,电动自行车,无,无,无,14～60岁,男女均可使用,否,是,是,否,正常使用环境,正确的使用方式,电气危害,电气爆炸,过热,财产损失,,阜阳一小区发生火灾，可能为楼上住户“飞线”到一楼给电动车充电，由于电线线路故障导致电动车起火。,
214,家用电器及电器附件,洗衣机,无,无,无,不限年龄段,男女均可使用,否,是,是,否,高湿环境,正确的使用方式,电气危害,电气爆炸,漏电,财产损失,,大庆萨尔图区花样年华小区一住户家中发生火灾，疑似是家中洗衣机爆炸引起的。,
215,交通工具及相关产品,电动自行车,无,无,无,14～60岁,男女均可使用,否,是,是,否,正常使用环境,正确的使用方式,电气危害,电气爆炸,铁芯发热,财产损失,,龙华区白石龙二区44号附近一停放电动车、自行车处发生火情，现场多辆电动车燃起大火。事发后消防队员第一时间赶到将火势扑灭。事故造成20多辆电动车、2辆汽车不同程度受损，无人员伤亡。,
216,交通工具及相关产品,电动自行车,无,无,无,14～60岁,男女均可使用,否,是,是,否,正常使用环境,正确的使用方式,电气危害,电气爆炸,过热,财产损失,,驻马店一小区发生火灾，3辆停在楼下的电动车被烧得只剩下骨架。可能是一辆电动车飞线充电后起火，然后引燃了紧挨着的另外两辆电动车。,
217,家用电器及电器附件,洗衣机,无,无,无,不限年龄段,男女均可使用,否,是,是,否,高湿环境,正确的使用方式,电气危害,触电危害,漏电,卡伤,,成都某小区内一女童贪玩卡在了滚筒洗衣机里。,
218,信息技术产品,手机,Iphone,无,无,不限年龄段,男女均可使用,否,否,否,否,正常使用环境,正确的使用方式,电气危害,电气爆炸,过热,财产损失,,微博用户控诉苹果手机充电时自燃，导致房间被烧毁。,
219,家具及建筑装饰装修材料,淋浴房,无,无,无,不限年龄段,男女均可使用,否,否,否,否,高湿环境,正确的使用方式,机械危害,形状和表面性能危害,锐利边缘,划伤,,桂林一中考生小辉（化名）洗完澡后拉开浴室门，玻璃门突然炸裂，玻璃碴划伤了小辉的耳后、头部、手臂等部位。,
220,家用电器及电器附件,冰箱,无,无,无,不限年龄段,男女均可使用,否,否,否,否,正常使用环境,正确的使用方式,电气危害,电气爆炸,过热,财产损失,,太原一住户家中的冰箱起火燃烧，并引燃了上方的空调，导致火灾。,
221,交通工具及相关产品,电动自行车,无,无,无,14～60岁,男女均可使用,否,是,是,否,正常使用环境,正确的使用方式,电气危害,电气爆炸,铁芯发热,财产损失,,兴宁有一市民的电动单车起火了，烧得只剩下车架子了。,
222,信息技术产品,手机,三星GALAXY盖乐,无,无,不限年龄段,男女均可使用,否,否,否,否,正常使用环境,正确的使用方式,电气危害,电气爆炸,过热,财产损失,,网友在微博爆料，称其在京东自营店购买的三星GALAXY盖乐世 S10刚用了一天就不能充电、冒烟炸裂。,
223,家用电器及电器附件,抽油烟机,无,无,无,不限年龄段,男女均可使用,否,是,否,否,正常使用环境,正确的使用方式,电气危害,电气爆炸,短路,财产损失,,淄博市一快餐店厨房失火，失火原因可能为吸油烟机线路故障。,
224,家用电器及电器附件,洗衣机,无,无,无,不限年龄段,男女均可使用,否,是,是,否,高湿环境,正确的使用方式,电气危害,触电危害,漏电,卡伤,,一名女童在玩捉迷藏游戏时，躲进了洗衣机，不慎卡住了双腿无法脱身。,
225,交通工具及相关产品,电动自行车,无,无,无,14～60岁,男女均可使用,否,是,是,否,正常使用环境,正确的使用方式,电气危害,电气爆炸,过热,财产损失,,济南一小区居民楼下电动车充电故障引起火灾，多辆电动车被烧毁只剩下铁架,
226,交通工具及相关产品,电动自行车电池,无,无,无,14～60岁,男女均可使用,否,是,是,否,正常使用环境,正确的使用方式,电气危害,电气爆炸,过热,财产损失,,南京市民将电动车的锂电池放在家中充电，电池凌晨突然发生爆炸。,
227,家具及建筑装饰装修材料,淋浴房,无,无,无,不限年龄段,男女均可使用,否,否,否,否,高湿环境,正确的使用方式,机械危害,形状和表面性能危害,锐利边缘,划伤,,一男子在早上洗完澡后，正准备从洗手间出来，洗手间的玻璃门碎了，直接倒了下来，玻璃将其手臂和头部划伤。,
228,家具及建筑装饰装修材料,景观灯,无,无,无,不限年龄段,男女均可使用,否,否,否,否,正常使用环境,可合理预见的误使用,电气危害,触电危害,漏电,死亡,,山西一女孩两次入景观池中玩耍，突然栽倒入池因触电当场身亡。,
229,信息技术产品,移动电源,无,无,无,不限年龄段,男女均可使用,否,是,是,否,正常使用环境,可合理预见的误使用,电气危害,触电危害,漏电,财产损失,,网友投诉充电宝放在背包里突然爆炸。,
230,信息技术产品,移动电源,无,无,无,不限年龄段,男女均可使用,否,是,是,否,正常使用环境,可合理预见的误使用,电气危害,触电危害,漏电,财产损失,,网购充电宝第一次充电时就发生了爆炸。,
231,日用杂品,纽扣电池,无,无,无,不限年龄段,男女均可使用,否,是,是,否,正常使用环境,正确的使用方式,机械危害,形状和表面性能危害,小零件,胃肠道穿孔或阻塞,,南昌1岁男童误吞一粒纽扣电池，卡在食道。,
232,儿童用品,童车,无,无,无,37个月～96个月,男女均可使用,是,是,否,否,正常使用环境,正确的使用方式,机械危害,形状和表面性能危害,部件空隙或开口,卡伤,,2岁男童骑玩具车时，右脚不慎伸进前叉和车轮之间被卡住。,
233,家用电器及电器附件,空调,无,无,无,不限年龄段,男女均可使用,否,否,否,否,正常使用环境,正确的使用方式,电气危害,触电危害,过热,财产损失,,河北师范大学一宿舍发生火情，现场浓烟滚滚，初步认定为空调故障引起。,
234,交通工具及相关产品,电动自行车,无,无,无,14～60岁,男女均可使用,否,是,是,否,正常使用环境,正确的使用方式,电气危害,电气爆炸,铁芯发热,财产损失,,沙溪镇豪兴路一家店铺发生电动自行车自燃火灾。店内墙壁被熏得漆黑一片，电器、家具、货物被烧毁。估计火灾造成直接经济损失30万元。,
235,信息技术产品,激光笔,无,无,无,不限年龄段,男女均可使用,否,是,是,否,正常使用环境,正确的使用方式,辐射危害,射线辐射危害,激光辐射,视力受损,,家中停电，女子误把激光笔当成手电筒，直视几秒后，短短数天时间右眼视力急剧下降。周女士到医院检查右眼黄斑已经受损，且伤害不可逆。,
236,信息技术产品,移动电源,无,无,无,不限年龄段,男女均可使用,否,是,是,否,正常使用环境,可合理预见的误使用,电气危害,触电危害,漏电,财产损失,,放在床上充电的充电宝发生爆燃并引起火灾。,
237,交通工具及相关产品,电动自行车电池,无,无,无,14～60岁,男女均可使用,否,是,是,否,正常使用环境,正确的使用方式,电气危害,电气爆炸,过热,财产损失,,哈尔滨一小区发生火灾，怀疑可能是维修店给电动自行车电瓶充电引发。,
238,交通工具及相关产品,电动自行车,无,无,无,14～60岁,男女均可使用,否,是,是,否,正常使用环境,正确的使用方式,电气危害,电气爆炸,铁芯发热,财产损失,,杭州新塘家园东区地下一楼电动车起火，烧掉了许多辆。,
239,家用电器及电器附件,空调,无,无,无,不限年龄段,男女均可使用,否,否,否,否,正常使用环境,正确的使用方式,电气危害,触电危害,漏电,财产损失,,普宁一小区住户家中发生火灾，原因疑因天气炎热，空调外机运作超负荷导致发热起火。,
240,家用电器及电器附件,电视,无,无,无,不限年龄段,男女均可使用,否,否,否,否,正常使用环境,正确的使用方式,电气危害,触电危害,漏电,财产损失,,衡水一小区住户正在看电视，电视突然黑屏，并冒烟起火。,
241,儿童用品,磁力珠玩具,无,无,无,14岁及以下,男女均可使用,是,是,是,否,正常使用环境,可合理预见的误使用,警示标识缺失,形状和表面性能危害,光滑表面,胃肠道穿孔或阻塞,,淄博一名1岁8个月的男童因为好奇，误吞下了10颗磁力珠导致4处肠穿孔。,
242,交通工具及相关产品,电动自行车,无,无,无,14～60岁,男女均可使用,否,是,是,否,正常使用环境,正确的使用方式,电气危害,电气爆炸,过热,财产损失,,南宁市秀厢大道华宇绿园小区一楼道内，发生一起电动车燃烧事故。有知情人透露，事发当天该单元楼有一名业主私自将电动自行车推上楼，在楼道里充电，结果电瓶发生爆炸。,
243,交通工具及相关产品,电动自行车,无,无,无,14～60岁,男女均可使用,否,是,是,否,正常使用环境,正确的使用方式,电气危害,电气爆炸,过热,财产损失,,惠安一家店铺中正在充电的电动车起火引发火灾。,
244,家用电器及电器附件,空调,无,无,无,不限年龄段,男女均可使用,否,否,否,否,正常使用环境,正确的使用方式,电气危害,触电危害,漏电,财产损失,,郑州紫荆山路一栋高层建筑疑因空调外机起火引发火灾。,
245,儿童用品,玩具枪,无,无,无,14岁及以下,男女均可使用,是,是,是,否,正常使用环境,可合理预见的误使用,机械危害,动能危害,飞行物体撞击,射伤,,11岁的小易和小伙伴在玩“警察抓小偷”的游戏时，拿着能打塑料子弹的玩具枪对射。小易左眼被一颗塑料子弹击中，眼睛流出鲜血。,
246,家用电器及电器附件,燃气灶,无,无,无,14～60岁,男女均可使用,否,是,是,否,高温环境,可合理预见的误使用,机械危害,形状和表面性能危害,锐利边缘,财产损失,,西安一市民正在做饭时，燃气灶玻璃面板突然炸裂发出巨响。,
247,儿童用品,玩具车,无,无,无,14岁及以下,男女均可使用,是,是,否,否,正常使用环境,正确的使用方式,电气危害,电气爆炸,过热,财产损失,,医院一位员工在房间给孩子玩具车充电引发火灾。,
248,交通工具及相关产品,电动自行车,无,无,无,14～60岁,男女均可使用,否,是,是,否,正常使用环境,正确的使用方式,电气危害,电气爆炸,过热,财产损失,,晋城市一小区居民私拉线路给电动车充电，充电的过程中电动车起火并引燃周边可燃物，所幸火灾未造成人员伤亡。,
249,家用电器及电器附件,空调,无,无,无,不限年龄段,男女均可使用,否,否,否,否,正常使用环境,正确的使用方式,电气危害,触电危害,漏电,财产损失,,三明一小区住宅的空调外机起火。,
250,家用电器及电器附件,抽油烟机,无,无,无,不限年龄段,男女均可使用,否,是,否,否,正常使用环境,正确的使用方式,机械危害,形状和表面性能危害,锐利边缘,财产损失,,临沂一小区住户家中的油烟机的玻璃面板瞬间炸成碎渣。,
251,家用电器及电器附件,燃气热水器,无,无,无,14～60岁,男女均可使用,否,是,是,否,高温环境,可合理预见的误使用,电气危害,电气爆炸,过热,烧伤,,西安一女子在厨房打开热水准备洗手做饭时，热水器启用时发生了闪爆，该女子被重度烧伤。,
252,家用电器及电器附件,燃气热水器,德国贝尔,无,无,14～60岁,男女均可使用,否,是,是,否,高温环境,可合理预见的误使用,电气危害,电气爆炸,过热,财产损失,,西安市民家中“德国贝尔”电热水器发生爆炸，热水器箱盖掉在地上，热水器对面窗户双层玻璃被震碎。,
253,交通工具及相关产品,电动自行车电池,无,无,无,14～60岁,男女均可使用,否,是,是,否,正常使用环境,正确的使用方式,电气危害,电气爆炸,过热,烧伤,,普陀区石泉路岚皋路上一小区出租屋内发生火灾，造成两名租户受伤。起火原因疑似是该租户将电瓶带至家中充电，引发火灾。,
254,家用电器及电器附件,空调,志高,无,无,不限年龄段,男女均可使用,否,否,否,否,正常使用环境,正确的使用方式,电气危害,触电危害,漏电,财产损失,,有网友爆料称，家里的志高空调自燃并且导致自家房屋着火，几个房间被烧，损失在30万以上。,
255,儿童用品,拼装玩具,无,无,无,14岁及以下,男女均可使用,是,是,否,否,正常使用环境,正确的使用方式,机械危害,形状和表面性能危害,小零件,鼻孔堵塞,,孩子在拼装玩具过程中，误将零件塞进鼻子中。,
256,交通工具及相关产品,电动自行车,无,无,无,14～60岁,男女均可使用,否,是,是,否,正常使用环境,正确的使用方式,电气危害,电气爆炸,过热,财产损失,,南昌一小区楼道里突然冒出浓烟，消防人员及时赶到将火扑灭，失火处为电动自行车停放处。据居民反映，因楼道口电动车充电才引发了此次事故。,
257,家用电器及电器附件,电吹风,无,无,无,不限年龄段,男女均可使用,否,是,是,否,正常使用环境,正确的使用方式,电气危害,触电危害,漏电,电击伤,,宁波市民使用酒店配备的吹风机吹干头发时，手部被点击受伤。,
258,家用电器及电器附件,抽油烟机,无,无,无,不限年龄段,男女均可使用,否,是,否,否,正常使用环境,正确的使用方式,机械危害,形状和表面性能危害,锐利边缘,财产损失,,南宁市新际路中海御湖熙岸小区业主陈先生下夜班回家时，发现自家厨房吸油烟机玻璃面板爆裂，碎玻璃撒了一地。,
259,家用电器及电器附件,洗衣机,无,无,无,不限年龄段,男女均可使用,否,是,是,否,高湿环境,正确的使用方式,电气危害,触电危害,漏电,卡伤,,毫州一名4岁男孩身体被死死卡在双缸洗衣机里的甩干桶里。,
260,儿童用品,磁力珠玩具,无,无,无,14岁及以下,男女均可使用,是,是,是,否,正常使用环境,可合理预见的误使用,警示标识缺失,形状和表面性能危害,光滑表面,胃肠道穿孔或阻塞,,中牟一名8岁男童突然出现腹痛、呕吐的症状，医生检查发现在孩子体内有一串磁力珠，肠穿孔达8处之多。,
261,信息技术产品,无线耳机,无,无,无,不限年龄段,男女均可使用,否,否,否,否,正常使用环境,可合理预见的误使用,电气危害,电气爆照,过热,财产损失,,新买的蓝牙耳机左耳机没有声音，耳机充电孔发生漏液，并且耳机底部腐蚀，还有烧焦的痕迹。,
262,交通工具及相关产品,电动自行车,无,无,无,14～60岁,男女均可使用,否,是,是,否,正常使用环境,正确的使用方式,电气危害,电气爆炸,散热不良,财产损失,,电瓶车行驶过程中尾部突然开始冒烟，随后整辆电瓶车起火。,
263,家用电器及电器附件,空调,无,无,无,不限年龄段,男女均可使用,否,否,否,否,正常使用环境,正确的使用方式,电气危害,触电危害,漏电,死亡,,威海市民在室外空调外机附近补老鼠洞时不慎触电身亡，初步鉴定为康佳空调外机漏电所致。,
264,儿童用品,磁力珠玩具,无,无,无,14岁及以下,男女均可使用,是,是,是,否,正常使用环境,可合理预见的误使用,警示标识缺失,形状和表面性能危害,光滑表面,胃肠道穿孔或阻塞,,温州一名1岁女童误吞了36颗磁力珠，造成2出肠穿孔。,
265,家具及建筑装饰装修材料,淋浴房,无,无,无,不限年龄段,男女均可使用,否,否,否,否,高湿环境,正确的使用方式,机械危害,形状和表面性能危害,锐利边缘,炸伤,,东莞一男子洗澡时准备关浴室玻璃门，一拉门把手整个玻璃门就爆了，该男子全身被玻璃炸伤了50多处。,
266,家用电器及电器附件,抽油烟机,无,无,无,不限年龄段,男女均可使用,否,是,否,否,正常使用环境,正确的使用方式,机械危害,形状和表面性能危害,锐利边缘,财产损失,,人在厨房洗碗，身后油烟机突然发出爆裂巨响，玻璃面板碎片飞溅一地。,
267,家用电器及电器附件,空调,无,无,无,不限年龄段,男女均可使用,否,否,否,否,正常使用环境,正确的使用方式,电气危害,触电危害,漏电,财产损失,,浦东新区某小区一居民楼外的空调外机起火，火势顺着外墙一路向上蔓延。,
268,信息技术产品,手机,小米MAX,无,无,不限年龄段,男女均可使用,否,否,否,否,正常使用环境,正确的使用方式,电气危害,电气爆炸,过热,烫烧伤,,中国东方航空公司某员工微博发文称，其使用的小米MAX在口袋起火爆炸，金属水顺着腿往下流造成右腿严重烧伤。,
269,家用电器及电器附件,空调,无,无,无,不限年龄段,男女均可使用,否,否,否,否,正常使用环境,正确的使用方式,电气危害,触电危害,漏电,财产损失,,无锡一小区发生火灾，起火原因初步疑似为空调起火引发。,
270,儿童用品,磁力珠玩具,无,无,无,14岁及以下,男女均可使用,是,是,是,否,正常使用环境,可合理预见的误使用,警示标识缺失,形状和表面性能危害,光滑表面,胃肠道穿孔或阻塞,,佛山一名6岁男童误吞了11颗磁力珠，导致肠子腐蚀穿孔。,
271,家用电器及电器附件,空调,无,无,无,不限年龄段,男女均可使用,否,否,否,否,正常使用环境,正确的使用方式,电气危害,触电危害,漏电,财产损失,,秦皇岛市海港区南岭国际三区北侧底商发生爆炸，周边商铺及停放车辆不同程度受。经初步认定为空调压缩机故障引发爆炸。,
272,信息技术产品,手机,OPPO,无,无,不限年龄段,男女均可使用,否,否,否,否,正常使用环境,正确的使用方式,电气危害,电气爆炸,过热,财产损失,,OPPO手机在没有充电的情况下发生起火爆炸，屏幕以及手机外套被烧焦。床上的凉席也被烧坏，而且凉席下的水暖床垫，遇水后也被损坏。,
273,家用电器及电器附件,空调,无,无,无,不限年龄段,男女均可使用,否,否,否,否,正常使用环境,正确的使用方式,电气危害,触电危害,漏电,财产损失,,天津河西区澧新里小区一格力空调室外机着火。,
274,信息技术产品,手机,无,无,无,不限年龄段,男女均可使用,否,否,否,否,正常使用环境,正确的使用方式,电气危害,电气爆炸,过热,烫烧伤,,广州市民邱先生报料称，自己前几天在工厂上班时遭遇了惊魂一幕——好端端放在裤袋里的手机，突然出现冒烟、发烫，导致自己的腿部出现多处被严重烫伤。,
275,儿童用品,磁力珠玩具,无,无,无,14岁及以下,男女均可使用,是,是,是,否,正常使用环境,可合理预见的误使用,警示标识缺失,形状和表面性能危害,光滑表面,胃肠道穿孔或阻塞,,浙江温州一名1岁10个月大的女童因连续高烧三天，且伴有呕吐、腹胀，在当地医院输液治疗后并未好转，后医院为其做了CT发现她的肚子里竟有一串“手链”一样的异物。,
276,家用电器及电器附件,空调,无,无,无,不限年龄段,男女均可使用,否,否,否,否,正常使用环境,正确的使用方式,电气危害,触电危害,漏电,财产损失,,长沙市天心区天鸿小区8楼1户民宅起火，客厅烧毁严重，据悉是因客厅空调引发。,
277,家具及建筑装饰装修材料,淋浴房,无,无,无,不限年龄段,男女均可使用,否,否,否,否,高湿环境,正确的使用方式,机械危害,形状和表面性能危害,锐利边缘,划伤,,13岁男孩在酒店洗澡时，淋浴房玻璃碎裂划伤其大腿。,
278,交通工具及相关产品,电动自行车,无,无,无,14～60岁,男女均可使用,否,是,是,否,正常使用环境,正确的使用方式,电气危害,电气爆炸,铁芯发热,财产损失,,福州江滨路融侨小区，一辆行进中的电动车突然自燃。,
279,交通工具及相关产品,电动自行车,无,无,无,14～60岁,男女均可使用,否,是,是,否,正常使用环境,正确的使用方式,电气危害,电气爆炸,铁芯发热,财产损失,,一楼门厅停放的电动车凌晨起火，引燃旁边停放的多辆电动车，所幸被及时发现，明火被扑灭，并未造成人员伤亡。,
280,儿童用品,磁力珠玩具,无,无,无,14岁及以下,男女均可使用,是,是,是,否,正常使用环境,可合理预见的误使用,警示标识缺失,形状和表面性能危害,光滑表面,胃肠道穿孔或阻塞,,常州一名三岁男孩吞下了哥哥的磁力珠，超强磁力的 22 颗磁力珠隔着胃肠在肚子里相互吸引成了一个圆环，将多处小肠紧紧地黏附在了一起了，不仅造成了肠梗阻，还将胃肠粘膜压成了筛子状的 6 处粘膜穿孔。,
281,家用电器及电器附件,豆浆机,无,无,无,不限年龄段,男女均可使用,否,否,否,否,正常使用环境,正确的使用方式,电气危害,触电危害,漏电,死亡,,面馆老板在操作间内准备早上营业。操作过程中，豆浆机漏电，该男子被打倒在地，送医后经抢救无效死亡。,
282,儿童用品,海洋球,无,无,无,14岁及以下,男女均可使用,是,是,否,否,正常使用环境,正确的使用方式,致病微生物危害,原核细胞微生物危害,皮肤癣真菌,口腔疱疹,,3岁的小乐（化名）到海洋球池玩了一趟，竟高烧不退，长了满嘴疱疹。,
283,家用电器及电器附件,冰箱,无,无,无,不限年龄段,男女均可使用,否,否,否,否,正常使用环境,正确的使用方式,电气危害,触电危害,漏电,死亡,,在柳州市柳江区成团镇里湾村一村民家中，一名9岁的男孩倒在自家的冰箱旁，被人发现时已经没有意识。男孩的身体有烧焦的痕迹，怀疑他的死因为触电，导致他触电的有可能是家中的冰箱。,
284,儿童用品,乐高积木,无,无,无,14岁及以下,男女均可使用,是,是,否,否,正常使用环境,正确的使用方式,机械危害,形状和表面性能危害,小零件,食道阻塞,,珠海的一个小女孩吞下一块乐高积木的“小零件”，卡住女孩食道，女孩妈妈用嘴吸出后反而卡住自己气管。,
285,家具及建筑装饰装修材料,柜子,无,无,无,不限年龄段,男女均可使用,否,否,否,否,正常使用环境,正确的使用方式,机械危害,潜在能量危害,机械稳定性,砸伤,,张馨予在微博发文说，自己拉抽屉时柜子突然倒下，妈妈为其挡柜子被砸中受伤。张馨予谴责家具设计不合理和安装的不安全。,
286,儿童用品,儿童游泳圈,无,无,无,14岁及以下,男女均可使用,是,是,否,否,正常使用环境,正确的使用方式,机械危害,潜在能量危害,机械稳定性,溺水,,一名3岁男童在游泳馆浅水区玩耍时游泳圈前翻导致头被淹，失去意识后2分钟才被发现。经急救，男童恢复了呼吸。,
287,信息技术产品,充电宝,无,无,无,不限年龄段,男女均可使用,否,是,是,否,正常使用环境,可合理预见的误使用,电气危害,电气爆炸,短路,财产损失,,深圳地铁三号线停靠田贝站时，一名女子米色布包里装的充电宝突然冒烟，所幸事故未造成人员伤亡。,
288,交通工具及相关产品,电动自行车,无,无,无,14～60岁,男女均可使用,否,是,是,否,正常使用环境,正确的使用方式,电气危害,电气爆炸,散热不良,财产损失,,杭州一外卖小哥骑电动自行车经过武林广场体育场路和延安路交叉的丁字路口时，电动自行车燃烧起火。,
289,家用电器及电器附件,空调,无,无,无,不限年龄段,男女均可使用,否,否,否,否,正常使用环境,正确的使用方式,电气危害,触电危害,漏电,财产损失,,柳州市谷埠街国际商城K1区9楼一临街房间空调突然起火，所幸消防人员及时赶到将火扑灭，没有造成人员伤亡。,
290,儿童用品,玩具枪,无,无,无,14岁及以下,男女均可使用,是,是,是,否,正常使用环境,可合理预见的误使用,机械危害,形状和表面性能危害,小零件,鼻孔堵塞,,3岁女童误将水弹吸入鼻孔，导致鼻腔堵塞脸肿胀。,
291,文教体育用品,电动平衡车,无,无,无,不限年龄段,男女均可使用,否,是,是,否,正常使用环境,可合理预见的误使用,机械危害,动能危害,移动状态撞击,摔伤,,山西宁武县一名小孩在马路上骑平衡车，突然向前摔倒又因碰到平衡车的感应器滑到路中间，两次险被车撞到。 ,
292,家具及建筑装饰装修材料,淋浴房,无,无,无,不限年龄段,男女均可使用,否,否,否,否,高湿环境,正确的使用方式,机械危害,形状和表面性能危害,锐利边缘,划伤,,11岁女童不小心脚下一滑，身体扑到了浴室的玻璃门上，玻璃门突然碎裂，飞溅的玻璃碎片划伤了孩子的左上肢、右上肢、左侧髋关节，流血不止，送到医院后被诊断为“右下肢、双上肢开放性损伤、肌腱断裂”。,
293,家用电器及电器附件,空调,无,无,无,不限年龄段,男女均可使用,否,否,否,否,正常使用环境,正确的使用方式,电气危害,触电危害,漏电,财产损失,,四川绵阳滨江路一小区6楼突发火灾，小区保安成功将火扑灭。火灾发生原因为卧室空调未断电。,
294,交通工具及相关产品,电动自行车,无,无,无,14～60岁,男女均可使用,否,是,是,否,正常使用环境,正确的使用方式,电气危害,电气爆炸,过热,财产损失,,一电动车充电时起火，致11辆电动车被烧，现场多个充电桩不同程度损毁。,
295,家用电器及电器附件,洗衣机,无,无,无,不限年龄段,男女均可使用,否,是,是,否,高湿环境,正确的使用方式,电气危害,触电危害,漏电,手指绞断,,一名6岁男童玩耍时，不小心将洗衣机顶盖打开，此时洗衣机滚筒还未停稳，孩子伸手进洗衣机捞衣服时无名指被旋转的衣服缠绕后绞断。,
296,家用电器及电器附件,空调,无,无,无,不限年龄段,男女均可使用,否,否,否,否,正常使用环境,正确的使用方式,电气危害,触电危害,漏电,财产损失,,在洪山区南湖景虹花园小区一住户室外机突然起火，所幸火很快被消防员扑灭，但楼上多家住户的阳台被熏黑。,
297,儿童用品,磁力珠玩具,无,无,无,14岁及以下,男女均可使用,是,是,是,否,正常使用环境,可合理预见的误使用,警示标识缺失,形状和表面性能危害,光滑表面,胃肠道穿孔或阻塞,,6岁男孩吃进61个磁力球玩具，2天后因腹痛呕吐入院。,
298,家用电器及电器附件,空调,无,无,无,不限年龄段,男女均可使用,否,否,否,否,正常使用环境,正确的使用方式,电气危害,触电危害,漏电,财产损失,,空调凌晨起火，位于起火点的主卧被大火烧得面目全非。,
299,交通工具及相关产品,电动自行车,无,无,无,14～60岁,男女均可使用,否,是,是,否,正常使用环境,正确的使用方式,电气危害,电气爆炸,铁芯发热,财产损失,,白云区江高镇杨山九潭南街26巷一楼发生电瓶车着火，有8名人员被困二楼，消防员到场成功营救，火灾未造成人员伤亡。,
300,交通工具及相关产品,电动自行车,无,无,无,14～60岁,男女均可使用,否,是,是,否,正常使用环境,正确的使用方式,电气危害,电气爆炸,过热,财产损失,,栖霞区仙林新村小区一处车棚起火，经初步判断，引起火灾的原因是一辆正在充电的电动车。此次火灾中，共计6辆电动车被烧。,
301,交通工具及相关产品,电动自行车,无,无,无,14～60岁,男女均可使用,否,是,是,否,正常使用环境,正确的使用方式,电气危害,电气爆炸,过热,财产损失,,一名名外卖小哥因次日要去跑外卖，便从六楼接了一根电线，在楼下给电瓶车充电，电动车起火引发火灾。,
302,家用电器及电器附件,空调,无,无,无,不限年龄段,男女均可使用,否,否,否,否,正常使用环境,正确的使用方式,电气危害,触电危害,漏电,财产损失,,经开区第二大街康翠园小区内发生一起空调外机引发的火灾。,
303,交通工具及相关产品,电动自行车,无,无,无,14～60岁,男女均可使用,否,是,是,否,正常使用环境,正确的使用方式,电气危害,电气爆炸,铁芯发热,财产损失,,位于射洪虹桥地产门口路边一电动车起火，无人员被困。,
304,信息技术产品,手机,无,无,无,不限年龄段,男女均可使用,否,否,否,否,正常使用环境,正确的使用方式,电气危害,触电危害,漏电,死亡,,南昌市青山路一家快餐店里，一名13岁男孩边玩手机边充电时突然倒下，送医抢救2小时之后仍不治身亡。医生表示，男孩身上有触电迹象。,
305,家用电器及电器附件,插线板,无,无,无,不限年龄段,男女均可使用,否,是,是,否,正常使用环境,可合理预见的误使用,电气危害,触电危害,过热,财产损失,,杭州一出租房发生火灾，疑房间里有个接线板一直没断电，才造成这次火灾。,
306,家用电器及电器附件,空调,无,无,无,不限年龄段,男女均可使用,否,否,否,否,正常使用环境,正确的使用方式,电气危害,触电危害,漏电,财产损失,,济安新区某居民楼一层的空调外机突然冒烟，疑似起火。,
307,儿童用品,儿童床,无,无,无,14岁及以下,男女均可使用,否,是,否,否,正常使用环境,正确的使用方式,机械危害,形状和表面性能危害,锐利边缘,卡伤,,在福州市鼓楼区通湖路通湖公寓，一名3岁左右女童自己在床上玩耍时不慎将头伸进床头护栏内。,
308,交通工具及相关产品,电动自行车,无,无,无,14～60岁,男女均可使用,否,是,是,否,正常使用环境,正确的使用方式,电气危害,电气爆炸,过热,财产损失,,广西钦州又一电动车仓库起火，200余辆电动车被烧毁。,
309,儿童用品,磁力珠玩具,无,无,无,14岁及以下,男女均可使用,是,是,是,否,正常使用环境,可合理预见的误使用,警示标识缺失,形状和表面性能危害,光滑表面,胃肠道穿孔或阻塞,,为了证明胆子大，万宁一11岁小女孩和朋友打赌一口气吞下7颗磁力珠，造成肠梗阻。,
310,文教体育用品,电动平衡车,无,无,无,不限年龄段,男女均可使用,否,是,是,否,正常使用环境,可合理预见的误使用,机械危害,动能危害,移动状态撞击,摔伤,,绍兴的金先生买了一辆小米平衡车，刚过了两天，用车时就摔了一跤，脸上缝了十几针。小米方面表示，金先生是进行了急加速，平衡车为了限速，进行了后仰。,
311,交通工具及相关产品,电动自行车,无,无,无,14～60岁,男女均可使用,否,是,是,否,正常使用环境,正确的使用方式,电气危害,电气爆炸,过热,财产损失,,吉安县望族名家小区25栋3单元停放的一辆正在充电的电动车突然起火，并引燃边上停放的多辆电动车。,
312,交通工具及相关产品,电动自行车电池,无,无,无,14～60岁,男女均可使用,否,是,是,否,正常使用环境,正确的使用方式,电气危害,电气爆炸,铁芯发热,烧伤,,在江苏南京河西大街明基医院北门附近，一辆黑色小轿车突然起火爆燃，驾驶员跳车受伤，经证实，事故原因为乘客携带电动车锂电池组爆炸引发。,
313,信息技术产品,手机充电器,无,无,无,不限年龄段,男女均可使用,否,是,是,否,正常使用环境,可合理预见的误使用,电气危害,触电危害,漏电,财产损失,,浙江省台州市三门县一住户家中起火了，原因就是因为手机充电器长期未拔，所幸未造成人员伤亡。,http://www.119.cn/content/201908/26/c112899.html
314,儿童用品,磁力珠玩具,无,无,无,14岁及以下,男女均可使用,是,是,是,否,正常使用环境,可合理预见的误使用,警示标识缺失,形状和表面性能危害,光滑表面,食道阻塞,,8岁女童误吞两颗磁力珠，卡在彤彤舌根的会厌谷部位。由于卡住时间长，磁力珠已经与喉部软组织粘连在一起。,https://baijiahao.baidu.com/s?id=1642463164584222451&wfr=spider&for=pc
315,文教体育用品,电动滑板车,无,无,无,不限年龄段,男女均可使用,否,是,是,否,正常使用环境,可合理预见的误使用,机械危害,动能危害,移动状态撞击,财产损失,,长春市民网购电动滑板车三年没有使用，近日拿出来充电不到一个小时，就冒烟起火导致火灾。,http://news.163.com/19/0827/11/ENJ6FGRM00019K82.html
316,家用电器及电器附件,抽油烟机,无,无,无,不限年龄段,男女均可使用,否,是,否,否,正常使用环境,正确的使用方式,机械危害,形状和表面性能危害,锐利边缘,财产损失,,南昌市民正在厨房准备午餐，美的抽油烟机玻璃面板突然爆裂，碎玻璃散落一地。,http://www.sohu.com/a/336388946_120045059
317,交通工具及相关产品,电动自行车,无,无,无,14～60岁,男女均可使用,否,是,是,否,正常使用环境,正确的使用方式,电气危害,电气爆炸,过热,烧伤,,上海市民家中正在充电的电动自行车凌晨起火，两人头面部、手部、脖颈部多处烧伤，烧伤面积分别为7%、21%，并伴随吸入性损伤。,https://www.thepaper.cn/newsDetail_forward_4279249
318,交通工具及相关产品,电动自行车,无,无,无,14～60岁,男女均可使用,否,是,是,否,正常使用环境,正确的使用方式,电气危害,电气爆炸,过热,财产损失,,柳州市一小区17栋发生一起火灾，疑因有业主在楼梯间的杂物房给电动车充电时引发火灾。,http://www.sohu.com/a/336692796_115423
319,交通工具及相关产品,电动自行车,无,无,无,14～60岁,男女均可使用,否,是,是,否,正常使用环境,正确的使用方式,电气危害,电气爆炸,过热,财产损失,,南京市一小区内的一个车棚发生火灾，原因为私拉电线给电动车充电引发，火灾烧毁了十三辆电动车。,http://news.163.com/19/0828/08/ENLCVFGP00019K82.html
320,家用电器及电器附件,空调,无,无,无,不限年龄段,男女均可使用,否,否,否,否,正常使用环境,正确的使用方式,电气危害,触电危害,漏电,财产损失,,绵阳一小区16楼一住户家中因空调外机起火未及时发现导致火灾。,http://news.163.com/19/0829/08/ENNV960K00019K82.html
321,信息技术产品,手机,无,无,无,不限年龄段,男女均可使用,否,否,否,否,正常使用环境,正确的使用方式,电气危害,电气爆炸,过热,财产损失,,广东中山市一小区业主郭先生把手机放在客厅沙发上充电然后去睡觉，不久手机发生爆炸起火。,http://www.sohu.com/a/337526094_120045059
322,交通工具及相关产品,电动自行车,无,无,无,14～60岁,男女均可使用,否,是,是,否,正常使用环境,正确的使用方式,电气危害,电气爆炸,过热,财产损失,,广宁县城中华西路怡景花园小区内，一楼某住户把电动车放进家里进行充电，不慎着火。,https://www.thepaper.cn/newsDetail_forward_4297032
323,信息技术产品,手机,无,无,无,不限年龄段,男女均可使用,否,否,否,否,正常使用环境,正确的使用方式,电气危害,触电危害,漏电,烧伤,,上海吴先生睡觉时不小心将充电的手机压在身下，手机起火，吴先生背部被烧伤。,http://ish.xinmin.cn/xnjx/2019/08/31/31578150.html
324,交通工具及相关产品,电动自行车,无,无,无,14～60岁,男女均可使用,否,是,是,否,正常使用环境,正确的使用方式,电气危害,电气爆炸,过热,财产损失,,江苏海安人民西路一家小牛电动专卖店突发大火，知情人士透露或为锂电池充电爆炸引起。,http://www.sohu.com/a/337841398_120053498
325,儿童用品,磁力珠玩具,无,无,无,14岁及以下,男女均可使用,是,是,是,否,正常使用环境,可合理预见的误使用,警示标识缺失,形状和表面性能危害,光滑表面,胃肠道穿孔或阻塞,,闽侯一名三岁女童误吞22颗磁力珠，造成肠穿孔。,https://www.thepaper.cn/newsDetail_forward_4306052
326,交通工具及相关产品,电动自行车,无,无,无,14～60岁,男女均可使用,否,是,是,否,正常使用环境,正确的使用方式,电气危害,电气爆炸,过热,财产损失,,东莞一民房一楼疑电动自行车充电引发火灾。,https://baijiahao.baidu.com/s?id=1643438942081418961&wfr=spider&for=pc
327,家用电器及电器附件,冰箱,无,无,无,不限年龄段,男女均可使用,否,否,否,否,正常使用环境,正确的使用方式,电气危害,电气爆炸,过热,财产损失,,重庆市民家里的冰箱突然起火燃烧。,http://mini.eastday.com/a/190901100053366.html
328,交通工具及相关产品,电动自行车电池,无,无,无,14～60岁,男女均可使用,否,是,是,否,正常使用环境,正确的使用方式,电气危害,电气爆炸,过热,烧伤,,江西省南昌市的周女士一家还在睡梦中，一块正在充电的电动车电池爆炸起火了，发出噼里啪啦的声响，周女士在救火时被烧伤。,http://baijiahao.baidu.com/s?id=1643555808284211238&wfr=spider&for=pc
329,交通工具及相关产品,电动自行车,无,无,无,14～60岁,男女均可使用,否,是,是,否,正常使用环境,正确的使用方式,电气危害,电气爆炸,散热不良,财产损失,,芜湖一女子驾驶一辆电动车行驶中突然起火。,http://baijiahao.baidu.com/s?id=1643655629033820764&wfr=spider&for=pc
330,儿童用品,扭蛋机,无,无,无,14岁及以下,男女均可使用,是,是,否,否,正常使用环境,正确的使用方式,机械危害,形状和表面性能危害,部件空隙或开口,卡伤,,小男孩将右手从扭蛋机出口伸进了机器。狭窄的口子刚好容得下洋洋细小的手臂，然而当他将整个前臂都伸进了机器后，却拔不出来了。,https://cq.qq.com/a/20190903/000758.htm
331,儿童用品,磁力珠玩具,无,无,无,14岁及以下,男女均可使用,是,是,是,否,正常使用环境,可合理预见的误使用,警示标识缺失,形状和表面性能危害,光滑表面,胃肠道穿孔或阻塞,,温州一名5岁男孩吞了46颗巴克球，导致胃肠穿孔10处。,http://news.66wz.com/system/2019/09/04/105192212.shtml
332,信息技术产品,充电宝,无,无,无,不限年龄段,男女均可使用,否,是,是,否,正常使用环境,可合理预见的误使用,电气危害,电气爆炸,短路,财产损失,,南京飞厦门的MU2809航班，因一名旅客携带的充电宝自燃，在起飞后返航南京。,https://finance.sina.com.cn/chanjing/gsnews/2019-09-04/doc-iicezzrq3356362.shtml
333,交通工具及相关产品,电动自行车电池,无,无,无,14～60岁,男女均可使用,否,是,是,否,正常使用环境,正确的使用方式,电气危害,电气爆炸,过热,烧伤,,电动自行车的电瓶在客厅充电时起火，一对50多岁的夫妇被迫从8楼家中翻窗逃生，夫妇俩分别被困在用来放置空调外机的狭窄窗沿上，其80多岁的父母被困在起火房间内。,https://sh.qq.com/a/20190905/001613.htm
334,儿童用品,磁力珠玩具,无,无,无,14岁及以下,男女均可使用,是,是,是,否,正常使用环境,可合理预见的误使用,警示标识缺失,形状和表面性能危害,光滑表面,胃肠道穿孔或阻塞,,青岛5岁的男孩误吞14颗磁力珠，造成胃肠多处穿孔。,https://xw.qq.com/amphtml/20190906A024LI00
335,儿童用品,磁力珠玩具,无,无,无,14岁及以下,男女均可使用,是,是,是,否,正常使用环境,可合理预见的误使用,警示标识缺失,形状和表面性能危害,光滑表面,胃肠道穿孔或阻塞,,淮安7岁女童误吞9颗磁铁，这些磁铁彼此吸引，造成胃肠4处穿孔。,http://www.sohu.com/a/339018716_255783
336,家用电器及电器附件,净水机,无,无,无,不限年龄段,男女均可使用,否,否,否,否,正常使用环境,正确的使用方式,无机毒物危害,有毒重金属及其化合物危害,铅及其化合物,中毒,,长沙市民家中两个孩子因为饮用净水机里的水，导致铅中毒。,https://tech.sina.com.cn/e/r/2019-09-05/doc-iicezueu3511899.shtml?cre=tianyi&mod=pctech&loc=17&r=25&rfunc=76&tj=none&tr=25
337,儿童用品,儿童床,无,无,无,14岁及以下,男女均可使用,否,是,否,否,正常使用环境,正确的使用方式,机械危害,形状和表面性能危害,锐利边缘,卡伤,,衡阳一名4岁小男孩因好奇将小手指卡塞进儿童床支架的金属孔内，导致手指被卡。,https://hn.qq.com/a/20190905/004317.htm
338,家用电器及电器附件,蓄电池,无,无,无,不限年龄段,男女均可使用,否,是,是,否,正常使用环境,正确的使用方式,电气危害,触电危害,漏电,财产损失,,太原宋女士家中遥控器里的一节南孚电池炸了，其正极板一头已被炸开。,http://www.tynews.com.cn/system/2019/09/05/030149035.shtml
339,交通工具及相关产品,电动自行车电池,无,无,无,14～60岁,男女均可使用,否,是,是,否,正常使用环境,正确的使用方式,电气危害,电气爆炸,过热,财产损失,,深圳一租客王某为贪图方便，在租房内给电动自行车电池充电。在充电时长约6小时后，电池突然爆炸并冒出大量火花和浓烟。,"https://mbd.baidu.com/newspage/data/landingsuper?context=%7B""nid""%3A""news_10232874898422413482""%7D&n_type=1&p_from=4"
340,家用电器及电器附件,电灭蚊器,无,无,无,不限年龄段,男女均可使用,否,是,是,否,正常使用环境,正确的使用方式,辐射危害,射线辐射危害,紫外线辐射,视力受损,,温州两个孩子把灭蚊灯当成了玩具，白天一直围着灭蚊灯玩，家中的老人也坐在灭蚊灯旁边看着。老人和两个孩子突然出现眼睛疼痛难忍、睁眼困难的症状，医生诊断为“电光性眼炎”。,http://www.wzrb.com.cn/article967219_256show.html
341,交通工具及相关产品,电动车充电柜,无,无,无,14～60岁,男女均可使用,否,是,是,否,正常使用环境,正确的使用方式,电气危害,电气爆炸,过热,财产损失,,深圳宝安一家厂房后面的电动车集中充电点发生火灾，68辆电动车、3辆汽车被烧毁，原因为电动自行车充电时起火。,http://3g.163.com/dy/article/EONTNCI20514MI6D.html
342,信息技术产品,充电宝,无,无,无,不限年龄段,男女均可使用,否,是,是,否,正常使用环境,可合理预见的误使用,电气危害,电气爆炸,短路,财产损失,,西安地铁三号线行驶到延平门—科技路区间时，由于一乘客的充电宝冒烟，现场乘客使用了列车灭火器，造成车厢内烟雾较大，乘客被紧急疏散。,http://news.hsw.cn/system/2019/0910/1113852.shtml
343,家用电器及电器附件,太阳能热水器,无,无,无,不限年龄段,男女均可使用,否,是,是,否,正常使用环境,正确的使用方式,机械危害,潜在能量危害,压力空间失控,烫伤,,定州一5岁女童躲在房顶的太阳能集热管下面荫凉里，一根太阳能集热管突然发生了爆裂，女童被80%烫伤。,https://new.qq.com/omn/20190911/20190911A0MZV300.html
344,交通工具及相关产品,电动自行车电池,无,无,无,14～60岁,男女均可使用,否,是,是,否,正常使用环境,正确的使用方式,电气危害,电气爆炸,过热,财产损失,,上海宝山区一出租房发生火灾，起火原因疑为电瓶车的电瓶在充电时起火，所幸扑救及时，未造成人员伤亡。,http://baijiahao.baidu.com/s?id=1644429955401980287&wfr=spider&for=pc
345,家用电器及电器附件,洗衣机,无,无,无,不限年龄段,男女均可使用,否,是,是,否,高湿环境,正确的使用方式,电气危害,触电危害,漏电,卡伤,,北京延庆区一名两岁左右的男孩因贪玩钻进了洗衣机滚筒，结果右脚被死死卡住。,http://baijiahao.baidu.com/s?id=1644430180733551363&wfr=spider&for=pc
346,交通工具及相关产品,电动自行车,无,无,无,14～60岁,男女均可使用,否,是,是,否,正常使用环境,正确的使用方式,电气危害,电气爆炸,过热,财产损失,,阜城天瑞名城小区内一辆电动车突然起火，殃及停放在附近的一辆轿车。这次火情是由于小区业主私自飞线给电动车充电造成的。,https://www.fynews.net/article-180964-1.html
347,交通工具及相关产品,电动车充电柜,无,无,无,14～60岁,男女均可使用,否,是,是,否,正常使用环境,正确的使用方式,电气危害,触电危害,短路,财产损失,,深圳一城中村充电箱起火，因电池是共享的，使用频率较高，在使用过程中会由于外力碰撞产生裂缝，导致雨水进入电池发生短路而引发火灾。,http://www.sohu.com/a/340911961_355800
348,儿童用品,磁力珠玩具,无,无,无,14岁及以下,男女均可使用,是,是,是,否,正常使用环境,可合理预见的误使用,警示标识缺失,形状和表面性能危害,光滑表面,胃肠道穿孔或阻塞,,平远一名3岁女童误吞了6颗磁力珠造成肠穿孔。,http://www.sohu.com/a/340960414_99959932
349,家具及建筑装饰装修材料,紫外线灯,无,无,无,不限年龄段,男女均可使用,否,是,是,否,正常使用环境,正确的使用方式,辐射危害,射线辐射危害,紫外线辐射,视力受损,,光明区公明街道某小学里，有学生被误开的紫外线灯“晒伤”。经社康诊治后发现，多名学生角膜出现灼伤，所幸灯光照射时间不长，问题不算严重。,http://3g.163.com/local/article/EP9HNVF304178D6R.html
350,交通工具及相关产品,电动自行车,无,无,无,14～60岁,男女均可使用,否,是,是,否,正常使用环境,正确的使用方式,电气危害,电气爆炸,过热,财产损失,,广西南宁江南区一市民因私拉电线充电致电动自行车失火，现场烧毁电动自行车一辆、烧损电动自行车2辆，无人员伤亡。,http://baijiahao.baidu.com/s?id=1644935351673841844&wfr=spider&for=pc
351,儿童用品,磁力珠玩具,无,无,无,14岁及以下,男女均可使用,是,是,是,否,正常使用环境,可合理预见的误使用,警示标识缺失,形状和表面性能危害,光滑表面,胃肠道穿孔或阻塞,,伊通3岁女童误吞12粒磁力珠，这些磁力珠进入肠道吸附在一起后，造成5处肠穿孔、1处肠坏死引起严重腹膜炎。,https://www.thepaper.cn/newsDetail_forward_4444702
352,儿童用品,磁力珠玩具,无,无,无,14岁及以下,男女均可使用,是,是,是,否,正常使用环境,可合理预见的误使用,机械危害,形状和表面性能危害,小零件,胃肠道穿孔或阻塞,,汉口3岁男童误将23颗巴克球磁珠吞入腹中。磁珠在腹中互相吸引，串成“糖葫芦”，孩子差点因此胃肠壁穿孔。,http://www.cjrbapp.cjn.cn/p/124047.html
353,家用电器及电器附件,洗衣机,无,无,无,不限年龄段,男女均可使用,否,是,是,否,高湿环境,正确的使用方式,电气危害,触电危害,漏电,卡伤,,江北区五星花园小区一3岁男孩因贪玩，钻进洗衣机滚筒里被卡住了。,http://www.sohu.com/a/341561914_255783
354,家用电器及电器附件,冰箱,无,无,无,不限年龄段,男女均可使用,否,否,否,否,正常使用环境,正确的使用方式,电气危害,电气爆炸,过热,财产损失,,海秀中路某小区一住户家里冰箱着火，龙华消防大队金盘中队指战员赶到现场把火扑灭，火灾没有造成人员伤亡。,http://3g.163.com/dy/article/EPBMQ7TF0514TTO8.html
355,信息技术产品,充电宝,无,无,无,不限年龄段,男女均可使用,否,是,是,否,正常使用环境,可合理预见的误使用,电气危害,电气爆炸,短路,财产损失,,安溪宝龙国际社区1号楼1单元1602室发生火灾，经初步调查，火灾系因业主家中充电宝着火所致。,http://www.sohu.com/a/341537185_715673
356,家用电器及电器附件,空调,无,无,无,不限年龄段,男女均可使用,否,否,否,否,正常使用环境,正确的使用方式,电气危害,触电危害,漏电,财产损失,,南京秦淮区洪武路一小区的二楼平台冒出浓烟，很快明火窜出。起火点疑似为空调外机，有可能是电路问题引发的火情。,http://baijiahao.baidu.com/s?id=1645059671136995091&wfr=spider&for=pc
357,家用电器及电器附件,洗衣机,无,无,无,不限年龄段,男女均可使用,否,是,是,否,高湿环境,正确的使用方式,电气危害,触电危害,漏电,卡伤,,信阳新县一民房内一2岁男童玩耍时被卡在洗衣机脱水桶里面。,http://henan.sina.cn/news/z/2019-09-19/detail-iicezzrq7032529.d.html?oid=o&vt=4&wm=9021_0001
358,交通工具及相关产品,电动自行车,无,无,无,14～60岁,男女均可使用,否,是,是,否,正常使用环境,正确的使用方式,电气危害,电气爆炸,过热,财产损失,,平顶山市一民房起火，起火原因是一楼出口处电动车充电发生自燃。,http://henan.sina.com.cn/news/s/2019-09-21/detail-iicezzrq7486646.shtml?from=henan_ydph
359,家具及建筑装饰装修材料,淋浴房,无,无,无,不限年龄段,男女均可使用,否,否,否,否,高湿环境,正确的使用方式,机械危害,形状和表面性能危害,锐利边缘,划伤,,余杭阳女士洗完澡推开浴室门的时候，玻璃门突然炸了，导致她全身上下都有不少被玻璃划伤的伤口，尤其是手上的伤最严重。,http://baijiahao.baidu.com/s?id=1645400864084406391&wfr=spider&for=pc
360,家用电器及电器附件,洗衣机,无,无,无,不限年龄段,男女均可使用,否,是,是,否,高湿环境,正确的使用方式,电气危害,触电危害,漏电,卡伤,,滨海新区古林街海宁园小区，有一名9岁女孩在家中玩捉迷藏时不慎卡在洗衣机里。,http://news.eastday.com/eastday/13news/auto/news/china/20190923/u7ai8828940.html
361,信息技术产品,充电宝,无,无,无,不限年龄段,男女均可使用,否,是,是,否,正常使用环境,可合理预见的误使用,电气危害,电气爆炸,短路,财产损失,,消费者向黑猫投诉平台反映，因产品质量问题，放在车内时自燃。,http://news.sina.com.cn/ts/2019-09-24/doc-iicezzrq8113124.shtml
362,家用电器及电器附件,燃气灶,无,无,无,14～60岁,男女均可使用,否,是,是,否,高温环境,可合理预见的误使用,机械危害,形状和表面性能危害,锐利边缘,财产损失,,消费者向黑猫投诉平台反映，买了一个多月的燃气灶台，今天在操作后近一小时左右，玻璃面板无故发生整体爆炸，玻璃散落台面，,http://news.sina.com.cn/ts/2019-09-24/doc-iicezzrq8192032.shtml
363,交通工具及相关产品,电动自行车,无,无,无,14～60岁,男女均可使用,否,是,是,否,正常使用环境,正确的使用方式,电气危害,电气爆炸,过热,财产损失,,福建一小区居民停放在楼梯口的电动车充电时自燃引发火灾。,http://baijiahao.baidu.com/s?id=1645613648601585566&wfr=spider&for=pc
364,家具及建筑装饰装修材料,玻璃门,无,无,无,不限年龄段,男女均可使用,否,是,是,否,正常使用环境,正确的使用方式,机械危害,形状和表面性能危害,锐利边缘,划伤,,南宁黄女士推开店铺玻璃门时，一扇沉重的钢化玻璃门突然碎裂，掉下来的玻璃碎块砸到她，导致头部、胳膊、手部多处被划伤流血，她为此到医院缝了8针。,http://baijiahao.baidu.com/s?id=1645725048113910890&wfr=spider&for=pc
365,家用电器及电器附件,抽油烟机,无,无,无,不限年龄段,男女均可使用,否,是,否,否,正常使用环境,正确的使用方式,机械危害,形状和表面性能危害,锐利边缘,财产损失,,平顶山市民白先生家中的樱花牌抽烟机玻璃面板粉碎，油烟机下面的灶台及厨房的地面上布满了玻璃碎片，室内一片狼藉。,https://new.qq.com/omn/HNC20190/HNC2019092600188100.html
366,交通工具及相关产品,电动自行车,无,无,无,14～60岁,男女均可使用,否,是,是,否,正常使用环境,正确的使用方式,电气危害,电气爆炸,过热,财产损失,,民泰龙泰苑A区一储藏室失火，起火的是该储藏室内的电动车，当时电动车正在充电。 ,http://news.lznews.cn/luzhong/zibo/201909/t20190926_11500800.html
367,信息技术产品,充电宝,无,无,无,不限年龄段,男女均可使用,否,是,是,否,正常使用环境,可合理预见的误使用,电气危害,电气爆炸,短路,财产损失,,消费者向黑猫投诉平台反映，跟朋友去餐厅吃饭时，有人借了小电的充电宝，使用当中自燃了，整个餐厅都是一股烧焦的胶皮味。,https://news.sina.cn/2019-09-28/detail-iicezzrq8989744.d.html?vt=4&pos=3
368,家用电器及电器附件,燃气灶,无,无,无,14～60岁,男女均可使用,否,是,是,否,高温环境,可合理预见的误使用,机械危害,形状和表面性能危害,锐利边缘,财产损失,,燃气灶玻璃面板发生爆裂，玻璃飞到了厨房里的各个角落，玻璃碎碴铺了满地。,http://baijiahao.baidu.com/s?id=1646096103439815094&wfr=spider&for=pc
