序号,产品类别,产品名称,品牌,产品规格/型号,生产厂家,使用对象年龄,使用对象性别,使用时是否有成人看护,是否有成人对其进行安全教育,是否能够认识到产品存在危害,第一次使用该产品或类似产品,使用环境,使用方式,产品存在的一级危害因素,产品存在的二级危害因素,产品存在的三级危害因素,导致的伤害,伤害事件发生的时间,备注（事件概述）,事件链接
1,电子及信息技术产品,iPad,iphone,无,无,不限年龄段,男女均可使用,否,否,否,否,正常使用环境,正确的使用方式,电气危害,电气爆炸,过热,财产损失,,马女士是洛阳一家卫浴用具店的工作人员，她新买的不到一个月的ipad，放在吧台上时突然发生了爆炸。,
2,日用杂品,按摩椅,无,无,无,14～60岁,男女均可使用,否,否,否,否,正常使用环境,正确的使用方式,机械危害,形状和表面性能危害,部件空隙或开口,肢体卡伤,,一位女士在使用按摩椅时，头部和头发根部被夹在按摩椅机器当中。,
3,儿童用品,玩具（磁力珠）,无,无,无,14岁及以下,男女均可使用,是,是,否,否,正常使用环境,正确的使用方式,机械危害,形状和表面性能危害,小零件,胃肠道穿孔或阻塞,,重庆刘先生向实况新闻-重庆时报记者爆料称，他的一位同事家里两岁多的儿子，因误食五颗巴克球导致肠穿孔，危及生命。,
4,儿童用品,玩具（磁力珠）,无,无,无,14岁及以下,男女均可使用,是,是,否,否,正常使用环境,正确的使用方式,机械危害,形状和表面性能危害,小零件,胃肠道穿孔或阻塞,,云南一8岁男孩吞下10多颗巴克球导致胃穿孔 ,
5,家用电器及电器附件,壁挂炉,无,无,无,不限年龄段,男女均可使用,否,否,否,否,正常使用环境,正确的使用方式,其他,其他,一氧化碳,中毒,,壁挂炉在正常使用过程中发生了爆炸，导致用户一氧化碳中毒,
6,家用电器及电器附件,冰箱,无,无,无,不限年龄段,男女均可使用,否,否,否,否,正常使用环境,正确的使用方式,电气危害,电气爆炸,过热,财产损失,,潍坊市民在网上刚买了一个月的二手小冰箱突然自燃烧毁。,
7,家具及建筑装饰装修材料,玻璃窗,无,无,无,不限年龄段,男女均可使用,否,否,是,否,正常使用环境,正确的使用方式,机械危害,形状和表面性能危害,玻璃应力,财产损失,,阳光房顶上的一块玻璃出现了一个大窟窿，碎玻璃落了一地。,
8,家具及建筑装饰装修材料,玻璃窗,无,无,无,不限年龄段,男女均可使用,否,否,是,否,正常使用环境,正确的使用方式,机械危害,形状和表面性能危害,玻璃应力,财产损失,,上海一小区建筑玻璃外层发生爆裂。,
9,家具及建筑装饰装修材料,玻璃窗,无,无,无,不限年龄段,男女均可使用,否,否,是,否,正常使用环境,正确的使用方式,机械危害,形状和表面性能危害,玻璃应力,财产损失,,"杭州钱江新城来福士广场T2塔楼51层的一处幕墙玻璃自爆，碎片从200多米高空坠落，砸中一辆路过的奔驰车，所幸车内司机没有受伤。",
10,家用电器及电器附件,插线板,无,无,无,不限年龄段,男女均可使用,否,否,是,否,正常使用环境,正确的使用方式,电气危害,触电危害,短路,烧伤,,华西医院烧伤外科病房收治了一名4岁大的女孩彤彤，因插线板短路引发了火灾，孩子双腿几乎被烧得焦黑。,
11,家用电器及电器附件,肠粉机,无,无,无,14～60岁,男女均可使用,否,否,否,否,正常使用环境,正确的使用方式,电气危害,触电危害,短路,烧伤,,肠粉机在使用时突然从底部、四周喷火烧伤母子两人,
12,电子及信息技术产品,充电宝,无,无,无,不限年龄段,男女均可使用,否,是,否,否,正常使用环境,正确的使用方式,电气危害,电气爆炸,过热,财产损失,,舟山嵊泗一民宅卧室突发大火，损失惨重，而火灾竟是由放置屋内的充电宝自燃所致。,
13,电子及信息技术产品,充电宝,无,无,无,不限年龄段,男女均可使用,否,是,否,否,正常使用环境,正确的使用方式,电气危害,电气爆炸,过热,炸伤,,李先生躺在床上玩游戏，手机没电了就连上充电宝边充边玩。睡着后充电宝燃烧爆炸，李先生后脑被炸伤。,
14,日用杂品,电池（充电电池）,无,无,无,不限年龄段,男女均可使用,否,是,否,否,正常使用环境,正确的使用方式,电气危害,电气爆炸,过热,炸伤,,宜昌7岁男孩在家用电线连充电电池亮灯泡，没想到充电电池及灯泡突然爆炸，男孩不仅面部、胸部被炸伤，双手10根手指更被炸的只剩下残缺不全的5根。,
15,日用杂品,电池（纽扣电池）,无,无,无,不限年龄段,男女均可使用,否,否,否,否,正常使用环境,正确的使用方式,机械危害,形状和表面性能危害,小零件,胃肠道穿孔或阻塞,,烟台一八月龄婴儿误吞纽扣电池53小时。,
16,电子及信息技术产品,电池（手机锂电池）,无,无,无,不限年龄段,男女均可使用,否,是,否,否,正常使用环境,正确的使用方式,电气危害,电气爆炸,过热,财产损失,,经查，该火灾是由店铺内工作人员修理一块锂电池引起，店内的监控视频还原了事故过程。当时，工作人员下班后，将修理好的一块电池放于插线板上充电，然后就走人了。由于无人看管，电池在充电时突然爆燃引燃了周边物品，最终导致火灾的发生。,
17,文教体育用品,电动平衡车,无,无,无,14～60岁,男女均可使用,否,否,是,否,正常使用环境,正确的使用方式,机械危害,潜在能量危害,机械稳定性,摔伤,,天津市民骑着平衡车正常出门，在正常行驶十几分钟的时候，小米平衡车突然停止，由于巨大的冲击，身体上有四处明显擦伤和撞击的痕迹。而小米平衡车不知什么原因，整个就如系统卡死一样，开关机键已经不管用，通过开关机和APP尝试了多次，APP一直无法通过蓝牙连接上平衡车。,
18,交通用具及相关产品,电动自行车,无,无,无,14～60岁,男女均可使用,否,否,是,否,正常使用环境,正确的使用方式,电气危害,电气爆炸,过热,烧伤,,电动车锂电池过夜充电着火。两位伤者均为头面部和四肢烧伤并有吸入性损伤，目前生命体征平稳。,
19,交通用具及相关产品,电动自行车,无,无,无,14～60岁,男女均可使用,否,否,是,否,正常使用环境,正确的使用方式,电气危害,电气爆炸,过热,烧伤,,杭州洁莲社区一栋居民楼的六楼起火，起火可能是因为电瓶车在家里过夜充电引起的。,
20,交通用具及相关产品,电动自行车,无,无,无,14～60岁,男女均可使用,否,否,是,否,正常使用环境,正确的使用方式,机械危害,潜在能量危害,机械稳定性,摔伤,,安装在电动自行车上的儿童座椅松动，导致她孩子被甩出受了伤。,
21,交通用具及相关产品,电动自行车,无,无,无,14～60岁,男女均可使用,否,否,是,否,正常使用环境,正确的使用方式,电气危害,电气爆炸,过热,财产损失,,省城巢湖南路元一柏庄小区某栋一楼住户家因电动车充电突发火灾,
22,交通用具及相关产品,电动自行车,无,无,无,14～60岁,男女均可使用,否,否,是,否,正常使用环境,正确的使用方式,电气危害,触电危害,短路,财产损失,,电瓶车正在店铺内充电，可能是短路引发的火灾。,
23,交通用具及相关产品,电动自行车,无,无,无,14～60岁,男女均可使用,否,否,是,否,正常使用环境,正确的使用方式,电气危害,电气爆炸,过热,财产损失,,在济南八里桥新居，一辆停放在楼道里的电动车莫名起火，部分楼道被熏黑，所幸无人受伤。,
24,交通用具及相关产品,电动自行车,无,无,无,14～60岁,男女均可使用,否,否,是,否,正常使用环境,正确的使用方式,电气危害,电气爆炸,过热,财产损失,,"萧山某小区地下室冒出滚滚浓烟，而引发火灾的罪魁祸首，竟是一辆正在充电的电瓶车充电器。",
25,交通用具及相关产品,电动自行车,无,无,无,14～60岁,男女均可使用,否,否,是,否,正常使用环境,正确的使用方式,电气危害,电气爆炸,过热,财产损失,,一辆停在武汉大学计算机学院门口的电动车突然自燃，十多分钟就烧成空架。,
26,交通用具及相关产品,电动自行车,无,无,无,14～60岁,男女均可使用,否,否,是,否,正常使用环境,正确的使用方式,电气危害,电气爆炸,过热,财产损失,,嘉定区丰庄路近丰庄北路上，一辆电瓶车发生了自燃。热心市民纷纷提供灭火器灭火，未造成蔓延。,
27,交通用具及相关产品,电动自行车,无,无,无,14～60岁,男女均可使用,否,否,是,否,正常使用环境,正确的使用方式,电气危害,电气爆炸,过热,财产损失,,市区共发生7起火灾警情，全部为室外电动车起火。其中金水区3起，惠济区、二七区、管城区、中原区各1起，共烧毁电动车20辆。,
28,交通用具及相关产品,电动自行车,无,无,无,14～60岁,男女均可使用,否,否,是,否,正常使用环境,正确的使用方式,电气危害,电气爆炸,过热,财产损失,,海口市秀英区向荣路一小区架空层停放的电动车突然起火，12辆电动车被烧毁，7辆电动车受损，无人员伤亡。,
29,交通用具及相关产品,电动自行车,无,无,无,14～60岁,男女均可使用,否,否,是,否,正常使用环境,正确的使用方式,电气危害,电气爆炸,过热,财产损失,,大兴西路发生一起火灾，5人被困，幸亏邻居们砸破窗户玻璃，拆除安全护栏，5人才得以脱险。参与救人的赵先生事后曾进入起火的住宅，他怀疑火灾原因又是因电动车充电而起。,
30,交通用具及相关产品,电动自行车,无,无,无,14～60岁,男女均可使用,否,否,是,否,正常使用环境,正确的使用方式,电气危害,电气爆炸,过热,财产损失,,汇景新城小区有一辆电瓶车起火。中队官兵到达现场时电瓶车正在猛烈燃烧。,
31,交通用具及相关产品,电动自行车,无,无,无,14～60岁,男女均可使用,否,否,是,否,正常使用环境,正确的使用方式,电气危害,电气爆炸,过热,财产损失,,一段南京地铁林场站高架下浓烟滚滚的视频在网上流传，该事件为车站外电动车自燃引发的火情。,
32,交通用具及相关产品,电动自行车,无,无,无,14～60岁,男女均可使用,否,否,是,否,正常使用环境,正确的使用方式,电气危害,电气爆炸,过热,财产损失,,电动车充电引发3家店铺火灾。,
33,交通用具及相关产品,电动自行车,无,无,无,14～60岁,男女均可使用,否,否,是,否,正常使用环境,正确的使用方式,电气危害,电气爆炸,过热,财产损失,,郑州市高新区一小区的车棚发生火灾，车棚内的十余辆电动车被烧得只剩铁架子。物业和业主都怀疑是飞线充电引起的火灾。,
34,交通用具及相关产品,电动自行车,无,无,无,14～60岁,男女均可使用,否,否,是,否,正常使用环境,正确的使用方式,电气危害,电气爆炸,过热,财产损失,,共享电动车冒烟自燃，并波及旁边的两辆车。,
35,交通用具及相关产品,电动自行车,无,无,无,14～60岁,男女均可使用,否,否,是,否,正常使用环境,正确的使用方式,电气危害,电气爆炸,过热,死亡,,西安居民住宅因电动自行车起火，造成4人死亡,
36,交通用具及相关产品,电动自行车,无,无,无,14～60岁,男女均可使用,否,否,是,否,正常使用环境,正确的使用方式,电气危害,电气爆炸,过热,死亡,,江苏苏州高新区浒墅关经济开发区一小区楼道发生电动车火灾。主要燃烧物质为电动车，造成4人死亡,
37,交通用具及相关产品,电动自行车,无,无,无,14～60岁,男女均可使用,否,否,是,否,正常使用环境,正确的使用方式,电气危害,电气爆炸,过热,财产损失,,1月11日凌晨，衡阳市蒸湘区长湖乡长湖三队一居民楼发生火灾，一居民放在楼下过道充电的电动车起火，旁边两台电动车受损。,
38,交通用具及相关产品,电动自行车,无,无,无,14～60岁,男女均可使用,否,否,是,否,正常使用环境,正确的使用方式,电气危害,电气爆炸,漏电,财产损失,,因楼上居民飞线充电，位于郑州市农业路与南阳路交叉口附近的一所小区接连两天发生两起火灾，先后烧毁了12辆电动车和1辆自行车，就连楼外安装的天燃气表也被烧毁，一些居民家的空调室外机被烧坏。,
39,交通用具及相关产品,电动自行车,无,无,无,14～60岁,男女均可使用,否,否,是,否,正常使用环境,正确的使用方式,电气危害,电气爆炸,过热,财产损失,,4月13日凌晨3点40分左右，浙江杭州拱墅区吴家墩东苑一处快递点突发火灾。最先起火的是一个正在充电的电瓶。这个电瓶就放置在快递点内的一个小推车上，充电线拉了四五米长，正在充电。,
40,交通用具及相关产品,电动自行车,无,无,无,14～60岁,男女均可使用,否,否,是,否,正常使用环境,正确的使用方式,电气危害,触电危害,短路,死亡,,电动车充电可能发生短路，引燃了旁边的易燃物，由于火情发生于凌晨深夜，人们未能及时发现，导致整栋民宅失火。,
41,交通用具及相关产品,电动自行车,无,无,无,14～60岁,男女均可使用,否,否,是,否,正常使用环境,正确的使用方式,电气危害,电气爆炸,过热,财产损失,,一辆停放在地下室充电的电动自行车起火，导致室内其他物品被烧毁。幸好邻居及时发现并报警，消防员赶到将火扑灭。,
42,交通用具及相关产品,电动自行车,无,无,无,14～60岁,男女均可使用,否,否,是,否,正常使用环境,正确的使用方式,电气危害,电气爆炸,过热,财产损失,,在万达华府8 幢31层现场，一股浓浓的烧焦味道，地上有积水，在走廊的尽头、靠近3105 室边上的排烟通道，停放着一辆电瓶车，有明显被烧过的痕迹，从3105 室窗户内有一根黄色的电线通至该电瓶车处，并连接着电瓶车的充电器，充电器的另外一头连接在电瓶车上。,
43,交通用具及相关产品,电动自行车,无,无,无,14～60岁,男女均可使用,否,否,是,否,正常使用环境,正确的使用方式,电气危害,电气爆炸,过热,烧伤,,电瓶车的电池放在床边充电，夜半时分，电池突然爆炸，致使韩先生全身重度烧伤。,
44,交通用具及相关产品,电动自行车,无,无,无,14～60岁,男女均可使用,否,否,是,否,正常使用环境,正确的使用方式,电气危害,电气爆炸,过热,财产损失,,5月28日，江苏泰州某小区22楼的过道内一充电的电动车起火，火苗蹿至屋顶。,
45,交通用具及相关产品,电动自行车,无,无,无,14～60岁,男女均可使用,否,否,是,否,正常使用环境,正确的使用方式,电气危害,电气爆炸,过热,财产损失,,2018年6月7日晚上，一居民从楼上飞线充电的电动车突然着火，火势顺着居民楼的外保温层迅速上蹿直到六层。所幸扑救及时，火灾中没有人员伤亡。,
46,交通用具及相关产品,电动自行车,无,无,无,14～60岁,男女均可使用,否,否,是,否,正常使用环境,正确的使用方式,电气危害,触电危害,短路,死亡,,火灾起火点是小区楼下的电动车棚，怀疑是由充电时电线短路引发。,
47,交通用具及相关产品,电动自行车,无,无,无,14～60岁,男女均可使用,否,否,是,否,正常使用环境,正确的使用方式,电气危害,电气爆炸,过热,财产损失,,2018年3月10日，一位今日头条的认证自媒体作者“王左中右”在今日头条微头条配图发文，声称自己在某品牌专卖店里购买才一个月的天能锂电池在充电过程中发生爆炸，自己与家人虽然死里逃生，但整个家都烧没了。,
48,家用电器及电器附件,电饭锅,无,无,无,不限年龄段,男女均可使用,否,是,是,否,正常使用环境,正确的使用方式,电气危害,电气爆炸,过热,财产损失,,网购电锅，第一次使用时因为电源线起火还烧着了桌布。,
49,家用电器及电器附件,电暖器,无,无,无,不限年龄段,男女均可使用,否,是,是,否,正常使用环境,正确的使用方式,电气危害,电气爆炸,过热,财产损失,,中午的时候户主因其有要紧事离开房间忘记关房间内电暖气，房间内电暖气距离周围可燃物太近，从而导致发生火灾。,
50,家用电器及电器附件,电热水袋,无,无,无,不限年龄段,男女均可使用,否,是,是,否,正常使用环境,正确的使用方式,电气危害,电气爆炸,过热,烫伤,,陈先生把电热水袋放在床头柜上充电，本想着早上取暖用一下，没想到却突然炸开了。电热水袋里面的褐色液体洒得到处都是，他脸部被烫伤。,
51,家用电器及电器附件,电热水器,无,无,无,不限年龄段,男女均可使用,否,是,是,否,正常使用环境,正确的使用方式,电气危害,电气爆炸,过热,死亡,,杨家沁苑一男子在家用电热水器洗澡时触电身亡。,
52,家用电器及电器附件,电热水器,无,无,无,不限年龄段,男女均可使用,否,是,是,否,正常使用环境,正确的使用方式,电气危害,电气爆炸,过热,死亡,,女子洗澡触电身亡，家属质疑出租屋的电线安装存在问题，导致地线带电，以致热水器导电致人死亡。,
53,家用电器及电器附件,电热水器,无,无,无,不限年龄段,男女均可使用,否,是,是,否,正常使用环境,正确的使用方式,电气危害,触电危害,漏电,死亡,,13岁的男童小杰（化名）和他父亲，疑因电热水器漏电，被发现双双倒在浴室内，没有了生命迹象。,
54,家用电器及电器附件,电热毯,无,无,无,不限年龄段,男女均可使用,否,是,是,否,正常使用环境,正确的使用方式,电气危害,电气爆炸,过热,财产损失,,扬州市区运河北路原钢铁厂宿舍二楼，一住户外家中突发火灾，所幸未造成人员伤亡。起火原因疑似出门时未关闭电热毯电源。,
55,家用电器及电器附件,电视机,无,无,无,不限年龄段,男女均可使用,否,否,否,否,正常使用环境,正确的使用方式,电气危害,电气爆炸,过热,财产损失,,老人在屋内看电视，突然电视机爆炸起火，随后火势蔓延。,
56,家用电器及电器附件,电视机,无,无,无,不限年龄段,男女均可使用,否,否,否,否,正常使用环境,正确的使用方式,机械危害,潜在能量危害,机械强度,财产损失,,新买的小米平板电视内屏裂了，裂缝处发散出横竖两条线，十分影响观看体验。,
57,家用电器及电器附件,电视机,无,无,无,不限年龄段,男女均可使用,否,否,否,否,正常使用环境,正确的使用方式,电气危害,电气爆炸,过热,财产损失,,合川钱塘镇一小区居民楼五楼住户家中突发大火，火灾是电视机起火引发。,
58,家用电器及电器附件,电蚊拍,无,无,无,不限年龄段,男女均可使用,否,是,否,否,正常使用环境,正确的使用方式,电气危害,触电危害,短路,轻伤,,去年购买的电蚊拍，网拍变形导致短路，用户险些受伤。,
59,家用电器及电器附件,电压力锅,无,无,无,14～60岁,男女均可使用,否,是,是,否,正常使用环境,正确的使用方式,电气危害,电气爆炸,过热,财产损失,,新买的电压力锅用预定模式煮饭，半夜自燃。,
60,家用电器及电器附件,电油汀,无,无,无,不限年龄段,男女均可使用,否,是,否,否,正常使用环境,正确的使用方式,电气危害,电气爆炸,过热,轻伤,,在网上买了一台油汀取暖器，就在前几天，油汀取暖器在使用过程中，突然间发生了爆炸。,
61,儿童用品,儿童床,无,无,无,37个月～96个月,男女均可使用,否,是,否,否,正常使用环境,正确的使用方式,机械危害,形状和表面性能危害,部件空隙或开口,死亡,,"6月12日，广安市前锋区观塘镇小宝贝幼儿园一名幼儿在幼儿园睡觉醒后，下床时不慎从床沿护栏空隙处滑落，其脖子被床沿护栏卡住，致其窒息死亡。",
62,儿童用品,儿童床,无,无,无,37个月～96个月,男女均可使用,否,是,否,否,正常使用环境,正确的使用方式,机械危害,形状和表面性能危害,部件空隙或开口,肢体卡伤,,新华区一名两周岁女童玩耍时，不小心腿部被卡在木床的床缝中。,
63,儿童用品,儿童游泳圈,无,无,无,37个月～96个月,男女均可使用,是,是,否,否,正常使用环境,正确的使用方式,机械危害,形状和表面性能危害,部件空隙或开口,溺水,,家住福建泉州的张女士带7个月大的儿子到母婴店游泳，当时使用的是坐式游泳圈，在无人看管下，宝宝在浮动的水中突然失去平衡，身体前倾跟着游泳圈翻到，他便头朝下栽入水中，所幸被店员发现。,
66,家用电器及电器附件,烘干机,无,无,无,14～60岁,男女均可使用,否,否,是,否,正常使用环境,正确的使用方式,电气危害,触电危害,短路,财产损失,,天河区员村二横街昌乐园小区的一处出租屋发生火灾，因烘干机短路引发大火 。,
67,电子及信息技术产品,激光笔,无,无,无,不限年龄段,男女均可使用,否,是,否,否,正常使用环境,正确的使用方式,辐射危害,射线辐射危害,激光辐射,灼伤,,宁波一小学生在学校附近买的激光笔，照到了眼睛，导致双眼几乎失明。,
68,电子及信息技术产品,激光笔,无,无,无,不限年龄段,男女均可使用,否,是,否,否,正常使用环境,正确的使用方式,辐射危害,射线辐射危害,激光辐射,灼伤,,济南三年级小学生在和朋友玩耍时，被激光笔照射到眼睛，感觉到左眼看不见了。到医院检查后发现其眼睛黄斑区受损，左眼视力下降到了0.3。,
69,家具及建筑装饰装修材料,建筑围栏玻璃,无,无,无,不限年龄段,男女均可使用,否,是,是,否,正常使用环境,正确的使用方式,机械危害,形状和表面性能危害,玻璃应力,死亡,,"广东轻工职业技术学院南海校区教学楼一块围栏玻璃怀疑因受热爆裂从三楼坠落,一名女学生被当场砸中身亡。",
70,家具及建筑装饰装修材料,景观灯,无,无,无,不限年龄段,男女均可使用,否,否,是,否,正常使用环境,正确的使用方式,电气危害,电气爆炸,过热,死亡,,福建省福清市金辉华府小区内，发生一起疑似3名儿童在小区景观水池内嬉戏触电身亡事件。,
71,家用电器及电器附件,净水器,美的,无,无,不限年龄段,男女均可使用,否,否,否,否,正常使用环境,正确的使用方式,电气危害,电气爆炸,过热,财产损失,,疑似美的牌净水器起火引发火灾。,
72,家用电器及电器附件,空调,无,无,无,不限年龄段,男女均可使用,否,否,否,否,正常使用环境,正确的使用方式,电气危害,电气爆炸,短路,财产损失,,窑山花园东门保安室空调外机起火引燃超市。,
73,家用电器及电器附件,空调,无,无,无,不限年龄段,男女均可使用,否,否,否,否,正常使用环境,正确的使用方式,电气危害,电气爆炸,短路,财产损失,,"下沙某小区15楼一住户家阳台外的空调外机就突然起火,冒出了阵阵黑烟。",
74,家用电器及电器附件,空调,无,无,无,不限年龄段,男女均可使用,否,否,否,否,正常使用环境,正确的使用方式,电气危害,电气爆炸,短路,财产损失,,居民楼空调外机着火引发火灾,
75,家具及建筑装饰装修材料,凉席,无,无,无,不限年龄段,男女均可使用,否,否,否,否,正常使用环境,正确的使用方式,致病微生物危害,真核细胞微生物危害,毛霉,皮炎,,周女士把去年晒过的凉席拿出来稍微抹布擦了下就直接使用，引发皮炎。,
76,家具及建筑装饰装修材料,淋浴房玻璃,无,无,无,不限年龄段,男女均可使用,否,否,是,否,正常使用环境,正确的使用方式,机械危害,形状和表面性能危害,玻璃应力,割伤,,女子洗澡的时候，浴室的玻璃门碎了，身上多处划伤。,
77,家具及建筑装饰装修材料,淋浴房玻璃,无,无,无,不限年龄段,男女均可使用,否,否,是,否,正常使用环境,正确的使用方式,机械危害,形状和表面性能危害,玻璃应力,割伤,,陈女士在公寓内洗澡时，淋浴房的一扇玻璃门突然炸裂，导致其胳膊和脚上多处受伤。,
78,家具及建筑装饰装修材料,淋浴房玻璃,无,无,无,不限年龄段,男女均可使用,否,否,是,否,正常使用环境,正确的使用方式,机械危害,形状和表面性能危害,玻璃应力,割伤,,黄先生是在家洗澡时，淋浴房的钢化玻璃突然发生爆裂将其划伤,
79,家具及建筑装饰装修材料,淋浴房玻璃,无,无,无,不限年龄段,男女均可使用,否,否,是,否,正常使用环境,正确的使用方式,机械危害,形状和表面性能危害,玻璃应力,割伤,,孩子刚进浴室洗澡后不久，浴室的钢化玻璃门突然发生自爆，飞溅的玻璃将女儿身上多处割伤，之后送医院缝了10余针。,
80,家具及建筑装饰装修材料,淋浴房玻璃,无,无,无,不限年龄段,男女均可使用,否,否,是,否,正常使用环境,正确的使用方式,机械危害,形状和表面性能危害,玻璃应力,财产损失,,卫浴里的玻璃门突然爆裂。,
81,家用电器及电器附件,暖手宝,无,无,无,不限年龄段,男女均可使用,否,是,是,否,正常使用环境,正确的使用方式,电气危害,电气爆炸,过热,烫伤,,"家住市区的吴女士夜里她用暖手宝取暖不小心把左小腿给烫伤了,形成一元硬币大小的三度创面。",
82,家用电器及电器附件,暖手宝,无,无,无,不限年龄段,男女均可使用,否,是,是,否,正常使用环境,正确的使用方式,电气危害,电气爆炸,过热,灼伤,,"合肥女孩小闫在省城南二环路的住处给暖手宝充电时,暖手宝突然发生爆炸,暖手宝内的水袋迸溅出滚烫的黑色液体,将她的腹部灼伤。",
83,文教体育用品,平衡车,无,无,无,14～60岁,男女均可使用,否,是,是,否,正常使用环境,正确的使用方式,电气危害,电气爆炸,过热,炸伤,,焦作的丁先生弟弟在京东众筹上购买的电动平衡车，在家中充电时突然发生爆炸。,
84,文教体育用品,平衡车,无,无,无,14～60岁,男女均可使用,否,是,是,否,正常使用环境,正确的使用方式,电气危害,电气爆炸,过热,财产损失,,"深圳市民杜女士家的一台价值千元的“阿尔郎”牌儿童平衡车,在充电时发生爆炸引火。",
86,家用电器及电器附件,取暖器,无,无,无,不限年龄段,男女均可使用,否,是,否,否,正常使用环境,可合理预见的误使用,电气危害,电气爆炸,过热,烧伤,,奶奶有事离开忘关取暖器，取暖器引燃了棉被，导致宝宝的面部与手部严重烧伤。,
87,家用电器及电器附件,燃气热水器,无,无,无,14～60岁,男女均可使用,否,是,是,否,正常使用环境,可合理预见的误使用,电气危害,电气爆炸,过热,烧伤,,3月4日晚，街坊严小姐正在家中洗澡，突然热水器发生爆炸，被热水器里喷出来的火烧伤。,
88,家用电器及电器附件,燃气热水器,无,无,无,14～60岁,男女均可使用,否,是,是,否,正常使用环境,可合理预见的误使用,电气危害,电气爆炸,过热,烧伤,,海口一男子正准备要洗澡的时候，开着煤气，去开热水器时突然发生爆炸，导致男子伤势严重。,
89,家用电器及电器附件,燃气灶,无,无,无,14～60岁,男女均可使用,否,否,是,否,正常使用环境,可合理预见的误使用,电气危害,电气爆炸,过热,财产损失,,西安李女士家中使用的林内燃气灶在炖肉时冒火，李女士往上泼水后，燃气灶台面突然炸裂。,
90,家用电器及电器附件,燃气灶,无,无,无,14～60岁,男女均可使用,否,是,是,否,正常使用环境,可合理预见的误使用,电气危害,电气爆炸,过热,财产损失,,临沂李女士正在做饭，燃气灶的钢化玻璃面板突然发生爆炸。,
91,家用电器及电器附件,燃气灶,无,无,无,14～60岁,男女均可使用,否,是,是,否,正常使用环境,可合理预见的误使用,电气危害,电气爆炸,过热,财产损失,,张先生使用康佳燃气灶做了饭，饭后两小时，家人正在刷碗时，身旁的燃气灶钢化玻璃面板突然破裂，黑色钢化玻璃碎了一地。,
92,日用杂品,热水袋,无,无,无,不限年龄段,男女均可使用,否,是,是,否,正常使用环境,可合理预见的误使用,电气危害,电气爆炸,过热,烫伤,,市民老唐在新桥镇一百货店购买热水袋，妻子在灌好开水看电视时突然爆炸，导致右腿大面积烫伤。,
93,日用杂品,热水瓶,无,无,无,不限年龄段,男女均可使用,否,是,是,否,正常使用环境,可合理预见的误使用,机械危害,潜在能量危害,机械稳定性,烫伤,,剡先生买了一个新的热水瓶，没用几天，热水瓶内胆突然脱落，剡先生的母亲烫伤了脚。,
94,电子及信息技术产品,手机,华为,华为8Plus,华为,不限年龄段,男女均可使用,否,否,否,否,正常使用环境,正确的使用方式,电气危害,电气爆炸,过热,烫伤,,郑州市民在迪信通买的中高端的华为8Plus手机，放在裤兜里自燃了。夏先生伸手去掏手机的时候，手上多处烫伤，大腿的皮肤被烧烂一大片。,
95,电子及信息技术产品,手机,无,无,无,不限年龄段,男女均可使用,否,否,否,否,正常使用环境,正确的使用方式,电气危害,电气爆炸,过热,肢体断裂,,12岁男孩子在拔取了一部充满电的老人手机后，想拿起手机看时间，在操作过程中，突然发生了爆炸，导致亮亮的右手食指断裂、并且爆炸还伤及亮亮的右眼。,
96,电子及信息技术产品,手机,无,无,无,不限年龄段,男女均可使用,否,否,否,否,正常使用环境,正确的使用方式,电气危害,电气爆炸,过热,炸伤,,2月2日，苹果在香港的一家零售店再次发生电池爆炸事故，导致两名工作人员被送往医院。,
97,电子及信息技术产品,手机,苹果,iPhone8,苹果,不限年龄段,男女均可使用,否,否,否,否,正常使用环境,正确的使用方式,电气危害,电气爆炸,过热,财产损失,,成都罗女士刚买没多久的iPhone8 发生自燃，厚厚的床垫竟被烧出一个 30 厘米的大窟窿，房间里都是浓烟。,
98,电子及信息技术产品,手机,无,无,无,不限年龄段,男女均可使用,否,否,否,否,正常使用环境,正确的使用方式,电气危害,电气爆炸,过热,财产损失,,一名租客称，当天一早他随手把手机放在床上充电就上班去了，很可能是手机在充电过程中发生了爆炸，引发了火灾。,
99,电子及信息技术产品,手机,无,无,无,不限年龄段,男女均可使用,否,否,否,否,正常使用环境,正确的使用方式,电气危害,电气爆炸,过热,烧伤,,严师傅在工地卧室给一个干电池充电，不料电池突发起火炸裂，火苗扑上来烧伤他的腿部。,
100,电子及信息技术产品,手机,无,无,无,不限年龄段,男女均可使用,否,否,否,否,正常使用环境,正确的使用方式,电气危害,电气爆炸,过热,财产损失,,张大鹏（消费者）正在用苹果原厂的线给手机充电，发现有刺鼻味道之后，看到手机裂了一条小缝，张大鹏下意识的将手机打到了地下，发现手机已经胀裂，不光关了机，连里头的手机卡也都被烫坏了。揭开被烫坏的手机壳，张大鹏发现了发热的地方——手机电池！,
101,电子及信息技术产品,手机,无,无,无,不限年龄段,男女均可使用,否,否,否,否,正常使用环境,正确的使用方式,电气危害,电气爆炸,过热,财产损失,,"杨艳平告诉记者，着火时间发生在3月5日的中午，当时就他一个人在家。杨艳平：“12点才把手机充上电，我去东屋做了做饭回来，屋里着火了。家里有水泵，我赶紧开开水泵就冲，冲灭了半个小时的时间把屋子里就熏的成了这了。”",
102,电子及信息技术产品,手机,三星,三星Galaxy S7 edge,三星,不限年龄段,男女均可使用,否,否,否,否,正常使用环境,正确的使用方式,电气危害,电气爆炸,过热,财产损失,,青岛市的刘女士(化名)又遭遇了三星手机爆炸事件，2018年3月8日，刘女士的三星Galaxy S7 edge手机在使用过程中自动关机，随后冒烟并爆炸。,
103,电子及信息技术产品,手机,金立,无,无,不限年龄段,男女均可使用,否,否,否,否,正常使用环境,正确的使用方式,电气危害,电气爆炸,过热,财产损失,,新文化讯（记者 陆璇） 23日，长春知名博主“长春西门大官人”发布微博，称22日晚有网友父亲的金立手机在充电时，竟发生自燃，手机刚刚买了一年零三个月，联系销售点让找厂家。目前，此事正在协商中。,
104,电子及信息技术产品,手机,无,无,无,不限年龄段,男女均可使用,否,否,否,否,正常使用环境,正确的使用方式,电气危害,电气爆炸,过热,财产损失,,3月29日凌晨3点左右，遂宁的一位蒋先生半夜睡得迷迷糊糊时突然听到噼里啪啦的声音，醒来后蒋先生发现空气中弥漫着刺鼻的烟味，连忙开灯发现是放在卧室充电的手机烧起来了，床铺上被褥都被烧焦一大片。他连忙起身接水将明火扑灭，还好及时处理，才避免了一场灾难。,
105,电子及信息技术产品,手机,无,无,无,不限年龄段,男女均可使用,否,否,否,否,正常使用环境,正确的使用方式,电气危害,电气爆炸,过热,财产损失,,昨天凌晨，常熟一户村民家的卧室被烧毁，庆幸的是人及时逃了出来，没有受伤。据说引发火灾的“罪魁祸首”是一部正在充电的手机。,
106,电子及信息技术产品,手机,小米,小米4C,小米,不限年龄段,男女均可使用,否,否,否,否,正常使用环境,正确的使用方式,电气危害,电气爆炸,过热,财产损失,,两年前，小陈的女友在网上买了一部小米4C手机，花了一千四百多，小陈说，4月25号中午，手机在他口袋里突然爆炸了。,
107,电子及信息技术产品,手机,苹果,iPhone Ⅹ,苹果,不限年龄段,男女均可使用,否,否,否,否,正常使用环境,正确的使用方式,电气危害,电气爆炸,过热,财产损失,,市民刘女士说，刚买来3个月的iPhone Ⅹ在充电时，突然自燃冒烟，手机左边框开裂变形，屏幕的上半部分也烧成了金黄色。经过一个多月的返厂维修，苹果公司给出的答复却是，手机由于外部热力或热源导致冒烟，无法进行保修和赔偿。,
108,电子及信息技术产品,手机,苹果,iPhone 7,苹果,不限年龄段,男女均可使用,否,否,否,否,正常使用环境,正确的使用方式,电气危害,电气爆炸,过热,财产损失,,"苹果7手机自燃,火焰从手机中蹿出,手机壳也裂开了。",
109,电子及信息技术产品,手机,无,无,无,不限年龄段,男女均可使用,否,否,否,否,正常使用环境,正确的使用方式,电气危害,电气爆炸,过热,财产损失,,西部网讯（陕西广播电视台《都市快报午间版》记者 马琼）家住在西安北郊的史爷爷，在前两天给刚买不久的手机充电时，竟然发生了爆炸。,
110,电子及信息技术产品,手机充电器,无,无,无,不限年龄段,男女均可使用,否,是,否,否,正常使用环境,正确的使用方式,电气危害,电气爆炸,过热,财产损失,,长沙晚报1月23日讯 21日下午5时40分左右，雨花区长房南屏锦源小区保安唐江华和刘向峰在巡逻时，发现12栋6楼一房间内冒出火光。二人迅速携带灭火器上楼进行灭火，及时帮业主减少损失，所幸事故未造成人员伤亡。记者了解到，火灾事故是由卧室内一个未及时拔下的充电器引起。,
111,家具及建筑装饰装修材料,塑料凳,无,无,无,不限年龄段,男女均可使用,否,是,否,否,正常使用环境,正确的使用方式,机械危害,形状和表面性能危害,部件空隙或开口,肢体卡伤,,男孩右手食指插在塑料板凳的小孔中被牢牢卡住，手指已经有些肿胀。,
112,儿童用品,儿童车,无,无,无,8岁～14岁,男女均可使用,是,是,否,否,正常使用环境,正确的使用方式,机械危害,形状和表面性能危害,制动装置,摔伤,,李女士说，几天前她儿子在小区里骑儿童三轮车，因为速度太快，拐弯时没控制好，一下摔倒了，她儿子的脸上、胳膊和腿都磕破了，吓得她再也不敢让儿子玩了。,
113,儿童用品,儿童服装,无,无,无,37个月～96个月,男女均可使用,否,否,否,否,正常使用环境,正确的使用方式,机械危害,形状和表面性能危害,阻燃性,烧伤,,南宁六岁的小女孩熙熙，被大火严重烧伤，全身烧伤面积达到40%。熙熙之所以被烧得那么严重，很可能与当时熙熙所穿的化纤面料公主裙有关。,
114,儿童用品,玩具（玻璃珠）,无,无,无,14岁及以下,男女均可使用,是,是,否,否,正常使用环境,正确的使用方式,机械危害,形状和表面性能危害,小零件,胃肠道穿孔或阻塞,,据记者了解，小张误吞玻璃弹珠已经一月有余，由于种种原因一直没有得到治疗。当小张来到医院时，医生检查发现，他吞入的玻璃弹珠卡在升结肠部,
115,儿童用品,玩具（磁力珠）,无,无,无,14岁及以下,男女均可使用,是,是,否,否,正常使用环境,正确的使用方式,机械危害,形状和表面性能危害,小零件,胃肠道穿孔或阻塞,,3月2日晚上10点左右，山东大学第二医院急诊科接到了一名特殊的小病人，16个月大的女婴奇奇（化名）出现腹痛腹胀、恶心呕吐以及肠梗阻等症状,
116,儿童用品,玩具（磁力珠）,无,无,无,14岁及以下,男女均可使用,是,是,否,否,正常使用环境,正确的使用方式,机械危害,形状和表面性能危害,小零件,胃肠道穿孔或阻塞,,"最近中山市人民医院接诊了一位特殊的小患者，只有一岁多大肚子里竟然发现有七块小磁铁，还因此进了儿科ICU！",
117,儿童用品,玩具（磁力珠）,无,无,无,14岁及以下,男女均可使用,是,是,否,否,正常使用环境,正确的使用方式,机械危害,形状和表面性能危害,小零件,胃肠道穿孔或阻塞,,春节期间，市儿童医院接诊了两名误吞异物的患儿。,
118,儿童用品,玩具（磁力珠）,无,无,无,14岁及以下,男女均可使用,是,是,否,否,正常使用环境,正确的使用方式,机械危害,形状和表面性能危害,小零件,胃肠道穿孔或阻塞,,3月10日，术后的7岁的男童在医护人员的悉心照料下身体恢复的不错。10天前，孩子由于误食玩具磁铁珠在山西省儿童医院妇幼保健院实施了消化道异物取出手术,
119,儿童用品,玩具（磁力珠）,无,无,无,14岁及以下,男女均可使用,是,是,否,否,正常使用环境,正确的使用方式,机械危害,形状和表面性能危害,小零件,鼻孔堵塞,,女孩鼻孔里取出两个圆柱体磁铁长，　一点五厘米，磁力很强,
120,儿童用品,玩具（磁力珠）,无,无,无,14岁及以下,男女均可使用,是,是,否,否,正常使用环境,正确的使用方式,机械危害,形状和表面性能危害,小零件,胃肠道穿孔或阻塞,,1月31日晚，中山市博爱医院小儿消化科接诊了一位1岁的小宝宝。1天前家长发现小宝宝在玩磁铁，之后一整天哭闹不停。家长连忙到镇区医院就诊，X光检查提示腹内有金属物件，孩子立即被送至市博爱医院急救。,
121,儿童用品,玩具（磁力珠）,无,无,无,14岁及以下,男女均可使用,是,是,否,否,正常使用环境,正确的使用方式,机械危害,形状和表面性能危害,小零件,胃肠道穿孔或阻塞,,一名家长急匆匆赶到市中医院急诊科，说10岁的儿子小昊把4颗钢珠和一块磁铁给吞进了肚子里,
122,儿童用品,玩具（磁力珠）,无,无,无,14岁及以下,男女均可使用,是,是,否,否,正常使用环境,正确的使用方式,机械危害,形状和表面性能危害,小零件,胃肠道穿孔或阻塞,,深圳市儿童医院收治了一名反复呕吐的孩子，经过检查发现，孩子因误食5颗磁珠造成肠穿孔，经手术抢救孩子终于脱离危险。,
123,儿童用品,玩具（磁力珠）,无,无,无,14岁及以下,男女均可使用,是,是,否,否,正常使用环境,正确的使用方式,机械危害,形状和表面性能危害,小零件,胃肠道穿孔或阻塞,,　一名3岁男童，肚子痛得在床上打滚。送到医院一查，发现他的肚子里有一串珠子。,
124,儿童用品,玩具车,无,无,无,14岁及以下,男女均可使用,是,是,否,否,正常使用环境,正确的使用方式,电气危害,电气爆炸,电气危害,财产损失,,3月1日，记者证实，此事发生于2月25日，乐山中心城小区里一个电动玩具车自燃。,
125,儿童用品,玩具（弓弩）,无,无,无,14岁及以下,男女均可使用,是,是,否,否,正常使用环境,正确的使用方式,机械危害,形状和表面性能危害,部件空隙或开口,扎伤,,邓州市3岁的小雨（化名）和哥哥在家玩耍。他哥哥在玩一种儿童弓弩时，不小心射伤小雨的左眼，小雨的眼睛顿时血流不止。市眼科医院检查后，诊断小雨为左眼角膜穿通伤，为其进行了手术。,
126,儿童用品,玩具（激光玩具）,无,无,无,14岁及以下,男女均可使用,是,是,否,否,正常使用环境,正确的使用方式,辐射危害,热辐射危害,激光辐射,视力受损,,同学之间开玩笑，小王被用激光玩具照了眼睛，导致其右眼黄斑部损伤，意味着右眼视力很难恢复。,
127,儿童用品,玩具（魔法棒）,无,无,无,14岁及以下,男女均可使用,是,是,否,否,正常使用环境,正确的使用方式,机械危害,形状和表面性能危害,小零件,呼吸道阻塞,,9个月大男婴把魔法棒里面的小灯泡连着两根金属丝吞了下去，异物卡在气管里，孩子呼吸急促、咳嗽不止，孩子妈妈接到老人的电话后15分钟内把孩子送到医院抢救，手术后把小灯泡取出。,
128,儿童用品,玩具（水宝宝）,无,无,无,14岁及以下,男女均可使用,是,是,否,否,正常使用环境,正确的使用方式,机械危害,形状和表面性能危害,小零件,胃肠道穿孔或阻塞,,10月9日淮安市淮阴区一名1岁男童小军（化名）出现腹胀、呕吐等现象，待家人在孩子误食“水宝宝”两天后送至淮安市妇幼保健院就诊时，小军不但出现急性机械性肠梗阻，而且已因脱水而失去知觉，好在医护人员经过1个小时左右的手术，8日晚，医生从其体内顺利取出一枚已膨胀如乒乓球大小的“水宝宝”。,
129,儿童用品,玩具（水晶泥）,无,无,无,14岁及以下,男女均可使用,是,是,否,否,正常使用环境,正确的使用方式,无机毒物危害,有毒重金属及其化合物危害,硼及其化合物,中毒,,江苏宿迁一名12岁的小学生误食“硼砂”中毒，肚子疼、呕吐。,
130,儿童用品,玩具（水晶泥）,无,无,无,14岁及以下,男女均可使用,是,是,否,否,正常使用环境,正确的使用方式,无机毒物危害,有毒重金属及其化合物危害,硼及其化合物,中毒,,广州市民杨女士的一对儿女买硼砂水做水晶泥后，因误用了装过硼砂水的杯子，出现严重呕吐等身体不适现象。,
131,儿童用品,玩具（水晶泥）,无,无,无,14岁及以下,男女均可使用,是,是,否,否,正常使用环境,正确的使用方式,无机毒物危害,有毒重金属及其化合物危害,硼及其化合物,中毒,,宜昌一名10岁男孩因好奇“水晶泥”到底有没有毒，竟然吞服少量“水晶泥”，及时救治才得以脱险。,
132,儿童用品,玩具（水晶泥）,无,无,无,14岁及以下,男女均可使用,是,是,否,否,正常使用环境,正确的使用方式,无机毒物危害,有毒重金属及其化合物危害,硼及其化合物,中毒,,在牡丹区东关小学接孩子的刘女士说，她儿子天天玩，但是没几天就出现手蜕皮的情况，于是她就将“水晶泥”收了起来，过了几天孩子的手就恢复了。,
133,儿童用品,玩具（水晶泥）,无,无,无,14岁及以下,男女均可使用,是,是,否,否,正常使用环境,正确的使用方式,无机毒物危害,有毒重金属及其化合物危害,硼及其化合物,中毒,,有的家长反映，接触过这类物品的孩子中有的出现过皮肤红疹、恶心眩晕等症状,
134,儿童用品,玩具（水晶泥）,无,无,无,14岁及以下,男女均可使用,是,是,否,否,正常使用环境,正确的使用方式,无机毒物危害,有毒重金属及其化合物危害,硼及其化合物,中毒,,女儿在博爱县秀珠小学门口的一家文具店买的手工“水晶泥”是“三无”产品。其中，一种原料硼砂被两岁多的侄女误服，竟住进了儿童重症监护室。,
135,儿童用品,玩具（水晶泥）,无,无,无,14岁及以下,男女均可使用,是,是,否,否,正常使用环境,正确的使用方式,无机毒物危害,有毒重金属及其化合物危害,硼及其化合物,中毒,,3月30日晚7时，家住市区解放路附近的小华（化名）突然呕吐，此时他手里正捏着一团“水晶泥”。医生检查后确定，正是三无“水晶泥”惹的祸。,
136,儿童用品,玩具车,无,无,无,14岁及以下,男女均可使用,是,是,否,否,正常使用环境,正确的使用方式,机械危害,形状和表面性能危害,部件空隙或开口,扎伤,,广州一名3岁的小朋友在玩玩具遥控车时，不慎被天线扎伤眼睛。,
137,儿童用品,玩具车,无,无,无,14岁及以下,男女均可使用,是,是,否,否,正常使用环境,正确的使用方式,机械危害,形状和表面性能危害,部件空隙或开口,颅骨穿透,,长城网3月14日讯(记者 刘昆鹏 崔梦琳)近日，解放军白求恩国际和平医院接诊了一名两岁患儿。经头颅CT检查显示：患儿左侧耳后颅骨，有金属异物贯穿进入颅内，未见明确颅内血肿形成。,
138,儿童用品,玩具枪,无,无,无,14岁及以下,男女均可使用,是,是,是,否,正常使用环境,正确的使用方式,爆炸危害,固相爆炸危害,固体爆炸性物质,烧伤,,近日，记者从蓬溪县工质局了解到，大石镇陈女士来到大石工质所投诉，其女儿在学校外玩具店购买了一支玩具火药枪，在玩耍过程中因其燃烧引起手部烧伤,
139,家用电器及电器附件,洗衣机,无,无,无,不限年龄段,男女均可使用,否,否,否,否,正常使用环境,正确的使用方式,机械危害,形状和表面性能危害,部件空隙或开口,骨折,,好奇“洗衣机怎样洗衣服”，6岁男孩揭盖研究，结果被高速旋转的衣服缠住，胳膊被“扭断”。,
140,家用电器及电器附件,洗衣机,无,无,无,不限年龄段,男女均可使用,否,否,否,否,正常使用环境,正确的使用方式,机械危害,形状和表面性能危害,部件空隙或开口,受困,,前两天渭南一名11岁的孩子趁着奶奶出门家里没人，竟然钻到洗衣机里玩耍。钻进去容易想上来却难，等家长发现时，孩子已经被困洗衣机长达1个多小时。,
141,家用电器及电器附件,洗衣机,无,无,无,不限年龄段,男女均可使用,否,否,否,否,正常使用环境,正确的使用方式,机械危害,形状和表面性能危害,部件空隙或开口,受困,,3月26日晚7时许，山东临沂莒南某小区一4岁左右小女孩卡在双缸洗衣机里的甩干桶里。,
142,家用电器及电器附件,洗衣机,无,无,无,不限年龄段,男女均可使用,否,否,否,否,正常使用环境,正确的使用方式,机械危害,形状和表面性能危害,部件空隙或开口,受困,,家住舟山市嵊泗县的3岁小女孩和小伙伴在玩捉迷藏时陷入洗衣机的脱水桶内，由于极度惊吓和恐慌，被卡在了里面，小女孩哭声嚎嚎，家长发现后立即报警。,
143,家用电器及电器附件,洗衣机,无,无,无,不限年龄段,男女均可使用,否,否,否,否,正常使用环境,正确的使用方式,机械危害,形状和表面性能危害,部件空隙或开口,受困,,26日14点15分，淄博市周村区一小孩被困在了洗衣机里，淄博市公安消防支队丝绸路中队接到报警后立刻赶赴现场。,
144,家用电器及电器附件,洗衣机,无,无,无,不限年龄段,男女均可使用,否,否,否,否,正常使用环境,正确的使用方式,电气危害,电气爆炸,过热,财产损失,,2018年2月2日，蚌埠一小区住户家中洗衣机突然着火，冒出滚滚浓烟。于是立即有人报警，当消防员到达现场后发现，洗衣机已经被烧成了空壳子，而通往洗衣机人水管被烧断，正在对着洗衣机不停喷水“灭火”，火已被洗衣机自己扑灭了。,
145,家用电器及电器附件,洗衣机,无,无,无,不限年龄段,男女均可使用,否,否,否,否,正常使用环境,正确的使用方式,电气危害,电气爆炸,过热,财产损失,,居民楼六楼起火 疑似洗衣机故障导致,
146,家用电器及电器附件,洗衣机,无,无,无,不限年龄段,男女均可使用,否,否,否,否,正常使用环境,正确的使用方式,机械危害,潜在能量危害,机械强度,财产损失,,24日，塔娜发现原来昨晚的爆裂声出自家里的全自动滚筒洗衣机，洗衣机的玻璃门已经全部爆裂。,
147,家用电器及电器附件,洗衣机,无,无,无,不限年龄段,男女均可使用,否,否,否,否,正常使用环境,正确的使用方式,机械危害,形状和表面性能危害,部件空隙或开口,受困,,5月16日上午10点33分左右，江苏省宿迁市泗洪县119指挥中心接到求助称：泗洪县水产城一商铺里有小孩被卡在洗衣机内,
148,家用电器及电器附件,消毒柜,无,无,无,不限年龄段,男女均可使用,否,否,否,否,正常使用环境,正确的使用方式,电气危害,电气爆炸,过热,财产损失,,城北李先生打进华商报新闻热线称，家中使用4年多的老板牌消毒柜起火，将正在消毒的木制擀面杖烧焦,
149,儿童用品,校服,无,无,无,不限年龄段,男女均可使用,是,否,否,否,正常使用环境,正确的使用方式,机械危害,形状和表面性能危害,绳索及类似物,肢体卡伤,,杭州一7岁男童上课时想学电视上的“魔术表演”，将绳子的结突然抽掉。于是解开校服裤腰绳带尝试起来，还将左手小指伸进了结成的环圈里，用力拉扯，结果一个小手指被勒断了。,
150,电子及信息技术产品,移动电源,无,无,无,不限年龄段,男女均可使用,否,是,否,否,正常使用环境,正确的使用方式,电气危害,电气爆炸,过热,财产损失,,2月28日晚上21时20分，位于苏州市姑苏区竹辉路一电动车店发生火灾。询问店主得知，起火原因为店内充电宝爆炸引发的大火。,
151,电子及信息技术产品,移动电源,无,无,无,不限年龄段,男女均可使用,否,是,否,否,正常使用环境,正确的使用方式,电气危害,电气爆炸,过热,财产损失,,青岛的刘先生反映，他购买的小米充电宝在1月31日当天接连发生了两次爆炸，并引起小范围起火。,
152,电子及信息技术产品,移动电源,无,无,无,不限年龄段,男女均可使用,否,是,否,否,正常使用环境,正确的使用方式,电气危害,电气爆炸,过热,财产损失,,17日晚，我们陆续接到不少顺德上华村的街坊报料称：他们那边有个工地突然起火，工人说是有一个工友使用劣质移动电源充电的时候引起的火灾。,
153,电子及信息技术产品,移动电源,无,无,无,不限年龄段,男女均可使用,否,是,否,否,正常使用环境,正确的使用方式,电气危害,电气爆炸,过热,财产损失,,2月25日电 中国南方航空官方微博今日通报称，2月25日，CZ3539(广州-上海虹桥，机型B77W)航班在登机过程中，一名已登机旅客所携行李在行李架内冒烟并出现明火，机组配合消防和公安部门及时进行处置，未造成进一步损害。,
154,电子及信息技术产品,移动电源,无,无,无,不限年龄段,男女均可使用,否,是,否,否,正常使用环境,正确的使用方式,电气危害,电气爆炸,过热,财产损失,,今日（6月17日）上午11时许，广州地铁一号线一辆列车在东山口站停靠时，车上一名女子包中的充电设备突然冒出浓烟，车厢内乘客看到后纷纷下车逃生,
155,电子及信息技术产品,移动电源,无,无,无,不限年龄段,男女均可使用,否,是,否,否,正常使用环境,正确的使用方式,电气危害,电气爆炸,过热,财产损失,,2月25日晚间，长沙市民朱女士购买的VIVO品牌充电宝，放在自家抽屉里，在未使用状态下发生了爆炸，所幸无人员伤亡。,
156,家用电器及电器附件,油烟机,无,无,无,不限年龄段,男女均可使用,否,否,是,否,正常使用环境,正确的使用方式,电气危害,电气爆炸,过热,财产损失,,广州市民任先生一家却被家中的方太抽油烟机吓了一大跳——正常使用中的隔烟屏突然爆裂，四溅的玻璃碎片差点伤人。,
157,家用电器及电器附件,浴霸,无,无,无,不限年龄段,男女均可使用,否,否,否,否,正常使用环境,正确的使用方式,辐射危害,射线辐射危害,射线辐射,灼伤,,近日，有媒体报道，沈阳一28个月大的宝宝因受到浴霸的强光照射，出现了视网膜黄斑水肿。,
158,家用电器及电器附件,浴霸,无,无,无,不限年龄段,男女均可使用,否,否,否,否,正常使用环境,正确的使用方式,电气危害,电气爆炸,过热,烧伤,,记者在现场看到，虽然浴霸灯没有爆裂，但其他线路都被烧焦，白色塑料外壳在高温中部分熔化。浴缸里、地面上、洗手池中还有大量黑色残渣。经过医生诊断，严阿婆已达到一度烧伤。,
159,家具及建筑装饰装修材料,浴室玻璃门,无,无,无,不限年龄段,男女均可使用,否,否,是,否,正常使用环境,正确的使用方式,机械危害,形状和表面性能危害,玻璃应力,划伤,,事情发生在前天晚上，当时他正在洗头，突然淋浴房的玻璃门爆裂,
160,家具及建筑装饰装修材料,浴室玻璃门,无,无,无,不限年龄段,男女均可使用,否,否,是,否,正常使用环境,正确的使用方式,机械危害,形状和表面性能危害,玻璃应力,划伤,,31号晚在酒店的浴室洗澡，准备出来的时候，砰地一下整地都是玻璃。,
161,家具及建筑装饰装修材料,浴室玻璃门,无,无,无,不限年龄段,男女均可使用,否,否,是,否,正常使用环境,正确的使用方式,机械危害,潜在能量危害,机械稳定性,划伤,,"酒店淋浴间的玻璃门却脱轨后发生爆裂,正准备淋浴的母女俩当场被划伤多处。",
162,家具及建筑装饰装修材料,浴室玻璃门,无,无,无,不限年龄段,男女均可使用,否,否,是,否,正常使用环境,正确的使用方式,机械危害,形状和表面性能危害,玻璃应力,划伤,,10月6日晚，柳州市民覃女士和丈夫及朋友到金秀瑶族自治县旅游，入住县城的永衡度假酒店。没想到洗澡时浴室玻璃门突然爆裂，飞溅的玻璃碎片把覃女士划伤，鲜血直流。,
163,家具及建筑装饰装修材料,浴室玻璃门,无,无,无,不限年龄段,男女均可使用,否,否,是,否,正常使用环境,正确的使用方式,机械危害,形状和表面性能危害,玻璃应力,财产损失,,2月22日农历大年初七中午，和平区李女士家的朗斯淋浴房“砰”地自爆了。此后40分钟，李女士发到朋友圈的视频显示，爆裂仍在进行，发出类似滴水声。,
164,文教体育用品,圆珠笔,无,无,无,不限年龄段,男女均可使用,否,否,否,否,正常使用环境,正确的使用方式,机械危害,形状和表面性能危害,小零件,窒息,,11个月大的女婴妞妞误将圆珠笔笔帽吞入口中卡住喉咙，异物将气道堵死，左肺完全不能通气，导致发高烧、呕吐，最后医生手术取出。,
165,家用电器及电器附件,电热水器,无,无,无,不限年龄段,男女均可使用,否,是,是,否,正常使用环境,正确的使用方式,机械危害,触电危害,漏电,死亡,,老人在家中洗澡时，因家中浴室电热水器插座设置较低且未安装防水盒，洗澡时不慎将水溅到插座上，操作电热水器时不慎触电，经抢救无效身亡。,
166,电子及信息技术产品,蓝牙耳机,无,无,无,不限年龄段,男女均可使用,否,否,否,否,正常使用环境,正确的使用方式,电气危害,电气爆炸,过热,财产损失,,在家给蓝牙耳机充电时，耳机突然冒烟并将床单、凉席烧出了洞。,
167,交通用具及相关产品,电动自行车,无,无,无,14～60岁,男女均可使用,否,否,是,否,正常使用环境,正确的使用方式,电气危害,电气爆炸,过热,财产损失,,海口市秀英区书场村一栋民宅楼梯间内停放的电动自行车突然起火。,
168,儿童用品,塑料玩具,无,无,无,14岁及以下,男女均可使用,是,是,否,否,正常使用环境,正确的使用方式,机械危害,形状和表面性能危害,小零件,胃肠道穿孔或阻塞,,杭州一家幼儿园某中班的十位小朋友因在玩耍期间误吞玩具“水宝宝”，被紧急送往浙江大学医学院附属儿童医院救治。因送医时距离孩子吞下“水宝宝”时间间隔较短，未出现任何不适症状。,
169,家用电器及电器附件,空调,无,无,无,不限年龄段,男女均可使用,否,否,否,否,正常使用环境,正确的使用方式,电气危害,电气爆炸,短路,财产损失,,房间窗户外的空调外机起火，引燃了挂在防盗窗上的地毯，并最终导致了火灾。,
170,交通用具及相关产品,电动自行车,无,无,无,14～60岁,男女均可使用,否,否,是,否,正常使用环境,正确的使用方式,电气危害,电气爆炸,过热,财产损失,,南京市江宁区一居民在楼道内为电瓶车充电引发火灾。,
171,交通用具及相关产品,电动自行车,无,无,无,14～60岁,男女均可使用,否,否,是,否,正常使用环境,正确的使用方式,电气危害,电气爆炸,过热,财产损失,,苏州一小区发生电动车火灾，停在楼外的24辆电动车烧成了空架。,
172,文教体育用品,平衡车,无,无,无,14～60岁,男女均可使用,否,是,是,否,正常使用环境,正确的使用方式,机械危害,潜在能量危害,机械稳定性,骨折,,5岁男孩玩平衡车，因为车速太快，车子失控，他一下从平衡车摔下来，胳臂受伤。医院检查发现，孩子肱骨髁上骨折。,
173,家用电器及电器附件,冰箱,无,无,无,不限年龄段,男女均可使用,否,否,否,否,正常使用环境,正确的使用方式,电气危害,电气爆炸,过热,财产损失,,广西南宁市民胡先生家中冰箱在凌晨发生自燃，冰箱从后盖底部开始着火，因发现及时没有造成较大损失。,
174,电子及信息技术产品,充电宝,无,无,无,不限年龄段,男女均可使用,否,是,否,否,正常使用环境,正确的使用方式,电气危害,电气爆炸,过热,财产损失,,北京地铁1号线列车行驶至大望路站时，车厢内一乘客携带充电宝冒烟，工作人员现场处理后列车恢复正常运营，此事影响部分列车晚点。,
175,交通用具及相关产品,电动自行车,无,无,无,14～60岁,男女均可使用,否,否,是,否,正常使用环境,正确的使用方式,电气危害,电气爆炸,过热,财产损失,,高新区国色天襄小区突发险情，一辆停在客厅的电动车突然自燃，造成户主一家被困。,
176,儿童用品,玩具（磁力珠）,无,无,无,14岁及以下,男女均可使用,是,是,否,否,正常使用环境,正确的使用方式,机械危害,形状和表面性能危害,小零件,胃肠道穿孔或阻塞,,3岁宝宝突然腹痛、呕吐不止。经手术，医生竟然发现孩子小肠内有16颗圆球状金属磁铁，其中1颗已经腐蚀破碎，磁铁团块卡压处肠管接近坏死穿孔。胃和小肠、小肠和小肠形成了三个内瘘。,
177,文教体育用品,跑步机,无,无,无,14～60岁,男女均可使用,否,是,是,否,正常使用环境,正确的使用方式,机械危害,形状和表面性能危害,部件空隙或开口,肢体断裂,,一家三兄妹坐在跑步机上玩耍，不小心触碰电源开关，把跑步机打开了。其中5岁女童的手臂被搅入跑步机滚动的传输带上，导致其整个右前臂套脱伤（撕脱伤）。,
178,电子及信息技术产品,手机,无,无,无,不限年龄段,男女均可使用,否,否,否,否,正常使用环境,正确的使用方式,电气危害,电气爆炸,过热,死亡,,9岁男孩用手机玩着游戏，手机没电后，随手连接上充电器准备继续玩下去，却被电击身亡。,
179,电子及信息技术产品,电脑,无,无,无,不限年龄段,男女均可使用,否,否,否,否,正常使用环境,正确的使用方式,电气危害,触电危害,短路,中毒,,龙华区高坳新村一住宅着火，有一名女子因吸入少量浓烟昏迷，送医院观察无生命危险，火灾疑是笔记本电脑充电短路引起。,
180,电子及信息技术产品,手机,小米,无,无,不限年龄段,男女均可使用,否,否,否,否,正常使用环境,正确的使用方式,电气危害,电气爆炸,过热,财产损失,,陈先生的小米手机在家中充电时突然发生自燃，手机不仅烧坏了，还把床头柜熏黑。,
181,电子及信息技术产品,充电宝,小米,无,无,不限年龄段,男女均可使用,否,是,否,否,正常使用环境,正确的使用方式,电气危害,电气爆炸,过热,财产损失,,深圳西部公汽一辆M337公交车在行驶中突然着火，扑灭火源后，司机发现车厢地面有一台带有明显燃烧痕迹的充电宝。,
182,家具及建筑装饰装修材料,外墙玻璃,无,无,无,不限年龄段,男女均可使用,否,否,是,否,正常使用环境,正确的使用方式,机械危害,形状和表面性能危害,玻璃应力,财产损失,,纺织品大楼外墙玻璃爆裂，掉在街边散落一地，所幸无人员伤亡。,
183,家用电器及电器附件,空调,无,无,无,不限年龄段,男女均可使用,否,否,否,否,正常使用环境,正确的使用方式,电气危害,电气爆炸,短路,财产损失,,汉口一高楼住户家，因莫名空调内机起火引发火灾。,
184,儿童用品,玩具（磁力珠）,无,无,无,14岁及以下,男女均可使用,是,是,否,否,正常使用环境,正确的使用方式,机械危害,形状和表面性能危害,小零件,胃肠道穿孔或阻塞,,一名20个月的女宝宝把长4厘米的磁力珠吞进肚子，医生实施取异物手术取出。,
185,家具及建筑装饰装修材料,玻璃门,无,无,无,不限年龄段,男女均可使用,否,是,是,否,正常使用环境,正确的使用方式,机械危害,形状和表面性能危害,玻璃应力,割伤,,玻璃隔断门突然爆裂，碎片将正在卫生间的小孩前额划伤约2cm左右，露出骨头。,
186,交通用具及相关产品,电动自行车,无,无,无,14～60岁,男女均可使用,否,否,是,否,正常使用环境,正确的使用方式,电气危害,触电危害,短路,中毒,,电瓶车充电短路引起火灾，四人被困房屋。,
187,家用电器及电器附件,洗衣机,无,无,无,不限年龄段,男女均可使用,否,否,否,否,正常使用环境,正确的使用方式,机械危害,形状和表面性能危害,部件空隙或开口,卡伤,,3岁男童双脚站在滚筒洗衣机的边缘，盖板当时没有关上。突然间，孩子失去重心，掉落进桶内被卡住。,
188,儿童用品,玩具（磁力珠）,无,无,无,14岁及以下,男女均可使用,是,是,否,否,正常使用环境,正确的使用方式,机械危害,形状和表面性能危害,小零件,胃肠道穿孔或阻塞,,3岁男童误吞磁力珠导致肠梗阻。,
189,儿童用品,玩具（磁力珠）,无,无,无,14岁及以下,男女均可使用,是,是,否,否,正常使用环境,正确的使用方式,机械危害,形状和表面性能危害,小零件,胃肠道穿孔或阻塞,,5岁女孩误吞两粒强磁力钢珠导致肠穿孔，幸好经医生手术及悉心治疗，小女孩痊愈出院。,
190,家具及建筑装饰装修材料,玻璃门,无,无,无,不限年龄段,男女均可使用,否,是,是,否,正常使用环境,正确的使用方式,机械危害,形状和表面性能危害,玻璃应力,骨折,,孩子推开房间中的玻璃推拉门进到里面的房间，身后的玻璃门突然碎裂，飞溅的玻璃碎片正好划伤了他的左侧膝盖，送到医院后被诊断为“左膝髌骨骨折，髌韧带断裂，膝关节破损”。,
191,电子及信息技术产品,手机,无,无,无,不限年龄段,男女均可使用,否,否,否,否,正常使用环境,正确的使用方式,电气危害,电气爆炸,过热,财产损失,,手机主人边充电边玩手机，手机温度增高导致起火。,
192,儿童用品,儿童玩具,无,无,无,14岁及以下,男女均可使用,是,是,否,否,正常使用环境,正确的使用方式,机械危害,形状和表面性能危害,小零件,外耳道阻塞或外耳道炎,,广州一名13岁男孩日前把玩具零件塞入耳道，朱怀文通过内镜检查系统观察到耳道内异物后，在男孩的配合下，终于取出了已经直达鼓膜的异物——8毫米塑料螺母。,
193,家用电器及电器附件,洗衣机,无,无,无,不限年龄段,男女均可使用,否,否,否,否,正常使用环境,正确的使用方式,机械危害,形状和表面性能危害,部件空隙或开口,卡伤,,一名13岁的男孩因为贪玩不慎将双腿卡在了洗衣机脱水桶内。,
194,家用电器及电器附件,洗衣机,无,无,无,不限年龄段,男女均可使用,否,否,否,否,正常使用环境,正确的使用方式,机械危害,形状和表面性能危害,部件空隙或开口,卡伤,,一名8岁女童在玩耍时，不小心掉进自家洗衣机的滚筒内。,
195,家用电器及电器附件,冰箱,无,无,无,不限年龄段,男女均可使用,否,否,否,否,正常使用环境,正确的使用方式,电气危害,电气爆炸,过热,财产损失,,凌晨家里突然起火冒出浓烟，导致火灾的是一台电冰箱。,
196,交通用具及相关产品,电动自行车,无,无,无,14～60岁,男女均可使用,否,否,是,否,正常使用环境,正确的使用方式,电气危害,电气爆炸,过热,财产损失,,浦东新区海防新村内发生一起火灾。火灾可能是由电瓶车充电引发。,
197,家具及建筑装饰装修材料,玻璃窗,无,无,无,不限年龄段,男女均可使用,否,否,是,否,正常使用环境,正确的使用方式,电气危害,电气爆炸,玻璃应力,财产损失,,钢化玻璃非常耐热，不会因为天气热就爆裂，邹女士家的玻璃长期被太阳晒，近期空调开得频繁，最大的可能是室内外温差大导致玻璃爆裂。,
198,交通用具及相关产品,电动自行车,无,无,无,14～60岁,男女均可使用,否,否,是,否,正常使用环境,正确的使用方式,电气危害,电气爆炸,过热,财产损失,,滁城官塘小区发生一起楼道起火事件，6辆电动车被烧毁。,
199,电子及信息技术产品,手机,小米,小米MIX2,小米,不限年龄段,男女均可使用,否,否,否,否,正常使用环境,正确的使用方式,电气危害,电气爆炸,过热,财产损失,,小米MIX 2黑色陶瓷版购买时间不超过3个月，在没有任何操作的静止状态下，突然自燃并爆炸，从烧坏的机器来看，手机后盖因高温燃烧碎裂，个别部位已碳化和扭曲。,
200,家用电器及电器附件,洗衣机,无,无,无,不限年龄段,男女均可使用,否,否,否,否,正常使用环境,正确的使用方式,机械危害,潜在能量危害,机械强度,财产损失,,洗衣机正常工作时，顶端的盖板发生爆炸。,
201,日用杂品,打火机,无,无,无,不限年龄段,男女均可使用,否,是,是,否,正常使用环境,正确的使用方式,爆炸危害,气相爆炸危害,爆炸性气体,烧伤,,一男子在餐馆结账后拿出打火机点烟，瞬间打火机爆燃，“火球”覆盖其头部。事件导致其颈部皮肤灼伤，头发烧焦。其推测可能系打火机漏气。,
202,家具及建筑装饰装修材料,家具,无,无,无,不限年龄段,男女均可使用,否,否,否,否,正常使用环境,正确的使用方式,有机毒物,有毒荃类化合物,甲醛,器官中毒,,海口市民在海口好莱客整体家居店花3万元，购置了衣柜、鞋柜、电视柜等全套家具。商家宣称家具“零甲醛”，但安装完成检测发现柜体内空气甲醛含量超标3倍多。,
203,文教体育用品,平衡车,无,无,无,14～60岁,男女均可使用,否,是,是,否,正常使用环境,正确的使用方式,机械危害,潜在能量危害,机械稳定性,骨折,,9岁的奇奇在和几个小朋友玩平衡车时，不小心摔倒在路边，造成“右侧肘关节骨折”。,
204,儿童用品,玩具（磁力珠）,无,无,无,14岁及以下,男女均可使用,是,是,否,否,正常使用环境,正确的使用方式,机械危害,形状和表面性能危害,小零件,胃肠道穿孔或阻塞,,一名7岁小男孩与小朋友玩耍时先后吞服两粒磁力珠，医生手术时发现磁力珠已经导致直肠穿孔。,
205,交通用具及相关产品,电动自行车,无,无,无,14～60岁,男女均可使用,否,否,是,否,正常使用环境,正确的使用方式,电气危害,电气爆炸,过热,财产损失,,姑苏区虎殿路一小区发生火灾，4辆停放在楼房架空层的电动车被烧毁，多辆电动车受损。根据监控视频看，很有可能是自燃。,
206,文教体育用品,电动滑板车,无,无,无,14～60岁,男女均可使用,否,否,是,否,正常使用环境,正确的使用方式,电气危害,电气爆炸,过热,财产损失,,北京朝阳区一住户家中电动滑板车燃爆，监控画面记录下爆燃的瞬间，现场火光四起，浓烟充斥着整个客厅。,
207,交通用具及相关产品,电动自行车,无,无,无,14～60岁,男女均可使用,否,否,是,否,正常使用环境,正确的使用方式,电气危害,电气爆炸,过热,财产损失,, 2018年7月13日2时39分，房山区河北镇磁家务村大桃园小区4号楼楼外一辆电动自行车起火冒烟，中队到场前事主报称已无明火，无人员伤亡。起火电动车为该楼住户王某停放在该楼北侧通道处的电动自行车，王某通过窗户处接线对电动车进行充电，充电过程中充电器与车体的接口处发生电气故障后起火。,
208,交通用具及相关产品,电动自行车,无,无,无,14～60岁,男女均可使用,否,否,是,否,正常使用环境,正确的使用方式,电气危害,电气爆炸,过热,财产损失,,  2018年7月15日5时29分，房山区良乡镇长虹小区20号楼外北侧停放的一辆电动自行车起火，过火面积2平方米，无人员伤亡。经查，电动车车主为楼内住户郑某，起火原因系电动车蓄电池内部电气故障所致。房山支队提示车主电动车火灾安全的注意事项，督促小区物业单位落实电动自行车充电桩和停车棚的建设工作。,
209,交通用具及相关产品,电动自行车,无,无,无,14～60岁,男女均可使用,否,否,是,否,正常使用环境,正确的使用方式,电气危害,电气爆炸,过热,财产损失,,2018年7月14日19时19分，朝阳区奥林匹克公园北园北门南13号门外清林路辅路处一辆电动自行车发生冒烟，中队到场后现场已无冒烟迹象，仅发现有一辆电动自行车电池部位有轻微烟迹，随后电动车车主赶到后将车辆移走，未造成其它财产损失及人员伤亡。,
210,交通用具及相关产品,电动自行车,无,无,无,14～60岁,男女均可使用,否,否,是,否,正常使用环境,正确的使用方式,电气危害,电气爆炸,过热,财产损失,,2018年7月15日3时20分，朝阳区三丰里10号楼1单元楼外一辆电动自行车起火，过火面积2平米，无人员伤亡。经查，起火部位位于该电动车电池部位，起火原因系电动车充电过程中电池故障所致。,
211,交通用具及相关产品,电动自行车,无,无,无,14～60岁,男女均可使用,否,否,是,否,正常使用环境,正确的使用方式,电气危害,电气爆炸,过热,财产损失,,车主将电动车停靠在车库位置充电，导致充电过量，未拔下充电器，引起的电动车自燃。,
212,交通用具及相关产品,电动自行车,无,无,无,14～60岁,男女均可使用,否,否,是,否,正常使用环境,正确的使用方式,电气危害,电气爆炸,过热,财产损失,,"放在客厅中的电动车锂电池在未充电的情况下突然爆炸，致房间起火,室内沙发等被烧毁。",
213,交通用具及相关产品,电动自行车,无,无,无,14～60岁,男女均可使用,否,否,是,否,正常使用环境,正确的使用方式,电气危害,电气爆炸,过热,死亡,,位于宝山通南路上的一家电瓶车销售店内发生火灾，多人伤亡。火灾原因可能由于充电引发。,
214,家用电器及电器附件,空调,无,无,无,不限年龄段,男女均可使用,否,否,否,否,正常使用环境,正确的使用方式,电气危害,电气爆炸,短路,财产损失,,江苏扬州西湖镇润阳北路附近，一处工地上的活动板房突然起火，据工地负责人称，疑似空调线路故障发生起火。,
215,交通用具及相关产品,电动自行车,无,无,无,14～60岁,男女均可使用,否,否,是,否,正常使用环境,正确的使用方式,电气危害,电气爆炸,过热,财产损失,,北辰区瑞达里一户居民在家中为电动自行车电池充电时，电池突然起火。,
216,交通用具及相关产品,电动自行车,无,无,无,14～60岁,男女均可使用,否,否,是,否,正常使用环境,正确的使用方式,电气危害,电气爆炸,过热,烧伤,,连云港市海州区银泰花苑小区一居民楼2楼走道，包括电动车和自行车在内的11辆车起火，经初步勘察，火灾原因可能系电动车充电所致。,
217,电子及信息技术产品,手机,华为,无,无,不限年龄段,男女均可使用,否,否,否,否,正常使用环境,正确的使用方式,电气危害,电气爆炸,过热,财产损失,,王先生在给自己的华为手机充电时，突然发生了爆炸，手机烧得爆裂变形，浓烟滚滚。,
218,家用电器及电器附件,油烟机,无,无,无,不限年龄段,男女均可使用,否,否,是,否,正常使用环境,正确的使用方式,机械危害,形状和表面性能危害,玻璃应力,财产损失,,抽油烟机的玻璃面板破碎，部分爆裂后的玻璃碎渣散落在地，尚未脱落的面板也已出现密布的裂纹。,
219,儿童用品,儿童首饰,无,无,无,37个月～96个月,男女均可使用,否,否,否,否,正常使用环境,正确的使用方式,机械危害,形状和表面性能危害,小零件,食管坏死或穿孔,,一名4岁男童误吞首饰上的铃铛，医生见铃铛卡在食管，建议其保守观察。第二天复查胸片，铃铛仍位于原位。如果不及时将铃铛取出，铃铛在食管停留时间过久，会引起食管缺血坏死甚至有穿孔的危险。,
220,家具及建筑装饰装修材料,玻璃门,无,无,无,不限年龄段,男女均可使用,否,是,是,否,正常使用环境,正确的使用方式,机械危害,形状和表面性能危害,玻璃应力,手臂肱动脉断裂,,7岁的雨雨在家中发生意外，不慎撞破房间玻璃门，造成右臂肱动脉断裂，肱二头肌断裂，结肠外露。,
221,儿童用品,玩具（磁力珠）,无,无,无,14岁及以下,男女均可使用,是,是,否,否,正常使用环境,正确的使用方式,机械危害,形状和表面性能危害,小零件,胃肠道穿孔或阻塞,,一名9岁男童误吞磁铁，磁铁卡在右下腹，存在胃肠道梗阻或穿孔危险。,
222,电子及信息技术产品,手机,无,无,无,不限年龄段,男女均可使用,否,否,否,否,正常使用环境,正确的使用方式,电气危害,电气爆炸,过热,财产损失,,在岳西县廊桥二停车场内，一辆轿车疑似车内起火，初步判断起火原因为车内高温引起手机自燃。,
223,儿童用品,塑料玩具,无,无,无,14岁及以下,男女均可使用,是,是,否,否,正常使用环境,正确的使用方式,机械危害,形状和表面性能危害,小零件,中毒,,3岁男童将“水晶宝宝”当成小糖豆，吃进了嘴里，随即呕吐不止。,
224,家具及建筑装饰装修材料,玻璃窗,无,无,无,不限年龄段,男女均可使用,否,否,是,否,正常使用环境,正确的使用方式,机械危害,形状和表面性能危害,玻璃应力,财产损失,,窗户钢化玻璃的外层发生爆裂。,
225,交通用具及相关产品,电动自行车,无,无,无,14～60岁,男女均可使用,否,否,是,否,正常使用环境,正确的使用方式,电气危害,电气爆炸,过热,烧伤,,电动车放在屋内充电时起火。,
226,家用电器及电器附件,洗衣机,无,无,无,不限年龄段,男女均可使用,否,否,否,否,正常使用环境,正确的使用方式,机械危害,形状和表面性能危害,部件空隙或开口,卡伤,,一个11岁的男孩，玩捉迷藏的时候躲在洗衣机里，结果卡在里面无法动弹，只能露出头部。,
227,儿童用品,玩具枪,无,无,无,14岁及以下,男女均可使用,是,是,是,否,正常使用环境,正确的使用方式,机械危害,潜在能量危害,机械稳定性,眼睛射伤,,一个孩子打水枪时正好射到了另一个孩子的眼睛，孩子顿时捂着眼睛直哭，还好这把水枪威力较小，不然后果不堪设想。,
228,家具及建筑装饰装修材料,玻璃窗,无,无,无,不限年龄段,男女均可使用,否,否,是,否,正常使用环境,正确的使用方式,机械危害,形状和表面性能危害,玻璃应力,财产损失,,"住户家中落地窗钢化玻璃碎了，物业表示，夏天天气比较热,钢化玻璃自爆相对会高发,是不是质量问题需要鉴定。",
229,家具及建筑装饰装修材料,茶几,无,无,无,不限年龄段,男女均可使用,否,否,否,否,正常使用环境,正确的使用方式,机械危害,形状和表面性能危害,玻璃应力,财产损失,,茶几突然爆炸，客厅里玻璃碎渣散落一地。,
230,电子及信息技术产品,手机,无,无,无,不限年龄段,男女均可使用,否,否,否,否,正常使用环境,正确的使用方式,电气危害,电气爆炸,过热,财产损失,,上海的何女士在驾车时将苹果手机放在仪表台上，不料却突然有火光从手机冒出。整部手机鼓起，几秒钟后，火苗窜出包裹了手机。,
231,家用电器及电器附件,空调,无,无,无,不限年龄段,男女均可使用,否,否,否,否,正常使用环境,正确的使用方式,电气危害,电气爆炸,短路,财产损失,,驻马店一住户家里的空调突然起火导致火灾。,
232,交通用具及相关产品,电动自行车,无,无,无,14～60岁,男女均可使用,否,否,是,否,正常使用环境,正确的使用方式,电气危害,电气爆炸,过热,财产损失,,佛山禅城城门头路某大厦14楼办公室突然发生火灾，楼层玻璃窗大面积破碎，原因为电动车违规充电引发火灾。,
233,儿童用品,玩具（磁力珠）,无,无,无,14岁及以下,男女均可使用,是,是,否,否,正常使用环境,正确的使用方式,机械危害,形状和表面性能危害,小零件,胃肠道穿孔或阻塞,,因不慎吞入8颗直径2毫米左右的磁力铁珠，12岁的女孩小灿出现肠坏死、腹膜炎等症状。,
234,电子及信息技术产品,手机,苹果,iPhone 6PLUS,苹果,不限年龄段,男女均可使用,否,否,否,否,正常使用环境,正确的使用方式,电气危害,电气爆炸,过热,财产损失,,消费者购买的苹果6PLUS手机正常使用两年后突然自燃爆炸。,
235,家用电器及电器附件,电热水器,无,无,无,不限年龄段,男女均可使用,否,是,是,否,正常使用环境,正确的使用方式,电气危害,触电危害,漏电,电击伤,,洗澡的女儿突然触电，父母急忙施救，不想一家三口全被电倒，原因可能是电热水器漏电。,
236,日用杂品,气球,无,无,无,不限年龄段,男女均可使用,否,是,否,否,正常使用环境,正确的使用方式,机械危害,形状和表面性能危害,小零件,胃肠道穿孔或阻塞,,8岁男童误吞气球致肠梗阻。,
237,儿童用品,儿童玩具,无,无,无,8岁～14岁,男女均可使用,是,是,否,否,正常使用环境,正确的使用方式,机械危害,形状和表面性能危害,部件空隙或开口,划伤,,泡沫飞机内含小钢珠，冲击力大，一个小朋友被泡沫飞机划伤了。,
238,家用电器及电器附件,洗衣机,无,无,无,不限年龄段,男女均可使用,否,否,否,否,正常使用环境,正确的使用方式,机械危害,形状和表面性能危害,部件空隙或开口,卡伤,,山东省东营市1名3岁左右女孩在家玩耍的时候，不慎将头卡在了洗衣机滚筒内无法取下。,
239,交通用具及相关产品,电动自行车,无,无,无,14～60岁,男女均可使用,否,否,是,否,正常使用环境,正确的使用方式,电气危害,电气爆炸,过热,烧伤,,郴州市一小区住户家中客厅电动车突然起火，烟雾笼罩整个房间，有两人被困室内脸被熏黑。,
240,交通用具及相关产品,电动自行车,无,无,无,14～60岁,男女均可使用,否,否,是,否,正常使用环境,正确的使用方式,电气危害,电气爆炸,过热,财产损失,,济南瀚裕华园小区一居民楼突发火情，疑似一辆电动车充电起了火，一度浓烟滚滚。,
241,交通用具及相关产品,电动自行车,无,无,无,14～60岁,男女均可使用,否,否,是,否,正常使用环境,正确的使用方式,电气危害,电气爆炸,过热,财产损失,,海口明光国际酒店大楼后面停车场，一辆电瓶车在充电时起火，火势蔓延，旁边的一辆商务面包车被殃及损坏严重，无人员受伤。,
242,电子及信息技术产品,手机,小米,无,无,不限年龄段,男女均可使用,否,否,否,否,正常使用环境,正确的使用方式,电气危害,电气爆炸,过热,财产损失,,使用半年的小米手机在充电时突然冒烟。,
243,家具及建筑装饰装修材料,浴室玻璃门,无,无,无,不限年龄段,男女均可使用,否,否,是,否,正常使用环境,正确的使用方式,机械危害,形状和表面性能危害,玻璃应力,划伤,,杭州的一位汪先生反映，上个月他的老婆在洗澡时，浴室玻璃门突然炸裂，玻璃门的一面全部碎裂，汪先生的爱人还好只是瘦了一点皮外伤。,
244,家用电器及电器附件,电动泡脚盆,无,无,无,14～60岁,男女均可使用,否,是,否,否,正常使用环境,正确的使用方式,电气危害,电气爆炸,过热,财产损失,,"71岁老太用电动泡脚盆洗脚时，疑因连线引发火灾，小区热心人和消防队员紧急施救，老太太客厅内的物品，多化为灰烬。",
245,家具及建筑装饰装修材料,紫外线灯,无,无,无,不限年龄段,男女均可使用,否,否,否,否,正常使用环境,正确的使用方式,辐射危害,射线辐射危害,紫外线辐射,灼伤,,广州小伙误把紫外线灯当台灯使用了一晚上，使眼部受紫外线刺激而过敏，眼睛红肿、泪流不止。,
246,电子及信息技术产品,手机,小米,无,无,不限年龄段,男女均可使用,否,否,否,否,正常使用环境,正确的使用方式,电气危害,电气爆炸,过热,烧伤,,河南周口太康的一名小米用户的手机突然起火爆炸，致使该用户1岁的女儿三度烧伤。,
247,交通用具及相关产品,电动自行车,无,无,无,14～60岁,男女均可使用,否,否,是,否,正常使用环境,正确的使用方式,电气危害,电气爆炸,过热,财产损失,,西安大寨路东方米兰小区发生一起火灾，一住户在家中给电动车充电时，电动车突然起火并点燃家中物品造成火势蔓延，损失惨重。,
248,儿童用品,儿童玩具,无,无,无,8岁～14岁,男女均可使用,是,是,否,否,正常使用环境,正确的使用方式,机械危害,形状和表面性能危害,部件空隙或开口,划伤,,玩具无人机的螺旋桨旋转起来不仅速度快，而且锋利，很容易导致孩子受伤。,
249,儿童用品,儿童玩具,无,无,无,36个月及以下,男女均可使用,是,是,否,否,正常使用环境,正确的使用方式,机械危害,形状和表面性能危害,小零件,食道阻塞,,2岁男童误吞玩具里的纽扣电池致食道阻塞。,
250,文教体育用品,平衡车,无,无,无,14～60岁,男女均可使用,否,是,是,否,正常使用环境,正确的使用方式,电气危害,电气爆炸,过热,财产损失,,一男童在家中玩平衡车时，平衡车突然发生爆炸起火。,
251,家具及建筑装饰装修材料,浴室玻璃门,无,无,无,不限年龄段,男女均可使用,否,否,是,否,正常使用环境,正确的使用方式,机械危害,形状和表面性能危害,玻璃应力,财产损失,,"张先生家卫生间浴室的一扇约两米高,四五十厘米宽的钢化玻璃门整体爆裂，碎玻璃散落一地。",
252,交通用具及相关产品,电动自行车,无,无,无,14～60岁,男女均可使用,否,否,是,否,正常使用环境,正确的使用方式,电气危害,触电危害,短路,死亡,,停放该楼一楼楼梯间一辆电动车充电过程中线路短路引起，共造成2人死亡，另有2人送医院检查(均无生命危险）。,
253,电子及信息技术产品,激光笔,无,无,无,不限年龄段,男女均可使用,否,是,否,否,正常使用环境,正确的使用方式,辐射危害,射线辐射危害,激光辐射,灼伤,,上海宝山区一位8岁的小男孩程程在玩耍时左眼被激光笔照射灼伤，造成不可逆损伤。,
254,家用电器及电器附件,电热水器,无,无,无,不限年龄段,男女均可使用,否,是,是,否,正常使用环境,正确的使用方式,电气危害,电气爆炸,过热,烫伤,,电热水器内胆爆裂，热水烫伤女孩。,
255,服装鞋帽及家用纺织品,遮光窗帘,无,无,无,不限年龄段,男女均可使用,否,否,否,否,正常使用环境,正确的使用方式,有机毒物,有毒荃类化合物,甲醛,甲醛中毒、咳嗽,,合肥女子网购遮光窗帘甲醛超标，引发6岁孩子咳嗽、嗓子疼。,
256,家具及建筑装饰装修材料,床垫,无,无,无,不限年龄段,男女均可使用,否,否,否,否,正常使用环境,正确的使用方式,有机毒物,有毒荃类化合物,甲醛,甲醛中毒、咳嗽,,床垫甲醛超标，7岁女童嗓子疼，总是打喷嚏，流清涕。,
258,家具及建筑装饰装修材料,玻璃幕墙,无,无,无,不限年龄段,男女均可使用,否,否,是,否,正常使用环境,正确的使用方式,机械危害,形状和表面性能危害,玻璃应力,财产损失,,武汉一市民家中厨房的玻璃幕墙发生自爆。,
259,儿童用品,玩具（磁力珠）,无,无,无,14岁及以下,男女均可使用,是,是,否,否,正常使用环境,正确的使用方式,机械危害,形状和表面性能危害,小零件,胃肠道穿孔或阻塞,,8岁误吞下40多颗磁铁珠，磁铁珠相互吸引引发肠胃穿孔。,
260,家用电器及电器附件,充电插座,无,无,无,不限年龄段,男女均可使用,否,是,是,否,正常使用环境,正确的使用方式,电气危害,触电危害,短路,财产损失,,充电插座短路导致冒烟，幸好男童及时发现，没有引起明火。,
261,家用电器及电器附件,油烟机,无,无,无,不限年龄段,男女均可使用,否,否,是,否,正常使用环境,正确的使用方式,机械危害,形状和表面性能危害,玻璃应力,划伤,,油烟机玻璃面板爆裂，人被划伤。,
262,文教体育用品,平衡车,无,无,无,14～60岁,男女均可使用,否,是,是,否,正常使用环境,正确的使用方式,电气危害,电气爆炸,过热,财产损失,,台州市民家中正在充电的平衡车起火引起火灾。,
263,交通用具及相关产品,电动自行车,无,无,无,14～60岁,男女均可使用,否,否,是,否,正常使用环境,正确的使用方式,电气危害,电气爆炸,过热,烧伤,,河南郑州管城区一家属楼一楼楼道口电动车失火发生火灾，致3死4伤。,
264,家用电器及电器附件,电视,无,无,无,不限年龄段,男女均可使用,否,否,否,否,正常使用环境,正确的使用方式,电气危害,电气爆炸,过热,财产损失,,扬州一户人家小孩正在看电视。突然，电视机插头直冒火星，然后起火。,
265,电子及信息技术产品,电脑,无,无,无,不限年龄段,男女均可使用,否,否,否,否,正常使用环境,正确的使用方式,电气危害,电气爆炸,过热,财产损失,,海口市白龙新城小区的一户居民家中，因电脑自燃引发火灾。,
266,交通用具及相关产品,电动自行车,无,无,无,14～60岁,男女均可使用,否,否,是,否,正常使用环境,正确的使用方式,电气危害,电气爆炸,过热,财产损失,,阜阳市民把电动自行车放到家中充电，在充电过程中起火。,
267,家用电器及电器附件,冰箱,无,无,无,不限年龄段,男女均可使用,否,否,否,否,正常使用环境,正确的使用方式,电气危害,电气爆炸,过热,财产损失,,安庆市一门面房中立式冰箱因故障起火。,
268,儿童用品,玩具（磁力珠）,无,无,无,14岁及以下,男女均可使用,是,是,否,否,正常使用环境,正确的使用方式,机械危害,形状和表面性能危害,小零件,胃肠道穿孔或阻塞,,2岁女童误吞三粒磁力珠，导致两处肠穿孔。,
269,家具及建筑装饰装修材料,组合柜,无,无,无,不限年龄段,男女均可使用,否,否,否,否,正常使用环境,正确的使用方式,有机毒物,有毒荃类化合物,甲醛,咳嗽,,深圳南山区的曾先生在宜家买了一套组合柜，女儿因此出现了咳嗽等不舒服的症状，曾先生用甲醛仪测试后发现甲醛超标。,
270,电子及信息技术产品,手机,无,无,无,不限年龄段,男女均可使用,否,否,否,否,正常使用环境,正确的使用方式,电气危害,电气爆炸,过热,财产损失,,上海地铁一名乘客的手机死机并且发烫，在找站务员帮忙把电池板卸下来时，手机突然冒烟。,
271,交通用具及相关产品,电动自行车,无,无,无,14～60岁,男女均可使用,否,否,是,否,正常使用环境,正确的使用方式,电气危害,电气爆炸,过热,财产损失,,一台停放在电动车充电点的没有充电的电动车发生自燃引起火灾，烧毁周围的电动车。,
272,交通用具及相关产品,电动自行车,无,无,无,14～60岁,男女均可使用,否,否,是,否,正常使用环境,正确的使用方式,电气危害,电气爆炸,过热,财产损失,,电动车停放在小区的架空层，疑电动车充电引发火灾。,
273,儿童用品,纸尿裤,无,无,无,36个月及以下,男女均可使用,否,否,否,否,正常使用环境,正确的使用方式,有机毒物,有毒荃类化合物,甲醛，TVOC,刺激皮肤黏膜，致癌,,网购的“爸爸的选择”牌“夏季轻柔透气婴儿纸尿裤”中，甲醛（HCHO）和总挥发性有机物（TVOC）严重超标25倍和14倍。,
274,日用杂品,纽扣电池,无,无,无,不限年龄段,男女均可使用,否,否,否,否,正常使用环境,正确的使用方式,机械危害,形状和表面性能危害,纽扣电池,胃肠道穿孔或阻塞,,一名4岁多的男童误吞了一颗纽扣电池，手术取出时电池已被腐蚀变黑，随时可能渗出腐蚀性物质，险些造成严重后果。,
275,交通用具及相关产品,电动自行车,无,无,无,14～60岁,男女均可使用,否,否,是,否,正常使用环境,正确的使用方式,电气危害,电气爆炸,过热,财产损失,,一辆停放在人行道上的电动车发生自燃。,
276,交通用具及相关产品,电动自行车,无,无,无,14～60岁,男女均可使用,否,否,是,否,正常使用环境,正确的使用方式,电气危害,电气爆炸,过热,财产损失,,电动车电池在未充电情况下发生自燃。,
277,家用电器及电器附件,空调,无,无,无,不限年龄段,男女均可使用,否,否,否,否,正常使用环境,正确的使用方式,电气危害,电气爆炸,短路,死亡,,巴中市城区一小区因楼上空调外机外壳带电，空调外机固定支架和楼下铁防护栏相接触后，导致楼下防护栏意外带电。楼下小孩在阳台收衣服时，触碰防护栏后触电身亡。,
278,交通用具及相关产品,电动自行车,无,无,无,14～60岁,男女均可使用,否,否,是,否,正常使用环境,正确的使用方式,电气危害,电气爆炸,过热,财产损失,,电瓶车充电时起火引发火灾。,
279,家具及建筑装饰装修材料,地漏,无,无,无,不限年龄段,男女均可使用,否,是,是,否,正常使用环境,正确的使用方式,机械危害,形状和表面性能危害,部件空隙或开口,夹伤,,4岁女童的手指被金属地漏卡住。,
280,儿童用品,玩具（磁力珠）,无,无,无,14岁及以下,男女均可使用,是,是,否,否,正常使用环境,正确的使用方式,机械危害,形状和表面性能危害,小零件,胃肠道穿孔或阻塞,,6岁男童误吞三颗磁力珠，在体内留存了9天才最终被顺利取出，险些造成孩子肠穿孔和肠梗阻。,
281,文教体育用品,笔帽,无,无,无,不限年龄段,男女均可使用,否,否,否,否,正常使用环境,正确的使用方式,机械危害,形状和表面性能危害,小零件,气管阻塞,,9岁的男孩因咬笔时误将笔帽吸入气管，咳喘不止，险窒息。,
282,家具及建筑装饰装修材料,玻璃窗,无,无,无,不限年龄段,男女均可使用,否,否,是,否,正常使用环境,正确的使用方式,机械危害,形状和表面性能危害,玻璃应力,财产损失,,泉州一小区业主反映，大家入住最长的也就两年多，可不少人家里阳台、卧室的钢化玻璃就接连爆裂。,
283,电子及信息技术产品,手机,无,无,无,不限年龄段,男女均可使用,否,否,否,否,正常使用环境,正确的使用方式,电气危害,电气爆炸,过热,财产损失,,江西上饶的一位女士带着宝宝去美容院做身体保养，边玩手机变等待，当手机放到沙发上时突然起火。,
284,儿童用品,儿童玩具,无,无,无,37个月～96个月,男女均可使用,是,是,否,否,正常使用环境,正确的使用方式,机械危害,形状和表面性能危害,部件空隙或开口,卡伤,,汉中南郑一所幼儿园中，一个小孩在玩玩具的时候，将塑料环套上了自己的手指，致使手指被卡。,
285,儿童用品,玩具遥控器,无,无,无,14岁及以下,男女均可使用,是,否,否,否,正常使用环境,正确的使用方式,机械危害,形状和表面性能危害,小零件,胃肠道穿孔或阻塞,,8个月大的女婴误吞下一颗放在玩具遥控器里的纽扣电池，滞留胃里5小时，电池里的碱液已渗漏，将胃黏膜灼伤多处。,
286,儿童用品,玩具（磁力珠）,无,无,无,14岁及以下,男女均可使用,是,是,否,否,正常使用环境,正确的使用方式,机械危害,形状和表面性能危害,小零件,胃肠道穿孔或阻塞,,一名2岁男童误吞9颗磁力珠，出现呕吐、腹部不适等症状。,
287,家用电器及电器附件,电视,无,无,无,不限年龄段,男女均可使用,否,否,否,否,正常使用环境,正确的使用方式,电气危害,电气爆炸,过热,财产损失,,在专卖店里花3000元买了一台55寸海信电视，还未拆包装，发生了自燃。,
288,家具及建筑装饰装修材料,塑胶跑道,无,无,无,不限年龄段,男女均可使用,否,否,否,否,正常使用环境,正确的使用方式,有机毒物,有毒荃类化合物,甲醛,流鼻血、起疹子、呕吐,,湖北武汉藏龙二小被曝出100多名学生出现了流鼻血、呕吐、起红疹等不适症状。家长怀疑与操场上有巨大刺鼻气味的跑道有关。,
289,电子及信息技术产品,手机,无,无,无,不限年龄段,男女均可使用,否,否,否,否,正常使用环境,正确的使用方式,电气危害,电气爆炸,过热,财产损失,,青岛公交车上一名初中生书包中的手机发热冒烟。,
290,交通用具及相关产品,电动自行车,无,无,无,14～60岁,男女均可使用,否,否,是,否,正常使用环境,正确的使用方式,电气危害,电气爆炸,过热,财产损失,,电动车在行驶中电瓶起火。,
291,家具及建筑装饰装修材料,壁灯,无,无,无,不限年龄段,男女均可使用,否,否,否,否,正常使用环境,正确的使用方式,电气危害,电气爆炸,过热,触电,,宜家收到一例来自中国的报告，有两位儿童在触摸了斯米拉斯加纳壁灯开关处外露的电线铜丝后触电，宜家已通知中国市场所有商场停止了斯米拉三款壁灯的销售，并对库存商品进行该缺陷的排查。,
292,交通用具及相关产品,电动自行车,无,无,无,14～60岁,男女均可使用,否,否,是,否,正常使用环境,正确的使用方式,电气危害,电气爆炸,过热,财产损失,,南京市玄武区某小区电动车违规充电引发大火，烧毁了正在充电的7辆电动车和3辆共享单车。,
293,电子及信息技术产品,电子设备,无,无,无,14～60岁,男女均可使用,否,是,否,否,正常使用环境,正确的使用方式,电气危害,电气爆炸,过热,财产损失,,20日下午，广州地铁突发出现乘客群体奔跑，广州地铁方面表示，事因一位乘客电子设备冒烟。,
294,家用电器及电器附件,洗衣机,无,无,无,不限年龄段,男女均可使用,否,否,否,否,正常使用环境,正确的使用方式,电气危害,电气爆炸,过热,财产损失,,洗衣机未在使用中起火自燃，消费者怀疑是洗衣机外部的电线出了问题。,
295,儿童用品,玩具（玻璃珠）,无,无,无,14岁及以下,男女均可使用,是,是,否,否,正常使用环境,正确的使用方式,机械危害,形状和表面性能危害,小零件,胃肠道穿孔或阻塞,,东莞一5岁男童把玻璃珠放口中玩耍，一不小心就吞了下去，险造成消化道梗阻。,
296,家用电器及电器附件,浴霸,无,无,无,不限年龄段,男女均可使用,否,否,否,否,正常使用环境,正确的使用方式,电气危害,电气爆炸,过热,烫伤、扎伤,,郑州的胡女士正在给家里一岁的孩子洗澡，浴霸发生爆炸，孩子的身上、背上、屁股上不仅有烫伤，还有扎伤。,
297,交通用具及相关产品,电动自行车,无,无,无,14～60岁,男女均可使用,否,否,是,否,正常使用环境,正确的使用方式,电气危害,电气爆炸,过热,财产损失,,海口市民停放在二楼客厅的折叠电动车充电过程中线路故障引发火灾。,
298,电子及信息技术产品,手机,无,无,无,不限年龄段,男女均可使用,否,否,否,否,正常使用环境,正确的使用方式,电气危害,电气爆炸,过热,财产损失,,西安一小区住宅楼的四层南户突发大火，大火从卧室引燃，火势十分凶猛，据邻居说，当时女主人的手机放在床上充电，不料却突然起火，随后，女主人迅速带着两个孩子逃离现场，卧室里全部烧毁，屋内和楼道全部熏黑。,
299,交通用具及相关产品,电动自行车,无,无,无,14～60岁,男女均可使用,否,否,是,否,正常使用环境,正确的使用方式,电气危害,电气爆炸,过热,烧伤,,近日，顺德勒流一男子在屋内，给电动自行车充电致火灾，导致刘某全身57%被烧伤。,
300,交通用具及相关产品,电动自行车,无,无,无,14～60岁,男女均可使用,否,否,是,否,正常使用环境,正确的使用方式,电气危害,电气爆炸,过热,财产损失,,在郑州市农业路上的河南博物院门口，一辆电动车突然自燃。,
301,家具及建筑装饰装修材料,淋浴房玻璃门,无,无,无,不限年龄段,男女均可使用,否,否,是,否,正常使用环境,正确的使用方式,机械危害,形状和表面性能危害,玻璃应力,划伤,,苏州市民姚女士前晚在家经历了惊魂一幕，浴室里一扇已经使用了十年的钢化玻璃门突然炸裂。她不仅受到了惊吓，还被掉落的碎玻璃割伤了手。,
302,儿童用品,安全座椅,无,无,无,37个月～96个月,男女均可使用,否,是,否,否,正常使用环境,正确的使用方式,机械危害,潜在能量危害,机械稳定性,卡伤,,在网上买的安全座椅，使用中四岁女童坐在安全座椅上，由于安全带无法打开，女童被安全带牢牢的捆住。,
303,儿童用品,玩具（磁力珠）,无,无,无,14岁及以下,男女均可使用,是,是,否,否,正常使用环境,正确的使用方式,机械危害,形状和表面性能危害,小零件,胃肠道穿孔或阻塞,,江西九江武宁县一名4岁8个月大的女孩，因误食17枚磁力珠玩具约5小时左右，在当地医院拍腹部立位片(CR），提示多发性消化道异物，经治疗后症状无缓解。当日以“多发性消化道异物”，急诊入江西省儿童医院普外科，手术后取出全部磁珠。,
304,家用电器及电器附件,电水壶,无,无,无,不限年龄段,男女均可使用,否,是,否,否,正常使用环境,正确的使用方式,机械危害,形状和表面性能危害,玻璃应力,割伤,,深圳唐女士在某电商平台买了一个半球牌玻璃电水壶，未在工作状态的水壶突然炸裂，其老公大腿内侧被玻璃碎片割伤。,
305,交通用具及相关产品,电动自行车,无,无,无,14～60岁,男女均可使用,否,否,是,否,正常使用环境,正确的使用方式,电气危害,电气爆炸,过热,财产损失,,海口龙华区山高村一群租楼发生火灾，此次火灾共烧毁6辆电动车，火灾原因疑似跟一楼的电动车充电有关。,
306,儿童用品,塑料玩具,无,无,无,14岁及以下,男女均可使用,是,是,否,否,正常使用环境,正确的使用方式,机械危害,形状和表面性能危害,部件空隙或开口,卡伤,,小孩的食指卡在一个塑料玩具模型里面，手指轻微淤血。,
307,交通用具及相关产品,电动自行车,无,无,无,14～60岁,男女均可使用,否,否,是,否,正常使用环境,正确的使用方式,电气危害,电气爆炸,过热,财产损失,,一辆电动自行车行驶中发生自燃。,
308,儿童用品,儿童太阳镜,无,无,无,37个月～96个月,男女均可使用,否,否,否,否,正常使用环境,正确的使用方式,辐射危害,射线辐射危害,紫外线辐射,紫外线灼伤,,5岁孩子戴了两天太阳镜后，眼睛红肿、痒，发现得了角膜炎。,
309,家用电器及电器附件,插线板,无,无,无,不限年龄段,男女均可使用,否,否,是,否,正常使用环境,正确的使用方式,电气危害,电气爆炸,过热,财产损失,,广州大学B3栋626宿舍经济与统计学院15级学生因使用劣质插板在靠床的书桌上给充电宝充电起火，引燃蚊帐，火势迅速蔓延至1米多高。,
310,儿童用品,玩具（磁力珠）,无,无,无,14岁及以下,男女均可使用,是,是,否,否,正常使用环境,正确的使用方式,机械危害,形状和表面性能危害,小零件,胃肠道穿孔或阻塞,,6岁的小女孩温温突然出现脐周疼痛并渐加重，医生检查发现居然是肠梗阻，而发病原因则是因为误吞了玩具。,
311,家用电器及电器附件,浴霸,无,无,无,不限年龄段,男女均可使用,否,否,否,否,正常使用环境,正确的使用方式,机械危害,形状和表面性能危害,玻璃应力,烫伤、划伤,,包头市民赵女士的儿子在浴室洗澡时，浴室内浴霸照明灯突然爆炸，赵女士的儿子背部被轻微烫伤、右侧肩膀有划痕。,
312,家用电器及电器附件,洗衣机,无,无,无,不限年龄段,男女均可使用,否,否,否,否,正常使用环境,正确的使用方式,机械危害,形状和表面性能危害,部件空隙或开口,卡伤,,南阳方城县博望镇一名两岁男童独自钻进洗衣机的脱水桶，结果被卡住无法出来。,
313,交通用具及相关产品,电动自行车,无,无,无,14～60岁,男女均可使用,否,否,是,否,正常使用环境,正确的使用方式,电气危害,电气爆炸,过热,财产损失,,内蒙古一住宅楼下的电动车突然起火，9辆电动车被烧毁，住宅楼外墙也被损坏。,
314,文教体育用品,电动平衡车,无,无,无,14～60岁,男女均可使用,否,否,是,否,正常使用环境,正确的使用方式,电气危害,电气爆炸,过热,财产损失,,10月16日下午，合肥市高新区某小区内的一户业主准备出门时，房间里正在充电的平衡车冒出浓烟，突然起火。,
315,文教体育用品,跑步机,无,无,无,14～60岁,男女均可使用,否,是,是,否,正常使用环境,正确的使用方式,高/低温物质危害,高温物质危害,高温表面,烫伤、划伤,,2岁女童不小心摔倒在跑步机旁，小指正好碰到跑步机皮带的边缘，瞬时就蹭去了一层表皮，整个手指肿胀起来。,
316,家用电器及电器附件,洗衣机,无,无,无,不限年龄段,男女均可使用,否,否,否,否,正常使用环境,正确的使用方式,机械危害,形状和表面性能危害,部件空隙或开口,卡伤,,福州两岁男童在玩耍时，头卡在洗衣机滚筒里出不来。,
317,家具及建筑装饰装修材料,玻璃窗,无,无,无,不限年龄段,男女均可使用,否,否,是,否,正常使用环境,正确的使用方式,机械危害,形状和表面性能危害,玻璃应力,财产损失,,广州天河区一高层住户落地玻璃窗爆裂，有掉落危险。,
318,家用电器及电器附件,浴霸,无,无,无,不限年龄段,男女均可使用,否,否,否,否,正常使用环境,正确的使用方式,电气危害,电气爆炸,过热,财产损失,,安徽一户人家准备洗澡，因气温有些低，便打开了浴霸，却不料，浴霸发生爆炸并引发火灾。,
319,家用电器及电器附件,卡式炉,无,无,无,不限年龄段,男女均可使用,否,否,否,否,正常使用环境,正确的使用方式,爆炸危害,气相爆炸危害,爆炸性气体,烧伤、烫伤,,西安市民在烤肉店吃饭时，卡式炉发生爆炸，一家三口受伤。,
320,文教体育用品,跑步机,无,无,无,14～60岁,男女均可使用,否,是,是,否,正常使用环境,正确的使用方式,高/低温物质危害,高温物质危害,高温表面,烫伤、划伤,,近日，厦门市一名4岁男童小颖(化名)，因不慎摔倒，手部触碰到正在运行的跑步机跑带，导致其被跑带烧伤。,
321,文教体育用品,笔帽,无,无,无,不限年龄段,男女均可使用,否,否,否,否,正常使用环境,正确的使用方式,机械危害,形状和表面性能危害,小零件,气管阻塞,,3岁男童含笔帽玩耍时，误将笔帽吞下气管致气管堵塞。,
322,家具及建筑装饰装修材料,淋浴房玻璃,无,无,无,不限年龄段,男女均可使用,否,否,是,否,正常使用环境,正确的使用方式,机械危害,形状和表面性能危害,玻璃应力,割伤或骨折,,江苏一周内4起淋浴房玻璃自爆，有的居民被玻璃割伤，有的居民摔倒致手臂骨折。,
323,儿童用品,玩具（磁力珠）,无,无,无,14岁及以下,男女均可使用,是,是,否,否,正常使用环境,正确的使用方式,机械危害,形状和表面性能危害,小零件,胃肠道穿孔或阻塞,,西安一名7岁男童误吞了14颗磁力珠玩具，因为磁力的吸附作用，造成了两段肠道肠穿孔，中间肠道的肠压迫导致肠梗阻。,
324,交通用具及相关产品,电动自行车,无,无,无,14～60岁,男女均可使用,否,否,是,否,正常使用环境,正确的使用方式,电气危害,电气爆炸,过热,财产损失,,西安交通大学一男生宿舍突然出现火情，据现场一名学生介绍称是该宿舍楼二楼的一名学生为电瓶车充电引起。,
325,儿童用品,玩具枪,无,无,无,14岁及以下,男女均可使用,是,是,是,否,正常使用环境,正确的使用方式,机械危害,形状和表面性能危害,部件空隙或开口,卡伤,,5岁男童好奇贪玩，手指卡进玩具枪内无法取下，手指已经肿胀并伴有强烈疼痛，如果不及时摘除可能会因血液不循环导致手指内部组织坏死。,
326,家用电器及电器附件,洗衣机,无,无,无,不限年龄段,男女均可使用,否,否,否,否,正常使用环境,正确的使用方式,电气危害,电气爆炸,过热,财产损失,,洗衣机在使用中，火苗从洗衣机内部烧起，洗澡间被烧毁。,
327,交通用具及相关产品,电动自行车,无,无,无,14～60岁,男女均可使用,否,否,是,否,正常使用环境,正确的使用方式,电气危害,电气爆炸,过热,财产损失,,上海一小区内发生火灾，造成小区内多辆非机动车被烧毁，居民推测火灾可能是电瓶车充电引起的。,
328,交通用具及相关产品,电动自行车,无,无,无,14～60岁,男女均可使用,否,否,是,否,正常使用环境,正确的使用方式,电气危害,电气爆炸,过热,财产损失,,鹤壁小区一辆电动自行车私拉电线在楼道口充电时着火了。,
329,家用电器及电器附件,燃气灶,无,无,无,14～60岁,男女均可使用,否,是,是,否,正常使用环境,正确的使用方式,机械危害,形状和表面性能危害,玻璃应力,财产损失,,燃气灶使用2年后，玻璃台面突然发生炸裂，玻璃碎渣散落一地。,
330,交通用具及相关产品,电动自行车,无,无,无,14～60岁,男女均可使用,否,否,是,否,正常使用环境,正确的使用方式,电气危害,电气爆炸,过热,财产损失,,绍兴一小区居民把电动自行车放家里充电，把充电器拔掉后20分钟，车子突然自燃。,
331,家用电器及电器附件,洗衣机,无,无,无,不限年龄段,男女均可使用,否,否,否,否,正常使用环境,正确的使用方式,机械危害,形状和表面性能危害,部件空隙或开口,卡伤,,2岁女童爬进洗衣机甩干桶，被卡在里面无法动弹。,
332,家用电器及电器附件,燃气热水器,无,无,无,14～60岁,男女均可使用,否,是,是,否,正常使用环境,正确的使用方式,爆炸危害,气相爆炸危害,爆炸性气体,烧伤,,南宁一9岁男孩在洗澡时，浴室里的热水器突然发生爆燃，导致其全身大面积烧伤。,
333,交通用具及相关产品,电动自行车,无,无,无,14～60岁,男女均可使用,否,否,是,否,正常使用环境,正确的使用方式,电气危害,电气爆炸,过热,财产损失,,"济南市凤凰国际小区北区发生了一起火灾,原因是电动车在室内充电的时候起火。",
334,交通用具及相关产品,电动自行车,无,无,无,14～60岁,男女均可使用,否,否,是,否,正常使用环境,正确的使用方式,电气危害,电气爆炸,过热,财产损失,,此次火灾事故原因是由于户主私拉乱接电线，违规给电动自行车充电引起火灾。,
335,儿童用品,玩具（磁力珠）,无,无,无,14岁及以下,男女均可使用,是,是,否,否,正常使用环境,正确的使用方式,机械危害,形状和表面性能危害,小零件,胃肠道穿孔或阻塞,,福建一名3岁女童误吞了29颗磁力珠，出现腹部不适、食欲不振等症状。,
336,儿童用品,玩具（水宝宝）,无,无,无,14岁及以下,男女均可使用,是,是,否,否,正常使用环境,正确的使用方式,机械危害,形状和表面性能危害,小零件,肠梗阻,,1岁女婴误吞水宝宝导致肠梗阻。,
337,交通用具及相关产品,电动自行车,无,无,无,14～60岁,男女均可使用,否,否,是,否,正常使用环境,正确的使用方式,电气危害,电气爆炸,过热,死亡,,铁岭市某小区居民楼楼道里，疑似电动车充电时起火爆炸，导致正巧经过旁边的一对母子受伤，并相继死亡。,
338,儿童用品,玩具（磁力珠）,无,无,无,14岁及以下,男女均可使用,是,是,否,否,正常使用环境,正确的使用方式,机械危害,形状和表面性能危害,小零件,胃肠道穿孔或阻塞,,宁波一2岁幼童因为误吞５颗磁力珠致肠穿孔。,
339,家用电器及电器附件,燃气灶,无,无,无,14～60岁,男女均可使用,否,是,是,否,正常使用环境,正确的使用方式,机械危害,形状和表面性能危害,玻璃应力,财产损失,,燃气灶表面的钢化玻璃面板突然开裂，一些玻 璃碎渣炸出一米多远。,
340,日用杂品,手机钢化膜,无,无,无,不限年龄段,男女均可使用,否,否,否,否,正常使用环境,正确的使用方式,电气危害,电气爆炸,玻璃应力,割伤,,手机钢化膜碎裂把手指割伤,
341,家用电器及电器附件,洗衣机,无,无,无,不限年龄段,男女均可使用,否,否,否,否,正常使用环境,正确的使用方式,电气危害,电气爆炸,过热,财产损失,,美的洗衣机在没有使用的情况下自爆自燃。,
342,家用电器及电器附件,破壁机,无,无,无,不限年龄段,男女均可使用,否,否,否,否,正常使用环境,正确的使用方式,电气危害,电气爆炸,过热,财产损失,,美的一款破壁机在使用时冒黑烟豆浆四溅。,
343,交通用具及相关产品,电动自行车,无,无,无,14～60岁,男女均可使用,否,否,是,否,正常使用环境,正确的使用方式,电气危害,电气爆炸,过热,财产损失,,杭州一小区因电动自行车充电引发火灾。,
344,交通用具及相关产品,电动自行车,无,无,无,14～60岁,男女均可使用,否,否,是,否,正常使用环境,正确的使用方式,电气危害,电气爆炸,过热,财产损失,,从楼上扯电线给电动车充电引发电动车自燃。,
345,交通用具及相关产品,电动自行车,无,无,无,14～60岁,男女均可使用,否,否,是,否,正常使用环境,正确的使用方式,电气危害,电气爆炸,过热,财产损失,,海口一学生骑着电动车去上学，车辆途中突然自燃。,
346,交通用具及相关产品,电动自行车,无,无,无,14～60岁,男女均可使用,否,否,是,否,正常使用环境,正确的使用方式,电气危害,电气爆炸,过热,烧伤,,楼道里的两轮电动车着火，有两位伤者被送往医院，一位不治身亡。,
347,儿童用品,玩具（磁力珠）,无,无,无,14岁及以下,男女均可使用,是,是,否,否,正常使用环境,正确的使用方式,机械危害,形状和表面性能危害,小零件,胃肠道穿孔或阻塞,,福州3岁男童误吞5颗磁力珠致胃肠穿孔。,
348,家用电器及电器附件,浴霸,无,无,无,不限年龄段,男女均可使用,否,否,否,否,正常使用环境,正确的使用方式,电气危害,电气爆炸,过热,财产损失,,浴霸长时间供热造成线路融化自燃，引发起火。,
349,家具及建筑装饰装修材料,紫外线灯,无,无,无,不限年龄段,男女均可使用,否,否,否,否,正常使用环境,正确的使用方式,辐射危害,射线辐射危害,紫外线辐射,灼伤,,天津市滨海新区大港英语实验小学在早晨打开教室紫外线消毒灯后忘记关闭，致使全班学生被紫外线灯照射9小时，眼睛和面部、颈部严重灼伤。,
350,儿童用品,玩具枪,无,无,无,14岁及以下,男女均可使用,是,是,是,否,正常使用环境,正确的使用方式,高/低温物质危害,高温物质危害,高温表面,烧伤,,小女孩自己衣袋里装了玩具火枪由于温度过高发生自燃，导致女孩轻度烧伤。,
351,交通用具及相关产品,电动自行车,无,无,无,14～60岁,男女均可使用,否,否,是,否,正常使用环境,正确的使用方式,电气危害,电气爆炸,过热,财产损失,,武汉市江岸区后湖南路惠康居发生火情，疑因一电动车充电自燃，殃及车棚内30余辆车。,
352,交通用具及相关产品,电动自行车,无,无,无,14～60岁,男女均可使用,否,否,是,否,正常使用环境,正确的使用方式,电气危害,电气爆炸,过热,财产损失,,骑着电动车在路上行驶，可是车子却突然起火，短短几分钟就烧得只剩下一个铁架子。,
353,家用电器及电器附件,暖风机,无,无,无,不限年龄段,男女均可使用,否,否,是,否,正常使用环境,正确的使用方式,电气危害,电气爆炸,过热,财产损失,,暖风机引燃了房间的地毯，引起火灾。,
354,交通用具及相关产品,电动自行车,无,无,无,14～60岁,男女均可使用,否,否,是,否,正常使用环境,正确的使用方式,电气危害,电气爆炸,过热,炸伤,,正在充电的电动车电瓶发生爆炸，造成一男子面部受伤，眼睛险些失明。,
355,日用杂品,热水袋,无,无,无,不限年龄段,男女均可使用,否,是,是,否,正常使用环境,正确的使用方式,机械危害,潜在能量危害,机械强度,烫伤,,沈阳一女生把热水袋放到腿上取暖，热水袋突然爆裂，致其大腿被烫伤。,
356,家用电器及电器附件,油烟机,无,无,无,不限年龄段,男女均可使用,否,否,是,否,正常使用环境,正确的使用方式,机械危害,形状和表面性能危害,玻璃应力,财产损失,,济南一住户家中抽油烟机的玻璃面板发生了爆裂。,
357,家具及建筑装饰装修材料,淋浴房,无,无,无,不限年龄段,男女均可使用,否,否,否,否,正常使用环境,正确的使用方式,机械危害,形状和表面性能危害,玻璃应力,割伤,,桂林一酒店固定在墙面的玻璃门突然脱落并炸裂，导致母女两人全身上下多处被割伤。,
358,日用杂品,纽扣电池,无,无,无,不限年龄段,男女均可使用,否,否,否,否,正常使用环境,正确的使用方式,机械危害,形状和表面性能危害,小零件,胃肠道穿孔或阻塞,,一名3岁孩子误吞一粒纽扣电池，导致胃粘膜损伤，若不能及时取出，可能会造成胃穿孔。,
359,日用杂品,暖宝宝,无,无,无,不限年龄段,男女均可使用,否,是,否,否,正常使用环境,正确的使用方式,高/低温物质危害,低温物质危害,低温表面,烫伤,,武汉市民胡阿姨腰部贴暖宝宝取暖，致皮肤烫伤，伤口如乒乓球大小的洞。,
360,日用杂品,按摩椅,无,无,无,14～60岁,男女均可使用,否,否,否,否,正常使用环境,正确的使用方式,电气危害,触电危害,漏电,死亡,,柳州一男子在前一天晚上喝过酒，疑因呕吐物造成按摩椅漏电，导致其触电身亡。,
361,交通用具及相关产品,电动自行车,无,无,无,14～60岁,男女均可使用,否,否,是,否,正常使用环境,正确的使用方式,电气危害,电气爆炸,过热,财产损失,,家住海口国贸博立大厦的一位老人，把电动车电池拆下后拿到家中充电时引发火灾。,
362,家用电器及电器附件,电热毯,无,无,无,不限年龄段,男女均可使用,否,是,是,否,正常使用环境,正确的使用方式,电气危害,电气爆炸,过热,财产损失,,汉中市区地旺熙苑小区一居民在睡梦中发现电褥子起火，本想开窗“排烟”，没想到火势越来越大，烧了整间房子。,
363,交通用具及相关产品,电动自行车,无,无,无,14～60岁,男女均可使用,否,否,是,否,正常使用环境,正确的使用方式,电气危害,电气爆炸,过热,财产损失,,一辆电瓶车在行驶途中发生自燃，被烧成一堆废铁。,
364,家用电器及电器附件,洗衣机,无,无,无,不限年龄段,男女均可使用,否,否,否,否,正常使用环境,正确的使用方式,机械危害,形状和表面性能危害,部件空隙或开口,卡伤,,3岁小孩在洗衣机里玩，被卡洗衣机滚筒。,
365,家用电器及电器附件,冰箱,无,无,无,不限年龄段,男女均可使用,否,否,否,否,正常使用环境,正确的使用方式,电气危害,触电危害,短路,财产损失,,冰箱线路短路导致店面大火。,
366,家用电器及电器附件,燃气热水器,无,无,无,14～60岁,男女均可使用,否,是,是,否,正常使用环境,正确的使用方式,其他,其他,一氧化碳,死亡,,疑燃气热水器导致一对夫妇一氧化碳中毒死亡。,
367,电子及信息技术产品,充电宝,无,无,无,不限年龄段,男女均可使用,否,否,否,否,正常使用环境,正确的使用方式,电气危害,电气爆炸,过热,财产损失,,地铁昌平线一乘客的充电宝爆裂，并在车厢内升起白烟。,
368,交通用具及相关产品,电动自行车,无,无,无,14～60岁,男女均可使用,否,否,是,否,正常使用环境,正确的使用方式,电气危害,电气爆炸,过热,财产损失,,合肥一小区一辆电动车在楼下充电时突然起火。,
369,交通用具及相关产品,电动自行车,无,无,无,14～60岁,男女均可使用,否,否,是,否,正常使用环境,正确的使用方式,电气危害,电气爆炸,过热,财产损失,,漯河一小区楼道内一辆电动车因充电引发火灾，随后引燃了其余电动车。,
370,家具及建筑装饰装修材料,紫外线灯,无,无,无,不限年龄段,男女均可使用,否,否,否,否,正常使用环境,正确的使用方式,辐射危害,射线辐射危害,紫外线辐射,灼伤,,太原市双星幼儿园发生老师误开紫外线灯照射事件，致使30余名幼儿皮肤出现损伤红肿蜕皮情况，视力出现普遍下降。,
371,家用电器及电器附件,空调,无,无,无,不限年龄段,男女均可使用,否,否,否,否,正常使用环境,正确的使用方式,电气危害,电气爆炸,短路,财产损失,,海淀区一高层写字楼15层的一台空调外挂机自燃引发火灾。,
372,电子及信息技术产品,手机充电器,无,无,无,不限年龄段,男女均可使用,否,是,否,否,正常使用环境,正确的使用方式,电气危害,电气爆炸,过热,财产损失,,重庆一小区住户家中突发火灾，火灾是由一个插在插座上的手机充电器自燃引发的。,
373,儿童用品,儿童车,无,无,无,8岁～14岁,男女均可使用,是,是,否,否,正常使用环境,正确的使用方式,机械危害,形状和表面性能危害,部件空隙或开口,戳伤,,8岁的女孩玲玲（化名）在骑行滑板剪刀车时，不慎出了意外，车把手捅破她的面颊，差五六毫米就穿透到口腔里。,
374,家用电器及电器附件,空调,无,无,无,不限年龄段,男女均可使用,否,否,否,否,正常使用环境,正确的使用方式,电气危害,电气爆炸,短路,财产损失,,上海普陀区桃浦路上一家酒店式公寓发生火灾。起火的是酒店11层一家住户的空调外机。,
375,儿童用品,玩具（磁力珠）,无,无,无,14岁及以下,男女均可使用,是,是,否,否,正常使用环境,正确的使用方式,机械危害,形状和表面性能危害,小零件,胃肠道穿孔或阻塞,,两岁男童误吞8颗磁力珠，险造成胃肠道穿孔或肠梗阻。,
376,交通用具及相关产品,电动自行车,无,无,无,14～60岁,男女均可使用,否,否,是,否,正常使用环境,正确的使用方式,电气危害,电气爆炸,过热,财产损失,,重庆一门店主要销售电动车，关店下班后电动车蓄电池还在充电，锂电池爆炸引发了火灾，店内电动车、汽车配件等被烧。,
377,电子及信息技术产品,平板电脑,无,无,无,不限年龄段,男女均可使用,否,否,否,否,正常使用环境,正确的使用方式,电气危害,电气爆炸,过热,财产损失,,刚买21天的新款iPad，开机后放在包内，突然冒烟随后冒出火光。,
378,儿童用品,玩具（磁力珠）,无,无,无,14岁及以下,男女均可使用,是,是,否,否,正常使用环境,正确的使用方式,机械危害,形状和表面性能危害,小零件,胃肠道穿孔或阻塞,,临汾鼓楼南一名2岁男童误吞6颗强磁钢珠致肠穿孔。,
379,家用电器及电器附件,电暖器,无,无,无,不限年龄段,男女均可使用,否,是,是,否,正常使用环境,正确的使用方式,电气危害,电气爆炸,过热,财产损失,,永济市城北荣达路桥公司南侧一间办公宿舍因电暖器自燃发生火灾。,
380,交通用具及相关产品,电动自行车,无,无,无,14～60岁,男女均可使用,否,否,是,否,正常使用环境,正确的使用方式,电气危害,电气爆炸,过热,财产损失,,扬州一小区车库内一辆电动自行车充电引发火灾。,
381,交通用具及相关产品,电动自行车,无,无,无,14～60岁,男女均可使用,否,否,是,否,正常使用环境,正确的使用方式,电气危害,电气爆炸,过热,财产损失,,屏街道锦山明珠小区发生一起电动自行车自燃火灾。,
382,儿童用品,塑料玩具,无,无,无,14岁及以下,男女均可使用,是,是,否,否,正常使用环境,正确的使用方式,机械危害,形状和表面性能危害,小零件,窒息,,大连一2岁半男童在玩耍时，误吞了一个塑料玩具土豆，被卡窒息。,
383,日用杂品,热水袋、暖宝宝,无,无,无,不限年龄段,男女均可使用,否,是,是,否,正常使用环境,正确的使用方式,高/低温物质危害,高温物质危害,高温表面,烫伤或低温烫伤,,入冬以来仅贵钢医院（贵阳烧伤医院）就收治了十多位被暖宝宝、热水袋烫伤的伤者。一名三十岁左右的方姓男子被爆炸的热水袋烫得“皮开肉绽”。一个6岁女孩熟睡后被热水袋“粘”在皮肤上造成低温烫伤。一位老人在腹部贴暖宝宝取暖导致腹部皮肤起水泡、脱皮、溃烂。,
384,家用电器及电器附件,电压力锅,无,无,无,14～60岁,男女均可使用,否,是,是,否,正常使用环境,正确的使用方式,机械危害,形状和表面性能危害,部件空隙或开口,烫伤,,电压力锅煮粥，粥煮熟的时候，压力锅却怎么也打不开。随后压力锅爆开，粥水四溅，二人被烫伤。,
385,家用电器及电器附件,充电手电筒,无,无,无,不限年龄段,男女均可使用,否,否,否,否,正常使用环境,正确的使用方式,电气危害,触电危害,短路,财产损失,,手电筒在沙发充电时间过长发生短路，引燃了沙发发生火灾。,
386,交通用具及相关产品,电动自行车,无,无,无,14～60岁,男女均可使用,否,否,是,否,正常使用环境,正确的使用方式,电气危害,电气爆炸,过热,财产损失,,北京市东城区广渠家园一辆停放在楼道内的电动车起火，无人员伤亡。,
387,家用电器及电器附件,壁挂炉,无,无,无,不限年龄段,男女均可使用,否,否,否,否,正常使用环境,正确的使用方式,电气危害,电气爆炸,过热,财产损失,,线路存在异常从而导致壁挂炉起火。,
388,家用电器及电器附件,冰箱,无,无,无,不限年龄段,男女均可使用,否,否,否,否,正常使用环境,正确的使用方式,电气危害,电气爆炸,过热,财产损失,,电冰箱起火并有大量浓烟。,
389,家用电器及电器附件,插线板,无,无,无,不限年龄段,男女均可使用,否,否,是,否,正常使用环境,正确的使用方式,电气危害,电气爆炸,过热,烧伤,,住户打开电热毯后离开，插线板起火引发火灾，一人受伤。,
390,家用电器及电器附件,电暖器,无,无,无,不限年龄段,男女均可使用,否,是,是,否,正常使用环境,正确的使用方式,电气危害,电气爆炸,过热,烧伤,,合肥市安居苑西村小区一住户家中发生火灾，火灾可能是由放在阳台上的烘鞋器造成的，一位老人在火灾中不幸遇难。,
391,交通用具及相关产品,电动自行车,无,无,无,14～60岁,男女均可使用,否,否,是,否,正常使用环境,正确的使用方式,电气危害,电气爆炸,过热,财产损失,,住户将电动车电瓶放于室内充电，不料电瓶发生爆炸，迅速引燃家中沙发等易燃物品。,
392,家用电器及电器附件,燃气灶,无,无,无,14～60岁,男女均可使用,否,是,是,否,正常使用环境,正确的使用方式,机械危害,形状和表面性能危害,玻璃应力,财产损失,,芜湖市民用燃气灶烧开水时，燃气灶的玻璃钢面板发生爆炸。,
393,家用电器及电器附件,空调,无,无,无,不限年龄段,男女均可使用,否,否,否,否,正常使用环境,正确的使用方式,电气危害,电气爆炸,短路,财产损失,,铜陵一出租房起火，房内结构复杂，被分成多个隔间，一隔间内挂式空调被烧毁掉落在地，疑空调自燃引起火灾。,
394,交通用具及相关产品,电动自行车,无,无,无,14～60岁,男女均可使用,否,否,是,否,正常使用环境,正确的使用方式,电气危害,电气爆炸,过热,财产损失,,扬州一小区附近一宿舍边突然冒出滚滚浓烟，原因是一辆电动车充电时起火。,
395,家用电器及电器附件,燃气热水器,无,无,无,14～60岁,男女均可使用,否,是,是,否,正常使用环境,正确的使用方式,无机毒物危害,有毒气体危害,一氧化碳,中毒,,江西吉安的肖女士使用燃气热水器洗澡时，由于发生了轻微的燃气泄漏，导致一氧化碳中毒。,
396,家用电器及电器附件,电热毯,无,无,无,不限年龄段,男女均可使用,否,是,是,否,正常使用环境,正确的使用方式,电气危害,电气爆炸,过热,财产损失,,长沙一小区住户家中发生火灾，原因是给宠物用的电热毯起火造成的。,
397,家用电器及电器附件,电暖器,无,无,无,不限年龄段,男女均可使用,否,是,是,否,正常使用环境,正确的使用方式,电气危害,电气爆炸,过热,财产损失,,柳州一小区住户使用电取暖器取暖时引发火灾。,
398,交通用具及相关产品,电动自行车,无,无,无,14～60岁,男女均可使用,否,否,是,否,正常使用环境,正确的使用方式,电气危害,电气爆炸,过热,财产损失,,电瓶车在行驶中突然冒烟起火。,
399,交通用具及相关产品,电动自行车,无,无,无,14～60岁,男女均可使用,否,否,是,否,正常使用环境,正确的使用方式,电气危害,电气爆炸,过热,死亡,,2018年4月1日1时23分，北京市119指挥中心接到报警，海淀区中关村北大街水磨西社区一电动车商店发生火灾，过火面积50平方米，事故造成4人死亡（其中两名儿童）。,