	日期	事件标题	国家	区域	消费品名称	涉及的消费品数量	伤害事件	事件来源	消费品一级类别	消费品二级类别	链接	伤害类型	严重程度	消费品危害类型	消费品一级危害类型	消费品二级危害类型	消费者年龄	消费者受教育程度	消费者职业	健康状况	消费品问题部件	尺寸	绳索及类似物	不透气	填充物	锐利边缘	部件空隙或开口	尖角	光滑表面	粗糙表面	小零件	昼夜	温度	湿度	海拔	稳定性	腐蚀性	速度	腐蚀物	坎坷	爬坡	下坡	地面摩擦	斜坡	楼梯	灰尘	静电	辐射	警示标识缺失	高温表面	高温液体	高温气体	低温表面	低温液体	低温气体	明火	高低电压	过热	漏电	短路	接触不良	铁芯发热	散热不良	稳定性噪音危害	变动性噪音危害	脉冲性噪音危害	爆炸性气体	爆炸性粉尘	爆炸性喷雾	聚合爆炸	蒸发爆炸	液体混合爆炸	爆炸性化合物	固体爆炸性物质	爆炸性气体	旋转部件牵扯	飞行物体撞击	移动部件挤压	机械稳定性	机械强度	弹性组件失控	压力空间失控	热辐射危害	激光辐射	紫外线辐射	X光线辐射	高频电磁辐射	低频电磁辐射	甲醛	乙醛	丙烯醛	其它有毒醛类	蒽类化合物	菲类化合物	芘类化合物	其它有毒芳香稠环类化合物类	N-杂环化合物	S-杂环化合物	O-杂环化合物	其它有毒杂环类化合物	有机氟化物	有机氯化物	有机溴化物	其它有毒有机氯化物	一氧化氮	一氧化碳	氯气	臭氧	氯化氢	硫化氢	其它有毒气体	砷	镉	铬	铜	汞	镍	铅	其它有毒重金属及其化合物	硫酸	盐酸	氢氧化钠	其它有毒酸碱类物	氢氰酸	氰化钾	氰化氢	其它无机氰化物	尘螨	蛔虫卵	绦虫卵	其它寄生虫危害	甲肝病毒	甲型流感病毒	轮状病毒	禽流感病毒	其它原生微生物危害	皮肤癣真菌	着色真菌	孢子丝菌	新生隐球菌	假丝酵母菌	曲霉	毛霉	卡氏肺孢菌	其它真核细胞微生物危害	大肠杆菌	沙门氏菌	副溶血性弧菌	金黄色葡萄球菌	腊样芽孢肝菌	其它原核细胞微生物危害
0	20211012	【日本】空气净化器（可充电）召回	中国	不详	空气净化器	1	召回发布日期2021/9/27 召回发布国家或地区日本 产品名称空气净化器（可充电） 产地不详 具体型号或识别特征 产品名              机型/型号   JAN码         售出时间     召回数量 便携式空气净化器    PC-AS03BK  4570004570015  2020年10月 Plasma Clear        PC-AS03WH  4570004570022  ～2021年8月 共计9,850台 召回数量9850 缺陷及后果在特定条件下，某些产品发生了起火冒烟事件。 	召回	家用电器及电器附件	空	https://dpac.samr.gov.cn/xfpzh/xfpgwzh/rb_212/202110/t20211012_100390.html	烧伤	2	物理危害	高/低温物质危害	高温物质危害	未知	未知	未知	未知	未知		未知	否	未知	未知	未知	未知	未知	未知	未知	未知	空	空	空	空	否	空	无	未知	未知	未知	未知	未知	未知	未知	未知	未知	未知	未知	未知	未知	未知	未知	未知	是	未知	未知	未知	未知	未知	未知	未知	未知	未知	未知	未知	未知	未知	未知	未知	未知	未知	未知	未知	未知	未知	未知	是	未知	未知	未知	未知	无	无	无	未知	未知	未知	未知	未知	未知	未知	未知	未知	未知	未知	未知	未知	未知	未知	未知	未知	未知	未知	未知	未知	未知	未知	未知	未知	未知	未知	未知	未知	未知	未知	未知	未知	未知	未知	未知	未知	未知	未知	未知	未知	无	无	无	无	无	无	无	无	无	无	无	无	无	无	无	无	无	无	无	无	无	无	无	无
1	20210928	【欧盟】便携式LED灯召回	中国	不详	插头	1	召回发布日期2021/9/24 召回发布国家或地区欧盟 产品名称YX（包装盒上）LE ROYAL（标签上）可充电野营灯笼便携式LED灯 产地中国 具体型号或识别特征YX-5655COB（包装盒上）R2614-22（标签上） 缺陷及后果电源线内的电缆太细，在使用过程中可能会过热。灯具集成插头的塑料部分由可燃材料制成。电源插头和输出连接器引脚的绝缘和尺寸不合适，USB端口的绝缘不足，导致带电部件可触及。在不使用任何工具的情况下，带电部件也可能会被触及到。因此，	召回	家用电器及电器附件	空	https://dpac.samr.gov.cn/xfpzh/xfpgwzh/om_208/202109/t20210928_100254.html	烫伤	2	物理危害	电气危害	触电危害	未知	未知	未知	未知	未知		未知	否	未知	未知	未知	未知	未知	未知	未知	未知	空	空	空	空	否	空	无	未知	未知	未知	未知	未知	未知	未知	未知	未知	未知	未知	未知	未知	未知	未知	未知	未知	未知	是	未知	未知	未知	未知	未知	未知	未知	未知	未知	未知	未知	未知	未知	未知	未知	未知	未知	未知	未知	未知	是	未知	未知	未知	未知	无	无	无	未知	未知	未知	未知	未知	未知	未知	未知	未知	未知	未知	未知	未知	未知	未知	未知	未知	未知	未知	未知	未知	未知	未知	未知	未知	未知	未知	未知	未知	未知	未知	未知	未知	未知	未知	未知	未知	未知	未知	未知	未知	无	无	无	无	无	无	无	无	无	无	无	无	无	无	无	无	无	无	无	无	无	无	无	无
2	20210928	【欧盟】USB充电器召回	中国	不详	充电器	1	召回发布日期2021/9/24 召回发布国家或地区欧盟 产品名称OnePlus USB壁式充电器USB充电器 产地中国 具体型号或识别特征A6199 / 货号2002141 缺陷及后果产品的绝缘不够。用户可能因可触及的带电部件而触电。 	召回	家用电器及电器附件	空	https://dpac.samr.gov.cn/xfpzh/xfpgwzh/om_208/202109/t20210928_100247.html	电击伤	2	物理危害	电气危害	触电危害	未知	未知	未知	未知	未知		未知	否	未知	未知	未知	未知	未知	未知	未知	未知	空	空	空	空	否	空	无	未知	未知	未知	未知	未知	未知	未知	未知	未知	未知	未知	未知	未知	未知	未知	未知	未知	未知	未知	是	未知	未知	未知	未知	未知	未知	未知	未知	未知	未知	未知	未知	未知	未知	未知	未知	未知	未知	未知	是	未知	未知	未知	未知	无	无	无	未知	未知	未知	未知	未知	未知	未知	未知	未知	未知	未知	未知	未知	未知	未知	未知	未知	未知	未知	未知	未知	未知	未知	未知	未知	未知	未知	未知	未知	未知	未知	未知	未知	未知	未知	未知	未知	未知	未知	未知	未知	无	无	无	无	无	无	无	无	无	无	无	无	无	无	无	无	无	无	无	无	无	无	无	无
3	20210928	【欧盟】USB充电器召回	中国	不详	充电器	1	召回发布日期2021/9/24 召回发布国家或地区欧盟 产品名称hoco.CHARGER 2USB USB充电器 产地中国 具体型号或识别特征C59A 缺陷及后果产品的绝缘不够。用户可能因触及带电部件而触电。 	召回	家用电器及电器附件	空	https://dpac.samr.gov.cn/xfpzh/xfpgwzh/om_208/202109/t20210928_100246.html	电击伤	2	物理危害	电气危害	触电危害	未知	未知	未知	未知	未知		未知	否	未知	未知	未知	未知	未知	未知	未知	未知	空	空	空	空	否	空	无	未知	未知	未知	未知	未知	未知	未知	未知	未知	未知	未知	未知	未知	未知	未知	未知	未知	未知	未知	是	未知	未知	未知	未知	未知	未知	未知	未知	未知	未知	未知	未知	未知	未知	未知	未知	未知	未知	未知	是	未知	未知	未知	未知	无	无	无	未知	未知	未知	未知	未知	未知	未知	未知	未知	未知	未知	未知	未知	未知	未知	未知	未知	未知	未知	未知	未知	未知	未知	未知	未知	未知	未知	未知	未知	未知	未知	未知	未知	未知	未知	未知	未知	未知	未知	未知	未知	无	无	无	无	无	无	无	无	无	无	无	无	无	无	无	无	无	无	无	无	无	无	无	无
4	20210928	【欧盟】新奇打火机召回	中国	不详	打火机	1	召回发布日期2021/9/24 召回发布国家或地区欧盟 产品名称ZHONG LONG FUZE M217 ME175B 008-803新奇打火机 产地中国 具体型号或识别特征803 缺陷及后果打火机对儿童有吸引力，很容易被误认为玩具。儿童可能会拿着打火机玩耍，造成烧伤或引发起火。打火机不应吸引儿童。 	召回	日用杂品	空	https://dpac.samr.gov.cn/xfpzh/xfpgwzh/om_208/202109/t20210928_100241.html	烧伤	2	物理危害	高/低温物质危害	高温物质危害	未知	未知	未知	未知	未知		未知	否	未知	未知	未知	未知	未知	未知	未知	未知	空	空	空	空	否	空	无	未知	未知	未知	未知	未知	未知	未知	未知	未知	未知	有	未知	未知	未知	未知	未知	是	未知	未知	未知	未知	未知	未知	未知	未知	未知	未知	未知	未知	未知	未知	未知	未知	未知	未知	未知	未知	未知	未知	是	未知	未知	未知	未知	无	无	无	未知	未知	未知	未知	未知	未知	未知	未知	未知	未知	未知	未知	未知	未知	未知	未知	未知	未知	未知	未知	未知	未知	未知	未知	未知	未知	未知	未知	未知	未知	未知	未知	未知	未知	未知	未知	未知	未知	未知	未知	未知	无	无	无	无	无	无	无	无	无	无	无	无	无	无	无	无	无	无	无	无	无	无	无	无
5	20210929	【澳大利亚】环形灯遥控召回	中国	不详	充电器	1	召回发布日期2021/9/17 召回发布国家或地区澳大利亚 产品名称环形灯遥控 产地不详 具体型号或识别特征以下这些环形灯的遥控。 环形灯本身不受这次召回的影响。 V-Glamour 带三脚架和蓝牙遥控器的10英寸LED环形灯 型号CY3441VCSLRV-Pro 带三脚架和蓝牙遥控器的10英寸LED环形灯 型号CY3442VCSLRV-Pro Travel 12英寸LED环形灯，带三脚架、旅行袋和蓝牙遥控器 型号CY3443VCSLRV-Tuber Pro 19英寸LED环形灯，带便携包、三脚架、直流充电器和蓝牙遥控器 型号CY3485VCSLRV-Dual Classic 2合1自拍环形灯，带手机支架和蓝牙遥控器 型号CY3538VCSLR 缺陷及后果遥控器的电池盒没有充分固定，产品中的纽扣电池可能很容易被拿到。如果幼童拿到纽扣电池并吞咽，可能会遭受内部烧伤，这可能会导致严重的疾病或死亡。此外，电池可能会对幼儿造成窒息危险。 	召回	家用电器及电器附件	空	https://dpac.samr.gov.cn/xfpzh/xfpgwzh/adly/202109/t20210929_100301.html	窒息,烧伤,死亡	4	物理危害	高/低温物质危害	高温物质危害	未知	未知	未知	未知	未知		未知	否	未知	未知	未知	未知	未知	未知	电池	未知	空	空	空	空	否	空	无	未知	未知	未知	未知	未知	未知	未知	未知	未知	未知	有	未知	未知	未知	未知	未知	未知	未知	未知	未知	未知	未知	未知	未知	未知	未知	未知	未知	未知	未知	未知	未知	未知	未知	未知	未知	未知	未知	未知	是	未知	未知	未知	未知	无	无	无	未知	未知	未知	未知	未知	未知	未知	未知	未知	未知	未知	未知	未知	未知	未知	未知	未知	未知	未知	未知	未知	未知	未知	未知	未知	未知	未知	未知	未知	未知	未知	未知	未知	未知	未知	未知	未知	未知	未知	未知	未知	无	无	无	无	无	无	无	无	无	无	无	无	无	无	无	无	无	无	无	无	无	无	无	无
6	20210923	【欧盟】LE ROYAL Led Night Light夜灯召回	中国	不详	插头	1	召回发布日期2021/9/17 召回发布国家或地区欧盟 产品名称LE ROYAL Led Night Light夜灯 产地中国 具体型号或识别特征R22614-5 / 243 缺陷及后果灯对儿童具有吸引力。另外，扁插头的尺寸远远小于规定要求。因此，可能会碰触到带电部件，这可能会导致电击。将导电部件固定到位的插头的塑料部件是可燃的。灯在使用过程中可能着火，导致用户烧伤。 	召回	家用电器及电器附件	空	https://dpac.samr.gov.cn/xfpzh/xfpgwzh/om_208/202109/t20210923_100149.html	烧伤	2	物理危害	高/低温物质危害	高温物质危害	未知	未知	未知	未知	未知		未知	否	未知	未知	未知	未知	未知	未知	未知	夜间	空	空	空	空	否	空	无	未知	未知	未知	未知	未知	未知	未知	未知	未知	未知	有	未知	未知	未知	未知	未知	未知	未知	未知	未知	未知	未知	未知	未知	未知	未知	未知	未知	未知	未知	未知	未知	未知	未知	未知	未知	未知	未知	未知	是	未知	未知	未知	未知	无	无	无	未知	未知	未知	未知	未知	未知	未知	未知	未知	未知	未知	未知	未知	未知	未知	未知	未知	未知	未知	未知	未知	未知	未知	未知	未知	未知	未知	未知	未知	未知	未知	未知	未知	未知	未知	未知	未知	未知	未知	未知	未知	无	无	无	无	无	无	无	无	无	无	无	无	无	无	无	无	无	无	无	无	无	无	无	无
7	20210913	【欧盟】HOCO hoco.配件充电器召回	中国	不详	充电器	1	召回发布日期2021/9/10 召回发布国家或地区欧盟 产品名称HOCO hoco.配件充电器 产地中国 具体型号或识别特征C11 缺陷及后果产品的绝缘不够。用户可能会由于可触及带电部件而触电。 	召回	家用电器及电器附件	空	https://dpac.samr.gov.cn/xfpzh/xfpgwzh/om_208/202109/t20210913_100034.html	电击伤	2	物理危害	电气危害	触电危害	未知	未知	未知	未知	未知		未知	否	未知	未知	未知	未知	未知	未知	未知	未知	空	空	空	空	否	空	无	未知	未知	未知	未知	未知	未知	未知	未知	未知	未知	未知	未知	未知	未知	未知	未知	未知	未知	未知	是	未知	未知	未知	未知	未知	未知	未知	未知	未知	未知	未知	未知	未知	未知	未知	未知	未知	未知	未知	是	未知	未知	未知	未知	无	无	无	未知	未知	未知	未知	未知	未知	未知	未知	未知	未知	未知	未知	未知	未知	未知	未知	未知	未知	未知	未知	未知	未知	未知	未知	未知	未知	未知	未知	未知	未知	未知	未知	未知	未知	未知	未知	未知	未知	未知	未知	未知	无	无	无	无	无	无	无	无	无	无	无	无	无	无	无	无	无	无	无	无	无	无	无	无
8	20210913	【欧盟】延长线召回	中国	陕西	插头	1	召回发布日期2021/9/10 召回发布国家或地区欧盟 产品名称ASTRA 3 WAYS SOCKET OUTLET延长线 产地未知 具体型号或识别特征W203S 缺陷及后果电源线的直径对于插头类型来说太小，导致带电部件可触及。用户可能会接触到产品的部件，造成触电。 	召回	家用电器及电器附件	空	https://dpac.samr.gov.cn/xfpzh/xfpgwzh/om_208/202109/t20210913_100027.html	电击伤	2	物理危害	电气危害	触电危害	未知	未知	未知	未知	未知		未知	否	未知	未知	未知	未知	未知	未知	未知	未知	空	空	空	空	否	空	无	未知	未知	未知	未知	未知	未知	未知	未知	未知	未知	未知	未知	未知	未知	未知	未知	未知	未知	未知	是	未知	未知	未知	未知	未知	未知	未知	未知	未知	未知	未知	未知	未知	未知	未知	未知	未知	未知	未知	是	未知	未知	未知	未知	无	无	无	未知	未知	未知	未知	未知	未知	未知	未知	未知	未知	未知	未知	未知	未知	未知	未知	未知	未知	未知	未知	未知	未知	未知	未知	未知	未知	未知	未知	未知	未知	未知	未知	未知	未知	未知	未知	未知	未知	未知	未知	未知	无	无	无	无	无	无	无	无	无	无	无	无	无	无	无	无	无	无	无	无	无	无	无	无
9	20210913	【欧盟】MXM CHINA新奇打火机召回	中国	不详	打火机	1	召回发布日期2021/9/10 召回发布国家或地区欧盟 产品名称MXM CHINA新奇打火机 产地中国 具体型号或识别特征P10-X08 缺陷及后果打火机对儿童有吸引力，很容易被误认为玩具。儿童可能会拿着打火机玩耍，造成烧伤或引发起火。任何打火机都不能吸引儿童。 	召回	日用杂品	空	https://dpac.samr.gov.cn/xfpzh/xfpgwzh/om_208/202109/t20210913_100025.html	烧伤	2	物理危害	高/低温物质危害	高温物质危害	未知	未知	未知	未知	未知		未知	否	未知	未知	未知	未知	未知	未知	未知	未知	空	空	空	空	否	空	无	未知	未知	未知	未知	未知	未知	未知	未知	未知	未知	有	未知	未知	未知	未知	未知	是	未知	未知	未知	未知	未知	未知	未知	未知	未知	未知	未知	未知	未知	未知	未知	未知	未知	未知	未知	未知	未知	未知	是	未知	未知	未知	未知	无	无	无	未知	未知	未知	未知	未知	未知	未知	未知	未知	未知	未知	未知	未知	未知	未知	未知	未知	未知	未知	未知	未知	未知	未知	未知	未知	未知	未知	未知	未知	未知	未知	未知	未知	未知	未知	未知	未知	未知	未知	未知	未知	无	无	无	无	无	无	无	无	无	无	无	无	无	无	无	无	无	无	无	无	无	无	无	无
10	20210913	【欧盟】新奇打火机召回	中国	不详	打火机	1	召回发布日期2021/9/10 召回发布国家或地区欧盟 产品名称新奇打火机 产地未知 具体型号或识别特征 缺陷及后果打火机对儿童有吸引力，很容易被误认为玩具。儿童可能会拿着打火机玩耍，造成烧伤或引发起火。任何打火机都不能吸引儿童。 国家市场监督管理总局缺陷产品管理中心提示如果您发现您的产品出现类似问题，可以访问本网站“缺陷信息报告”栏目 (dpac.samr..cn/qxts) 提交详细信息，或者拨打 010-59799616 进行咨询。 	召回	日用杂品	空	https://dpac.samr.gov.cn/xfpzh/xfpgwzh/om_208/202109/t20210913_100024.html	烧伤	2	物理危害	高/低温物质危害	高温物质危害	未知	未知	未知	未知	未知		未知	否	未知	未知	未知	未知	未知	未知	未知	未知	空	空	空	空	否	空	无	未知	未知	未知	未知	未知	未知	未知	未知	未知	未知	有	未知	未知	未知	未知	未知	是	未知	未知	未知	未知	未知	未知	未知	未知	未知	未知	未知	未知	未知	未知	未知	未知	未知	未知	未知	未知	未知	未知	是	未知	未知	未知	未知	无	无	无	未知	未知	未知	未知	未知	未知	未知	未知	未知	未知	未知	未知	未知	未知	未知	未知	未知	未知	未知	未知	未知	未知	未知	未知	未知	未知	未知	未知	未知	未知	未知	未知	未知	未知	未知	未知	未知	未知	未知	未知	未知	无	无	无	无	无	无	无	无	无	无	无	无	无	无	无	无	无	无	无	无	无	无	无	无
11	t2021083	【澳大利亚】LT Ultimate Snaffle Bridle随附的卷制缰绳召回	中国	不详	LT 	1	召回发布日期2021/8/27 召回发布国家或地区澳大利亚 产品名称LT Ultimate Snaffle Bridle随附的卷制缰绳 产地不详 具体型号或识别特征不详 缺陷及后果缰绳可能会断裂。如果缰绳在使用过程中断裂，则会增加骑手严重受伤或死亡的风险。 	召回	交通工具及相关产品	空	https://dpac.samr.gov.cn/xfpzh/xfpgwzh/adly/202108/t20210831_99839.html	死亡	4	物理危害	机械危害	潜在能量危害	未知	未知	未知	未知	未知		未知	否	未知	未知	未知	未知	未知	未知	未知	未知	空	空	空	空	否	空	无	未知	未知	未知	未知	未知	未知	未知	未知	未知	未知	未知	未知	未知	未知	未知	未知	未知	未知	未知	未知	未知	未知	未知	未知	未知	未知	未知	未知	未知	未知	未知	未知	未知	未知	未知	未知	未知	未知	未知	未知	未知	未知	未知	未知	无	无	无	未知	未知	未知	未知	未知	未知	未知	未知	未知	未知	未知	未知	未知	未知	未知	未知	未知	未知	未知	未知	未知	未知	未知	未知	未知	未知	未知	未知	未知	未知	未知	未知	未知	未知	未知	未知	未知	未知	未知	未知	未知	无	无	无	无	无	无	无	无	无	无	无	无	无	无	无	无	无	无	无	无	无	无	无	无
12	t2021083	【澳大利亚】Thuraya卫星电话充电器召回	中国	不详	充电器	1	召回发布日期2021/8/25 召回发布国家或地区澳大利亚 产品名称Thuraya卫星电话充电器 产地不详 具体型号或识别特征型号KSAS0100500200D5 缺陷及后果充电器的绝缘引脚可能会破裂，暴露带电引脚。存在造成受伤或死亡的触电或电击风险。 	召回	家用电器及电器附件	空	https://dpac.samr.gov.cn/xfpzh/xfpgwzh/adly/202108/t20210830_99774.html	电击伤,死亡	4	物理危害	电气危害	触电危害	未知	未知	未知	未知	未知		未知	否	未知	未知	未知	未知	未知	未知	未知	未知	空	空	空	空	否	空	无	未知	未知	未知	未知	未知	未知	未知	未知	未知	未知	未知	未知	未知	未知	未知	未知	未知	未知	未知	是	未知	未知	未知	未知	未知	未知	未知	未知	未知	未知	未知	未知	未知	未知	未知	未知	未知	未知	未知	是	未知	未知	未知	未知	无	无	无	未知	未知	未知	未知	未知	未知	未知	未知	未知	未知	未知	未知	未知	未知	未知	未知	未知	未知	未知	未知	未知	未知	未知	未知	未知	未知	未知	未知	未知	未知	未知	未知	未知	未知	未知	未知	未知	未知	未知	未知	未知	无	无	无	无	无	无	无	无	无	无	无	无	无	无	无	无	无	无	无	无	无	无	无	无
13	t2021083	【美国】带GLW电池组的Hovertrax 2.0自平衡滑板车/悬滑板召回	中国	不详	300 	1	召回发布日期2021/8/25 召回发布国家或地区美国 产品名称带GLW电池组的Hovertrax 2.0自平衡滑板车/悬滑板 产地中国 具体型号或识别特征电池组包装上用大写字母写着名称 GLW。电池组具有以GLW开头的序列号，该序列号印在电池组顶部、条形码下方的白色贴纸上。 召回数量237300 缺陷及后果自平衡滑板车/悬滑板中的锂离子GLW电池组可能会过热，导致产品冒烟、着火和/或爆炸风险。 	召回	交通工具及相关产品	空	https://dpac.samr.gov.cn/xfpzh/xfpgwzh/mg_207/202108/t20210830_99772.html	烧伤,烫伤	2	物理危害	电气危害	触电危害	未知	未知	未知	未知	未知		未知	否	未知	未知	未知	未知	未知	未知	电池	未知	空	空	空	空	否	空	无	未知	未知	未知	未知	未知	未知	未知	未知	未知	未知	未知	未知	未知	未知	未知	未知	未知	未知	是	未知	未知	未知	未知	未知	未知	未知	未知	未知	未知	未知	未知	未知	未知	未知	未知	未知	未知	未知	未知	是	未知	未知	未知	未知	无	无	无	未知	未知	未知	未知	未知	未知	未知	未知	未知	未知	未知	未知	未知	未知	未知	未知	未知	未知	未知	未知	未知	未知	未知	未知	未知	未知	未知	未知	未知	未知	未知	未知	未知	未知	未知	未知	未知	未知	未知	未知	未知	无	无	无	无	无	无	无	无	无	无	无	无	无	无	无	无	无	无	无	无	无	无	无	无
14	t2021083	【欧盟】USB充电器召回	中国	不详	充电器	1	召回发布日期2021/8/19 召回发布国家或地区欧盟 产品名称CELLECT HÁLÓZATI TÖLTŐ / TRAVEL CHARGER USB充电器 产地中国 具体型号或识别特征MTCB-TYPE-C 缺陷及后果产品的绝缘不够。用户可能会由于可触及带电部件而触电。 	召回	家用电器及电器附件	空	https://dpac.samr.gov.cn/xfpzh/xfpgwzh/om_208/202108/t20210830_99790.html	电击伤	2	物理危害	电气危害	触电危害	未知	未知	未知	未知	未知		未知	否	未知	未知	未知	未知	未知	未知	未知	未知	空	空	空	空	否	空	无	未知	未知	未知	未知	未知	未知	未知	未知	未知	未知	未知	未知	未知	未知	未知	未知	未知	未知	未知	是	未知	未知	未知	未知	未知	未知	未知	未知	未知	未知	未知	未知	未知	未知	未知	未知	未知	未知	未知	是	未知	未知	未知	未知	无	无	无	未知	未知	未知	未知	未知	未知	未知	未知	未知	未知	未知	未知	未知	未知	未知	未知	未知	未知	未知	未知	未知	未知	未知	未知	未知	未知	未知	未知	未知	未知	未知	未知	未知	未知	未知	未知	未知	未知	未知	未知	未知	无	无	无	无	无	无	无	无	无	无	无	无	无	无	无	无	无	无	无	无	无	无	无	无
15	t2021083	【欧盟】ACTIVER 电热水壶召回	中国	不详	电热水壶	1	召回发布日期2021/8/19 召回发布国家或地区欧盟 产品名称ACTIVER 电热水壶 产地欧盟（捷克） 具体型号或识别特征14018051/A16211 缺陷及后果供电电缆的绝缘可能很容易损坏，使带电部件可被用户触及到。带电部件可能会过热，用户可能会触摸它们并受到电击。 	召回	家用电器及电器附件	空	https://dpac.samr.gov.cn/xfpzh/xfpgwzh/om_208/202108/t20210830_99786.html	烫伤	2	物理危害	电气危害	触电危害	未知	未知	未知	未知	未知		未知	否	未知	未知	未知	未知	未知	未知	未知	未知	空	空	空	空	否	空	无	未知	未知	未知	未知	未知	未知	未知	未知	未知	未知	未知	未知	未知	未知	未知	未知	未知	未知	是	未知	未知	未知	未知	未知	未知	未知	未知	未知	未知	未知	未知	未知	未知	未知	未知	未知	未知	未知	未知	是	未知	未知	未知	未知	无	无	无	未知	未知	未知	未知	未知	未知	未知	未知	未知	未知	未知	未知	未知	未知	未知	未知	未知	未知	未知	未知	未知	未知	未知	未知	未知	未知	未知	未知	未知	未知	未知	未知	未知	未知	未知	未知	未知	未知	未知	未知	未知	无	无	无	无	无	无	无	无	无	无	无	无	无	无	无	无	无	无	无	无	无	无	无	无
16	t2021082	【美国】B-Air VP-33鼓风机召回	中国	不详	500 	1	召回发布日期2021/8/18 召回发布国家或地区美国 产品名称B-Air VP-33鼓风机 产地中国 具体型号或识别特征此次召回涉及在B-Air®品牌下销售的VP-33型号鼓风机 召回数量29500 缺陷及后果召回的VP-33鼓风机中的电容器可能会过热，造成火灾危险。 国家市场监督管理总局缺陷产品管理中心提示如果您发现您的产品出现类似问题，可以访问本网站“缺陷信息报告”栏目 (dpac.samr..cn/qxts) 提交详细信息，或者拨打 010-59799616 进行咨询。 	召回	交通工具及相关产品	空	https://dpac.samr.gov.cn/xfpzh/xfpgwzh/mg_207/202108/t20210823_99650.html	烧伤,烫伤	2	物理危害	高/低温物质危害,电气危害	高温物质危害,触电危害	未知	未知	未知	未知	未知		未知	否	未知	未知	未知	未知	未知	未知	未知	未知	空	空	空	空	否	空	无	未知	未知	未知	未知	未知	未知	未知	未知	未知	未知	未知	未知	未知	未知	未知	未知	是	未知	是	未知	未知	未知	未知	未知	未知	未知	未知	未知	未知	未知	未知	未知	未知	未知	未知	未知	未知	未知	未知	是	未知	未知	未知	未知	无	无	无	未知	未知	未知	未知	未知	未知	未知	未知	未知	未知	未知	未知	未知	未知	未知	未知	未知	未知	未知	未知	未知	未知	未知	未知	未知	未知	未知	未知	未知	未知	未知	未知	未知	未知	未知	未知	未知	未知	未知	未知	未知	无	无	无	无	无	无	无	无	无	无	无	无	无	无	无	无	无	无	无	无	无	无	无	无
17	t2021082	【欧盟】高级USB充电器召回	中国	不详	充电器	1	召回发布日期2021/8/17 召回发布国家或地区欧盟 产品名称FAST TRAVEL CHARGER 3USB高级USB充电器 产地中国 具体型号或识别特征CH-608 缺陷及后果产品的绝缘不够。用户可能会由于可触及带电部件而触电。 	召回	家用电器及电器附件	空	https://dpac.samr.gov.cn/xfpzh/xfpgwzh/om_208/202108/t20210823_99695.html	电击伤	2	物理危害	电气危害	触电危害	未知	未知	未知	未知	未知		未知	否	未知	未知	未知	未知	未知	未知	未知	未知	空	空	空	空	否	空	无	未知	未知	未知	未知	未知	未知	未知	未知	未知	未知	未知	未知	未知	未知	未知	未知	未知	未知	未知	是	未知	未知	未知	未知	未知	未知	未知	未知	未知	未知	未知	未知	未知	未知	未知	未知	未知	未知	未知	是	未知	未知	未知	未知	无	无	无	未知	未知	未知	未知	未知	未知	未知	未知	未知	未知	未知	未知	未知	未知	未知	未知	未知	未知	未知	未知	未知	未知	未知	未知	未知	未知	未知	未知	未知	未知	未知	未知	未知	未知	未知	未知	未知	未知	未知	未知	未知	无	无	无	无	无	无	无	无	无	无	无	无	无	无	无	无	无	无	无	无	无	无	无	无
18	t2021082	【欧盟】USB充电器召回	中国	不详	充电器	1	召回发布日期2021/8/17 召回发布国家或地区欧盟 产品名称Qualcomm WALL CHARGER QC 3.0（包装上），FAST CHARGER（产品上）USB充电器 产地中国 具体型号或识别特征A6085 缺陷及后果产品的绝缘不够。用户可能会由于可触及带电部件而触电。 	召回	家用电器及电器附件	空	https://dpac.samr.gov.cn/xfpzh/xfpgwzh/om_208/202108/t20210823_99694.html	电击伤	2	物理危害	电气危害	触电危害	未知	未知	未知	未知	未知		未知	否	未知	未知	未知	未知	未知	未知	未知	未知	空	空	空	空	否	空	无	未知	未知	未知	未知	未知	未知	未知	未知	未知	未知	未知	未知	未知	未知	未知	未知	未知	未知	未知	是	未知	未知	未知	未知	未知	未知	未知	未知	未知	未知	未知	未知	未知	未知	未知	未知	未知	未知	未知	是	未知	未知	未知	未知	无	无	无	未知	未知	未知	未知	未知	未知	未知	未知	未知	未知	未知	未知	未知	未知	未知	未知	未知	未知	未知	未知	未知	未知	未知	未知	未知	未知	未知	未知	未知	未知	未知	未知	未知	未知	未知	未知	未知	未知	未知	未知	未知	无	无	无	无	无	无	无	无	无	无	无	无	无	无	无	无	无	无	无	无	无	无	无	无
19	20211014	【日本】电池（锂离子、电动吸尘器专用）召回	中国	不详	锂离子电池	1	召回发布日期2021/8/16 召回发布国家或地区日本 产品名称电池（锂离子、电动吸尘器专用） 产地不详 具体型号或识别特征 产品名                           型号                     售出时间        数量 吸尘器专用锂离子电池   Orange Line DC60 20001 V6 2200    2020年11月1日 Orange Line            Orange Line DC60 20006 V6 2200  ～2021年4月23日  共计9,850件 Orange Line DC60 20007 V6 2200 召回数量9850 缺陷及后果当电池安装到电动吸尘器时，电池会起火导致火灾。 	召回	家用电器及电器附件	空	https://dpac.samr.gov.cn/xfpzh/xfpgwzh/rb_212/202110/t20211014_100530.html	烧伤	2	物理危害	高/低温物质危害	高温物质危害	未知	未知	未知	未知	未知		未知	否	未知	未知	未知	未知	未知	未知	锂离子电池,电池	未知	空	空	空	空	否	空	无	未知	未知	未知	未知	未知	未知	未知	未知	未知	未知	未知	未知	未知	未知	未知	未知	是	未知	未知	未知	未知	未知	未知	未知	未知	未知	未知	未知	未知	未知	未知	未知	未知	未知	未知	未知	未知	未知	未知	是	未知	未知	未知	未知	无	无	无	未知	未知	未知	未知	未知	未知	未知	未知	未知	未知	未知	未知	未知	未知	未知	未知	未知	未知	未知	未知	未知	未知	未知	未知	未知	未知	未知	未知	未知	未知	未知	未知	未知	未知	未知	未知	未知	未知	未知	未知	未知	无	无	无	无	无	无	无	无	无	无	无	无	无	无	无	无	无	无	无	无	无	无	无	无
20	t2021082	【欧盟】JOYROOM USB充电器召回	中国	不详	充电器	1	召回发布日期2021/8/12 召回发布国家或地区欧盟 产品名称JOYROOM 2 USB TRAVEL CHARGER USB充电器 产地中国 具体型号或识别特征L-M226 缺陷及后果电源插头的尺寸远远小于规定要求。产品的绝缘不够。用户可能会由于可触及带电部件而触电。 	召回	家用电器及电器附件	空	https://dpac.samr.gov.cn/xfpzh/xfpgwzh/om_208/202108/t20210823_99681.html	电击伤	2	物理危害	电气危害	触电危害	未知	未知	未知	未知	未知		未知	否	未知	未知	未知	未知	未知	未知	未知	未知	空	空	空	空	否	空	无	未知	未知	未知	未知	未知	未知	未知	未知	未知	未知	未知	未知	未知	未知	未知	未知	未知	未知	未知	是	未知	未知	未知	未知	未知	未知	未知	未知	未知	未知	未知	未知	未知	未知	未知	未知	未知	未知	未知	是	未知	未知	未知	未知	无	无	无	未知	未知	未知	未知	未知	未知	未知	未知	未知	未知	未知	未知	未知	未知	未知	未知	未知	未知	未知	未知	未知	未知	未知	未知	未知	未知	未知	未知	未知	未知	未知	未知	未知	未知	未知	未知	未知	未知	未知	未知	未知	无	无	无	无	无	无	无	无	无	无	无	无	无	无	无	无	无	无	无	无	无	无	无	无
21	t2021081	【澳大利亚】Specialized第一代Turbo Levo和Kenevo山地电动自行车电池组召回	中国	不详	电动自行车	1	召回发布日期2021/8/3 召回发布国家或地区澳大利亚 产品名称Specialized 第一代 Turbo Levo 和 Kenevo 山地电动自行车电池组 产地不详 具体型号或识别特征要确定电池组是否受到此次召回的影响，请从自行车上取下电池组，并在标签上查找以下内容1.生产日期在2017年11月至2019年3月之间及2.零件号B9JE2045F、B9JE2056F、B9JE2065F、B9JE2076F或B9JE2098F 缺陷及后果压力清洗会导致水渗入电池控制面板周围的密封件，并可能导致短路。短路会增加火灾的风险，这可能导致人身伤害或财产损失。 	召回	交通工具及相关产品	空	https://dpac.samr.gov.cn/xfpzh/xfpgwzh/adly/202108/t20210810_99445.html	烧伤,电击伤	2	物理危害	高/低温物质危害,电气危害	高温物质危害,触电危害	未知	未知	未知	未知	未知		未知	否	未知	未知	未知	未知	未知	未知	电池	未知	空	空	空	空	否	空	无	未知	未知	未知	未知	未知	未知	未知	未知	未知	未知	未知	未知	未知	未知	未知	未知	是	未知	未知	未知	是	未知	未知	未知	未知	未知	未知	未知	未知	未知	未知	未知	未知	未知	未知	未知	未知	未知	未知	是	未知	未知	未知	未知	无	无	无	未知	未知	未知	未知	未知	未知	未知	未知	未知	未知	未知	未知	未知	未知	未知	未知	未知	未知	未知	未知	未知	未知	未知	未知	未知	未知	未知	未知	未知	未知	未知	未知	未知	未知	未知	未知	未知	未知	未知	未知	未知	无	无	无	无	无	无	无	无	无	无	无	无	无	无	无	无	无	无	无	无	无	无	无	无
22	t2021080	【美国】Specialized 第一代 Turbo Levo 和 Kenevo山地电动自行车电池组召回	中国	台湾	锂离子电池	1	召回发布日期2021/7/29 召回发布国家或地区美国 产品名称Specialized 第一代 Turbo Levo 和 Kenevo山地电动自行车电池组 产地台湾 具体型号或识别特征 制造P/N              制作日期 B9JE2045F     K7 L7 A8 B8 C8 D8 E8 F8 G8 H8 I8 J8 K8 L8 A9 B9 C9 B9JE2056F     K7 L7 A8 B8 C8 D8 E8 F8 G8 H8 I8 J8 K8 L8 A9 B9 C9 B9JE2065F     K7 L7 A8 B8 C8 D8 E8 F8 G8 H8 I8 J8 K8 L8 A9 B9 C9 B9JE2076F     K7 L7 A8 B8 C8 D8 E8 F8 G8 H8 I8 J8 K8 L8 A9 B9 C9 B9JE2098F     K7 L7 A8 B8 C8 D8 E8 F8 G8 H8 I8 J8 K8 L8 A9 B9 C9 召回数量2500 缺陷及后果水可能会渗入自行车锂离子电池组LED控制垫周围的密封圈，导致电池短路，造成火灾和烧伤危险。 	召回	家用电器及电器附件	空	https://dpac.samr.gov.cn/xfpzh/xfpgwzh/mg_207/202108/t20210809_99337.html	烧伤,电击伤	2	物理危害	高/低温物质危害,电气危害	高温物质危害,触电危害	未知	未知	未知	未知	未知		未知	否	未知	未知	未知	未知	未知	未知	锂离子电池,电池	未知	空	空	空	空	否	空	无	未知	未知	未知	未知	未知	未知	未知	未知	未知	未知	有	未知	未知	未知	未知	未知	是	未知	未知	未知	是	未知	未知	未知	未知	未知	未知	未知	未知	未知	未知	未知	未知	未知	未知	未知	未知	未知	未知	是	未知	未知	未知	未知	无	无	无	未知	未知	未知	未知	未知	未知	未知	未知	未知	未知	未知	未知	未知	未知	未知	未知	未知	未知	未知	未知	未知	未知	未知	未知	未知	未知	未知	未知	未知	未知	未知	未知	未知	未知	未知	未知	未知	未知	未知	未知	未知	无	无	无	无	无	无	无	无	无	无	无	无	无	无	无	无	无	无	无	无	无	无	无	无
23	t2021080	【欧盟】插座召回	中国	不详	插头	1	召回发布日期2021/7/26 召回发布国家或地区欧盟 产品名称TCP Smart TCP SMART WIFI 2 GANG SOCKET WHITE UK WiFi连接插头插座 产地中国 具体型号或识别特征TAUWIS2GWUK 缺陷及后果该产品包括2个内部没有连接的独立接地端子，因此安装时存在其中一个插座未接地的风险。将电器插入未接地的插座，如果发生故障，将没有接地保护，有触电危险。 	召回	家用电器及电器附件	空	https://dpac.samr.gov.cn/xfpzh/xfpgwzh/om_208/202108/t20210805_99291.html	电击伤	2	物理危害	电气危害	触电危害	未知	未知	未知	未知	未知		未知	否	未知	未知	未知	未知	未知	未知	未知	未知	空	空	空	空	否	空	无	未知	未知	未知	未知	未知	未知	未知	未知	未知	未知	未知	未知	未知	未知	未知	未知	未知	未知	未知	是	未知	未知	未知	未知	未知	未知	未知	未知	未知	未知	未知	未知	未知	未知	未知	未知	未知	未知	未知	是	未知	未知	未知	未知	无	无	无	未知	未知	未知	未知	未知	未知	未知	未知	未知	未知	未知	未知	未知	未知	未知	未知	未知	未知	未知	未知	未知	未知	未知	未知	未知	未知	未知	未知	未知	未知	未知	未知	未知	未知	未知	未知	未知	未知	未知	未知	未知	无	无	无	无	无	无	无	无	无	无	无	无	无	无	无	无	无	无	无	无	无	无	无	无
24	t2021080	【欧盟】me&my phone Charger 2.1A USB充电器召回	中国	不详	充电器	1	召回发布日期2021/7/26 召回发布国家或地区欧盟 产品名称me&my phone Charger 2.1A USB充电器 产地中国 具体型号或识别特征ID 2288923 缺陷及后果产品的引脚插头之间的距离和插头的金属元件的直径都不足，并且产品的输入电流比声称的额定电流高出10％以上。因此，产品消耗的能量超过预期，导致产品过热。这可能会增加火灾风险，用户在处理过热产品时可能会烧伤。 	召回	家用电器及电器附件	空	https://dpac.samr.gov.cn/xfpzh/xfpgwzh/om_208/202108/t20210809_99323.html	烧伤,烫伤	2	物理危害	高/低温物质危害,电气危害	高温物质危害,触电危害	未知	未知	未知	未知	未知		未知	否	未知	未知	未知	未知	未知	未知	未知	未知	空	空	空	空	否	空	无	未知	未知	未知	未知	未知	未知	未知	未知	未知	未知	有	未知	未知	未知	未知	未知	是	未知	是	未知	未知	未知	未知	未知	未知	未知	未知	未知	未知	未知	未知	未知	未知	未知	未知	未知	未知	未知	未知	是	未知	未知	未知	未知	无	无	无	未知	未知	未知	未知	未知	未知	未知	未知	未知	未知	未知	未知	未知	未知	未知	未知	未知	未知	未知	未知	未知	未知	未知	未知	未知	未知	未知	未知	未知	未知	未知	未知	未知	未知	未知	未知	未知	未知	未知	未知	未知	无	无	无	无	无	无	无	无	无	无	无	无	无	无	无	无	无	无	无	无	无	无	无	无
25	t2021072	【欧盟】ASK 新奇打火机召回	中国	不详	打火机	1	召回发布日期2021/7/23 召回发布国家或地区欧盟 产品名称ASK 新奇打火机 产地未知 具体型号或识别特征 缺陷及后果打火机对儿童有吸引力，很容易被误认为玩具。儿童可能会拿着打火机玩耍，造成烧伤或引发起火。任何打火机都不能吸引儿童。 	召回	日用杂品	空	https://dpac.samr.gov.cn/xfpzh/xfpgwzh/om_208/202107/t20210727_99161.html	烧伤	2	物理危害	高/低温物质危害	高温物质危害	未知	未知	未知	未知	未知		未知	否	未知	未知	未知	未知	未知	未知	未知	未知	空	空	空	空	否	空	无	未知	未知	未知	未知	未知	未知	未知	未知	未知	未知	有	未知	未知	未知	未知	未知	是	未知	未知	未知	未知	未知	未知	未知	未知	未知	未知	未知	未知	未知	未知	未知	未知	未知	未知	未知	未知	未知	未知	是	未知	未知	未知	未知	无	无	无	未知	未知	未知	未知	未知	未知	未知	未知	未知	未知	未知	未知	未知	未知	未知	未知	未知	未知	未知	未知	未知	未知	未知	未知	未知	未知	未知	未知	未知	未知	未知	未知	未知	未知	未知	未知	未知	未知	未知	未知	未知	无	无	无	无	无	无	无	无	无	无	无	无	无	无	无	无	无	无	无	无	无	无	无	无
26	t2021080	【欧盟】Selecline通用家用充电器USB USB充电器召回	中国	不详	充电器	1	召回发布日期2021/7/22 召回发布国家或地区欧盟 产品名称Selecline通用家用充电器USB USB充电器 产地中国 具体型号或识别特征874040/TC3A842A 缺陷及后果装置的电气绝缘不够。用户可能会由于可触及带电部件而触电。 	召回	家用电器及电器附件	空	https://dpac.samr.gov.cn/xfpzh/xfpgwzh/om_208/202108/t20210809_99322.html	电击伤	2	物理危害	电气危害	触电危害	未知	未知	未知	未知	未知		未知	否	未知	未知	未知	未知	未知	未知	未知	未知	空	空	空	空	否	空	无	未知	未知	未知	未知	未知	未知	未知	未知	未知	未知	未知	未知	未知	未知	未知	未知	未知	未知	未知	是	未知	未知	未知	未知	未知	未知	未知	未知	未知	未知	未知	未知	未知	未知	未知	未知	未知	未知	未知	是	未知	未知	未知	未知	无	无	无	未知	未知	未知	未知	未知	未知	未知	未知	未知	未知	未知	未知	未知	未知	未知	未知	未知	未知	未知	未知	未知	未知	未知	未知	未知	未知	未知	未知	未知	未知	未知	未知	未知	未知	未知	未知	未知	未知	未知	未知	未知	无	无	无	无	无	无	无	无	无	无	无	无	无	无	无	无	无	无	无	无	无	无	无	无
27	t2021072	【美国】可充电手持风扇召回	中国	不详	锂离子电池	1	召回发布日期2021/7/21 召回发布国家或地区美国 产品名称可充电手持风扇 产地中国 具体型号或识别特征产品包装盒和风扇背面的贴纸上有货号9050103。 召回数量9780 缺陷及后果风扇的锂离子电池在充电期间可能会过热，引发火灾危险。 	召回	家用电器及电器附件	空	https://dpac.samr.gov.cn/xfpzh/xfpgwzh/mg_207/202107/t20210728_99256.html	烧伤,烫伤	2	物理危害	高/低温物质危害,电气危害	高温物质危害,触电危害	未知	未知	未知	未知	未知		未知	否	未知	未知	未知	未知	未知	未知	锂离子电池,电池	未知	空	空	空	空	否	空	无	未知	未知	未知	未知	未知	未知	未知	未知	未知	未知	未知	未知	未知	未知	未知	未知	是	未知	是	未知	未知	未知	未知	未知	未知	未知	未知	未知	未知	未知	未知	未知	未知	未知	未知	未知	未知	未知	未知	是	未知	未知	未知	未知	无	无	无	未知	未知	未知	未知	未知	未知	未知	未知	未知	未知	未知	未知	未知	未知	未知	未知	未知	未知	未知	未知	未知	未知	未知	未知	未知	未知	未知	未知	未知	未知	未知	未知	未知	未知	未知	未知	未知	未知	未知	未知	未知	无	无	无	无	无	无	无	无	无	无	无	无	无	无	无	无	无	无	无	无	无	无	无	无
28	t2021072	【欧盟】Otterbox 英式墙壁充电器18W USB充电器召回	中国	不详	充电器	1	召回发布日期2021/7/19 召回发布国家或地区欧盟 产品名称Otterbox 英式墙壁充电器18W USB充电器 产地中国 具体型号或识别特征OBFTC-0037-A 78-52691, 78-52692, 78-52694, 78-52558, OBFTC-0049-A 78-80028, 78-80030, OBTFC-0030-A 78-52712, 78-52713, 78-52717, 78-52718, 缺陷及后果产品的内部铁氧体磁珠可能会出现故障。因此，产品可能会过热和熔化，从而使带电部件可触及。用户可能会碰触到这些带电部件，遭到电击。 	召回	家用电器及电器附件	空	https://dpac.samr.gov.cn/xfpzh/xfpgwzh/om_208/202107/t20210727_99144.html	烫伤	2	物理危害	电气危害	触电危害	未知	未知	未知	未知	未知		未知	否	未知	未知	未知	未知	未知	未知	未知	未知	空	空	空	空	否	空	无	未知	未知	未知	未知	未知	未知	未知	未知	未知	未知	未知	未知	未知	未知	未知	未知	未知	未知	是	未知	未知	未知	未知	未知	未知	未知	未知	未知	未知	未知	未知	未知	未知	未知	未知	未知	未知	未知	未知	是	未知	未知	未知	未知	无	无	无	未知	未知	未知	未知	未知	未知	未知	未知	未知	未知	未知	未知	未知	未知	未知	未知	未知	未知	未知	未知	未知	未知	未知	未知	未知	未知	未知	未知	未知	未知	未知	未知	未知	未知	未知	未知	未知	未知	未知	未知	未知	无	无	无	无	无	无	无	无	无	无	无	无	无	无	无	无	无	无	无	无	无	无	无	无
29	t2021072	【欧盟】Heat Experience加热手套召回	中国	不详	充电器	1	召回发布日期2021/7/15 召回发布国家或地区欧盟 产品名称Heat Experience加热手套 产地欧盟（挪威） 具体型号或识别特征Everyday musta 男女通用 M 码，HYK084120（充电器） 缺陷及后果初级电路与可接触的次级电路之间的间隙/爬电距离不足。用户可能会由于可触及的带电部件而触电。 	召回	家用电器及电器附件	空	https://dpac.samr.gov.cn/xfpzh/xfpgwzh/om_208/202107/t20210727_99173.html	电击伤	2	物理危害	电气危害	触电危害	未知	未知	未知	未知	未知		未知	否	未知	未知	未知	未知	未知	未知	未知	未知	空	空	空	空	否	空	无	未知	未知	未知	未知	未知	未知	未知	未知	未知	未知	未知	未知	未知	未知	未知	未知	未知	未知	未知	是	未知	未知	未知	未知	未知	未知	未知	未知	未知	未知	未知	未知	未知	未知	未知	未知	未知	未知	未知	是	未知	未知	未知	未知	无	无	无	未知	未知	未知	未知	未知	未知	未知	未知	未知	未知	未知	未知	未知	未知	未知	未知	未知	未知	未知	未知	未知	未知	未知	未知	未知	未知	未知	未知	未知	未知	未知	未知	未知	未知	未知	未知	未知	未知	未知	未知	未知	无	无	无	无	无	无	无	无	无	无	无	无	无	无	无	无	无	无	无	无	无	无	无	无
30	t2021072	【欧盟】带三个插座的 SPIN 电子适配器/连接插头 适配器召回	中国	不详	插头	1	召回发布日期2021/7/13 召回发布国家或地区欧盟 产品名称带三个插座的 SPIN 电子适配器/ 连接插头 适配器 产地中国 具体型号或识别特征SPN2304 缺陷及后果铆钉连接不充分。因此，当产品插入电源插座时，带电部件仍可触及。用户可能会碰触到这些带电部件，遭到电击。产品过载防护不足。因此，在正常使用过程中可能会过热，增加烧伤风险。 	召回	家用电器及电器附件	空	https://dpac.samr.gov.cn/xfpzh/xfpgwzh/om_208/202107/t20210721_99037.html	烧伤,烫伤	2	物理危害	高/低温物质危害,电气危害	高温物质危害,触电危害	未知	未知	未知	未知	未知		未知	否	未知	未知	未知	未知	未知	未知	未知	未知	空	空	空	空	否	空	无	未知	未知	未知	未知	未知	未知	未知	未知	未知	未知	有	未知	未知	未知	未知	未知	未知	未知	是	未知	未知	未知	未知	未知	未知	未知	未知	未知	未知	未知	未知	未知	未知	未知	未知	未知	未知	未知	未知	是	未知	未知	未知	未知	无	无	无	未知	未知	未知	未知	未知	未知	未知	未知	未知	未知	未知	未知	未知	未知	未知	未知	未知	未知	未知	未知	未知	未知	未知	未知	未知	未知	未知	未知	未知	未知	未知	未知	未知	未知	未知	未知	未知	未知	未知	未知	未知	无	无	无	无	无	无	无	无	无	无	无	无	无	无	无	无	无	无	无	无	无	无	无	无
31	t2021072	【欧盟】BOROFONE USB 旅行充电器 USB充电器召回	中国	不详	充电器	1	召回发布日期2021/7/8 召回发布国家或地区欧盟 产品名称BOROFONE USB 旅行充电器 USB 充电器 产地中国 具体型号或识别特征BA20A 缺陷及后果产品的绝缘不够。用户可能会由于可触及的带电部件而触电。 	召回	家用电器及电器附件	空	https://dpac.samr.gov.cn/xfpzh/xfpgwzh/om_208/202107/t20210721_99036.html	电击伤	2	物理危害	电气危害	触电危害	未知	未知	未知	未知	未知		未知	否	未知	未知	未知	未知	未知	未知	未知	未知	空	空	空	空	否	空	无	未知	未知	未知	未知	未知	未知	未知	未知	未知	未知	未知	未知	未知	未知	未知	未知	未知	未知	未知	是	未知	未知	未知	未知	未知	未知	未知	未知	未知	未知	未知	未知	未知	未知	未知	未知	未知	未知	未知	是	未知	未知	未知	未知	无	无	无	未知	未知	未知	未知	未知	未知	未知	未知	未知	未知	未知	未知	未知	未知	未知	未知	未知	未知	未知	未知	未知	未知	未知	未知	未知	未知	未知	未知	未知	未知	未知	未知	未知	未知	未知	未知	未知	未知	未知	未知	未知	无	无	无	无	无	无	无	无	无	无	无	无	无	无	无	无	无	无	无	无	无	无	无	无
32	t2021072	【欧盟】SBS旅行充电器 USB充电器召回	中国	不详	充电器	1	召回发布日期2021/7/8 召回发布国家或地区欧盟 产品名称SBS 旅行充电器 USB 充电器 产地中国 具体型号或识别特征37386 / TETR1USB1ASTD 缺陷及后果产品的绝缘不够。用户可能会由于可触及的带电部件而触电。 	召回	家用电器及电器附件	空	https://dpac.samr.gov.cn/xfpzh/xfpgwzh/om_208/202107/t20210721_99034.html	电击伤	2	物理危害	电气危害	触电危害	未知	未知	未知	未知	未知		未知	否	未知	未知	未知	未知	未知	未知	未知	未知	空	空	空	空	否	空	无	未知	未知	未知	未知	未知	未知	未知	未知	未知	未知	未知	未知	未知	未知	未知	未知	未知	未知	未知	是	未知	未知	未知	未知	未知	未知	未知	未知	未知	未知	未知	未知	未知	未知	未知	未知	未知	未知	未知	是	未知	未知	未知	未知	无	无	无	未知	未知	未知	未知	未知	未知	未知	未知	未知	未知	未知	未知	未知	未知	未知	未知	未知	未知	未知	未知	未知	未知	未知	未知	未知	未知	未知	未知	未知	未知	未知	未知	未知	未知	未知	未知	未知	未知	未知	未知	未知	无	无	无	无	无	无	无	无	无	无	无	无	无	无	无	无	无	无	无	无	无	无	无	无
33	t2021070	【日本】充电器（内置锂电池）召回	中国	不详	充电器	1	召回发布日期2021/7/2 召回发布国家或地区日本 产品名称充电器（内置锂电池） 产地不详 具体型号或识别特征 产品名               型号   JAN代码       生产日期   召回数量 poke ball移动电池   A1270  4521329207759  2017年4月 Anker 10000mAh    ,                     ～2017年8月  8653台 召回数量8653 缺陷及后果源于发生了两起起火事故 	召回	家用电器及电器附件	空	https://dpac.samr.gov.cn/xfpzh/xfpgwzh/rb_212/202107/t20210706_98722.html	烧伤	2	物理危害	高/低温物质危害	高温物质危害	未知	未知	未知	未知	未知		未知	否	未知	未知	未知	未知	未知	未知	电池	未知	空	空	空	空	否	空	无	未知	未知	未知	未知	未知	未知	未知	未知	未知	未知	未知	未知	未知	未知	未知	未知	是	未知	未知	未知	未知	未知	未知	未知	未知	未知	未知	未知	未知	未知	未知	未知	未知	未知	未知	未知	未知	未知	未知	是	未知	未知	未知	未知	无	无	无	未知	未知	未知	未知	未知	未知	未知	未知	未知	未知	未知	未知	未知	未知	未知	未知	未知	未知	未知	未知	未知	未知	未知	未知	未知	未知	未知	未知	未知	未知	未知	未知	未知	未知	未知	未知	未知	未知	未知	未知	未知	无	无	无	无	无	无	无	无	无	无	无	无	无	无	无	无	无	无	无	无	无	无	无	无
34	t2021070	【欧盟】HX 2合1快速智能充电器 USB充电器召回	中国	不详	充电器	1	召回发布日期2021/7/2 召回发布国家或地区欧盟 产品名称HX 2合1快速智能充电器 USB充电器 产地中国 具体型号或识别特征HX101（产品上）XH-101（包装上）XH-101C（标签上） 缺陷及后果产品的绝缘不够。用户可能会由于可触及的带电部件而触电。 	召回	家用电器及电器附件	空	https://dpac.samr.gov.cn/xfpzh/xfpgwzh/om_208/202107/t20210706_98682.html	电击伤	2	物理危害	电气危害	触电危害	未知	未知	未知	未知	未知		未知	否	未知	未知	未知	未知	未知	未知	未知	未知	空	空	空	空	否	空	无	未知	未知	未知	未知	未知	未知	未知	未知	未知	未知	未知	未知	未知	未知	未知	未知	未知	未知	未知	是	未知	未知	未知	未知	未知	未知	未知	未知	未知	未知	未知	未知	未知	未知	未知	未知	未知	未知	未知	是	未知	未知	未知	未知	无	无	无	未知	未知	未知	未知	未知	未知	未知	未知	未知	未知	未知	未知	未知	未知	未知	未知	未知	未知	未知	未知	未知	未知	未知	未知	未知	未知	未知	未知	未知	未知	未知	未知	未知	未知	未知	未知	未知	未知	未知	未知	未知	无	无	无	无	无	无	无	无	无	无	无	无	无	无	无	无	无	无	无	无	无	无	无	无
35	t2021083	【日本】移动电源召回	中国	不详	移动电源	1	召回发布日期2021/7/1 召回发布国家或地区日本 产品名称移动电源 产地不详 具体型号或识别特征 产品名                     机型/型号    JAN码          售出时间     召回数量 AIPER移动电源 ELECTRO500                            2019年4月25日 露营/户外适用             ELECTRO500  631924691571   ～             共计217台 150000mAh/540WH                                     2019年7月3日 召回数量217 缺陷及后果发现该产品有故障，如连续使用可能会发热或起火。 	召回	家用电器及电器附件	空	https://dpac.samr.gov.cn/xfpzh/xfpgwzh/rb_212/202108/t20210830_99776.html	烧伤	2	物理危害	高/低温物质危害	高温物质危害	未知	未知	未知	未知	未知		未知	否	未知	未知	未知	未知	未知	未知	未知	未知	空	空	空	空	否	空	无	未知	未知	未知	未知	未知	未知	未知	未知	未知	未知	未知	未知	未知	未知	未知	未知	是	未知	未知	未知	未知	未知	未知	未知	未知	未知	未知	未知	未知	未知	未知	未知	未知	未知	未知	未知	未知	未知	未知	是	未知	未知	未知	未知	无	无	无	未知	未知	未知	未知	未知	未知	未知	未知	未知	未知	未知	未知	未知	未知	未知	未知	未知	未知	未知	未知	未知	未知	未知	未知	未知	未知	未知	未知	未知	未知	未知	未知	未知	未知	未知	未知	未知	未知	未知	未知	未知	无	无	无	无	无	无	无	无	无	无	无	无	无	无	无	无	无	无	无	无	无	无	无	无
36	t2021070	【欧盟】婴儿床中床召回	中国	不详	婴儿床	1	召回发布日期2021/6/25 召回发布国家或地区欧盟 产品名称Babysom Réducteur de lit/Nid d'ange婴儿床中床 产地法国 具体型号或识别特征1433116 缺陷及后果绳子可能会绊住孩子的脚趾，可能导致受伤。儿童的口鼻可能会卡在床垫和床侧之间的水平间隙中，导致窒息风险。婴儿床中床两侧连接处有开口，可能会卡住儿童的头，导致窒息风险。 	召回	儿童用品	儿童家具	https://dpac.samr.gov.cn/xfpzh/xfpgwzh/om_208/202107/t20210706_98683.html	窒息	3	物理危害	机械危害	形状和表面性能危害	未知	未知	未知	未知	未知		未知	否	未知	未知	有	未知	未知	未知	未知	未知	空	空	空	空	否	空	无	未知	未知	未知	未知	未知	未知	未知	未知	未知	未知	未知	未知	未知	未知	未知	未知	未知	未知	未知	未知	未知	未知	未知	未知	未知	未知	未知	未知	未知	未知	未知	未知	未知	未知	未知	未知	未知	未知	未知	是	未知	未知	未知	未知	无	无	无	未知	未知	未知	未知	未知	未知	未知	未知	未知	未知	未知	未知	未知	未知	未知	未知	未知	未知	未知	未知	未知	未知	未知	未知	未知	未知	未知	未知	未知	未知	未知	未知	未知	未知	未知	未知	未知	未知	未知	未知	未知	无	无	无	无	无	无	无	无	无	无	无	无	无	无	无	无	无	无	无	无	无	无	无	无
37	t2021070	【欧盟】CAVION HOVER BOARD自平衡滑板车（悬滑板）召回	中国	不详	充电器	1	召回发布日期2021/6/24 召回发布国家或地区欧盟 产品名称CAVION HOVER BOARD自平衡滑板车（悬滑板） 产地中国 具体型号或识别特征GO 6.5 缺陷及后果电池没有监控电池温度的设备，因此在充电过程中可能会过热，悬滑板盖可能会点燃。产品可能会引起火灾，用户可能会遭受烧伤。此外，电池充电器插座的尺寸不适合。用户可能会碰到可触及的带电部件，遭到电击。此外，电源线暴露在两个电机之间的活动部件中，而且还要穿过两端有毛刺的钢管。在产品的使用寿命期间，电源线的绝缘层可能会被尖锐边缘损坏，导致电池在使用过程中短路和爆炸。因此，用户可能会失控，从滑板车上跌落，遭受伤害。 	召回	家用电器及电器附件	空	https://dpac.samr.gov.cn/xfpzh/xfpgwzh/om_208/202107/t20210706_98694.html	烧伤,烫伤,电击伤	2	物理危害	高/低温物质危害,电气危害	高温物质危害,触电危害	未知	未知	未知	未知	未知		未知	否	未知	未知	未知	未知	未知	未知	电池	未知	空	空	空	空	否	空	无	未知	未知	未知	未知	未知	未知	未知	未知	未知	未知	有	未知	未知	未知	未知	未知	是	未知	是	未知	是	未知	未知	未知	未知	未知	未知	未知	未知	未知	未知	未知	未知	未知	未知	未知	未知	未知	未知	是	未知	未知	未知	未知	无	无	无	未知	未知	未知	未知	未知	未知	未知	未知	未知	未知	未知	未知	未知	未知	未知	未知	未知	未知	未知	未知	未知	未知	未知	未知	未知	未知	未知	未知	未知	未知	未知	未知	未知	未知	未知	未知	未知	未知	未知	未知	未知	无	无	无	无	无	无	无	无	无	无	无	无	无	无	无	无	无	无	无	无	无	无	无	无
38	t2021071	【欧盟】lampki ozdobne 灯饰链召回	中国	陕西	插头	1	召回发布日期2021/6/21 召回发布国家或地区欧盟 产品名称lampki ozdobne 灯饰链 产地中国 具体型号或识别特征货号1789 缺陷及后果电线没有正确固定，而且太细。可触及电线的绝缘不足。另外，电源插头的尺寸远远小于规定要求。此外，线路延长插座的结构让插头可以单极插入。尽管推荐户外使用，但产品并不防水。电缆可能会过热，引发烧伤或起火。产品可能会渗水，或者用户可能会触碰到带电部件，这可能会导致电击。 	召回	家用电器及电器附件	空	https://dpac.samr.gov.cn/xfpzh/xfpgwzh/om_208/202107/t20210712_98849.html	烧伤,烫伤	2	物理危害	高/低温物质危害,电气危害	高温物质危害,触电危害	未知	未知	未知	未知	未知		未知	否	未知	未知	未知	未知	未知	未知	未知	未知	空	空	空	空	否	空	无	未知	未知	未知	未知	未知	未知	未知	未知	未知	未知	有	未知	未知	未知	未知	未知	是	未知	是	未知	未知	未知	未知	未知	未知	未知	未知	未知	未知	未知	未知	未知	未知	未知	未知	未知	未知	未知	未知	是	未知	未知	未知	未知	无	无	无	未知	未知	未知	未知	未知	未知	未知	未知	未知	未知	未知	未知	未知	未知	未知	未知	未知	未知	未知	未知	未知	未知	未知	未知	未知	未知	未知	未知	未知	未知	未知	未知	未知	未知	未知	未知	未知	未知	未知	未知	未知	无	无	无	无	无	无	无	无	无	无	无	无	无	无	无	无	无	无	无	无	无	无	无	无
39	t2021062	【欧盟】HMS Massage Gun按摩枪召回	中国	不详	充电器	1	召回发布日期2021/6/15 召回发布国家或地区欧盟 产品名称HMS Massage Gun按摩枪 产地中国 具体型号或识别特征PDM3125，电源充电器HC-122002 缺陷及后果按摩枪自带的充电器，由于绝缘不足，初级和次级电路之间的爬电距离不够，存在触电危险。 	召回	家用电器及电器附件	空	https://dpac.samr.gov.cn/xfpzh/xfpgwzh/om_208/202106/t20210623_98514.html	电击伤	2	物理危害	电气危害	触电危害	未知	未知	未知	未知	未知		未知	否	未知	未知	未知	未知	未知	未知	未知	未知	空	空	空	空	否	空	无	未知	未知	未知	未知	未知	未知	未知	未知	未知	未知	未知	未知	未知	未知	未知	未知	未知	未知	未知	是	未知	未知	未知	未知	未知	未知	未知	未知	未知	未知	未知	未知	未知	未知	未知	未知	未知	未知	未知	是	未知	未知	未知	未知	无	无	无	未知	未知	未知	未知	未知	未知	未知	未知	未知	未知	未知	未知	未知	未知	未知	未知	未知	未知	未知	未知	未知	未知	未知	未知	未知	未知	未知	未知	未知	未知	未知	未知	未知	未知	未知	未知	未知	未知	未知	未知	未知	无	无	无	无	无	无	无	无	无	无	无	无	无	无	无	无	无	无	无	无	无	无	无	无
40	t2021061	【欧盟】XTORM 移动电源召回	中国	不详	充电器	1	召回发布日期2021/6/9 召回发布国家或地区欧盟 产品名称XTORM AC Power Bank Pro LAPTOP 移动电源 产地欧盟（荷兰） 具体型号或识别特征AL490 Pro 41.600 mAh, BX-240200（充电器） 缺陷及后果移动电源上的插座尺寸不合适。因此，在将笔记本电脑充电器插入产品时，插头引脚可能会部分插入，从而使带电部件可触及，增加用户触电的风险。 	召回	家用电器及电器附件	空	https://dpac.samr.gov.cn/xfpzh/xfpgwzh/om_208/202106/t20210616_98409.html	电击伤	2	物理危害	电气危害	触电危害	未知	未知	未知	未知	未知		未知	否	未知	未知	未知	未知	未知	未知	未知	未知	空	空	空	空	否	空	无	未知	未知	未知	未知	未知	未知	未知	未知	未知	未知	未知	未知	未知	未知	未知	未知	未知	未知	未知	是	未知	未知	未知	未知	未知	未知	未知	未知	未知	未知	未知	未知	未知	未知	未知	未知	未知	未知	未知	是	未知	未知	未知	未知	无	无	无	未知	未知	未知	未知	未知	未知	未知	未知	未知	未知	未知	未知	未知	未知	未知	未知	未知	未知	未知	未知	未知	未知	未知	未知	未知	未知	未知	未知	未知	未知	未知	未知	未知	未知	未知	未知	未知	未知	未知	未知	未知	无	无	无	无	无	无	无	无	无	无	无	无	无	无	无	无	无	无	无	无	无	无	无	无
41	t2021061	【欧盟】自平衡滑板车（悬滑板)召回	中国	不详	充电器	1	召回发布日期2021/6/9 召回发布国家或地区欧盟 产品名称智能平衡轮（包装上）Hardbower（标签上）自平衡滑板车（悬滑板) 产地中国 具体型号或识别特征165-NJ-V3，8/690 缺陷及后果电池没有监控电池温度的设备，因此在充电过程中可能会过热，悬滑板盖可能会点燃。产品可能会引起火灾，用户可能会遭受烧伤。此外，插座和扁平插头的尺寸以及电池充电器初级和次级之间的绝缘不合适。用户可能会碰到可触及的带电部件，遭到电击。此外，电源线暴露在两个电机之间的活动部件中，而且还要穿过两端有毛刺的钢管。在产品的使用寿命期间，电源线的绝缘层可能会被尖锐边缘损坏，导致电池在使用过程中短路和爆炸。因此，用户可能会失控，从滑板车上跌落，遭受伤害。 	召回	家用电器及电器附件	空	https://dpac.samr.gov.cn/xfpzh/xfpgwzh/om_208/202106/t20210616_98392.html	烧伤,烫伤,电击伤	2	物理危害	高/低温物质危害,电气危害	高温物质危害,触电危害	未知	未知	未知	未知	未知		未知	否	未知	未知	未知	未知	未知	未知	电池	未知	空	空	空	空	否	空	无	未知	未知	未知	未知	未知	未知	未知	未知	未知	未知	有	未知	未知	未知	未知	未知	是	未知	是	未知	是	未知	未知	未知	未知	未知	未知	未知	未知	未知	未知	未知	未知	未知	未知	未知	未知	未知	未知	是	未知	未知	未知	未知	无	无	无	未知	未知	未知	未知	未知	未知	未知	未知	未知	未知	未知	未知	未知	未知	未知	未知	未知	未知	未知	未知	未知	未知	未知	未知	未知	未知	未知	未知	未知	未知	未知	未知	未知	未知	未知	未知	未知	未知	未知	未知	未知	无	无	无	无	无	无	无	无	无	无	无	无	无	无	无	无	无	无	无	无	无	无	无	无
42	t2021061	【欧盟】Qualcomm 充电器召回	中国	不详	充电器	1	召回发布日期2021/6/8 召回发布国家或地区欧盟 产品名称Qualcomm SUPER CHARGER / POWER Quick Charge 3.0 USB充电器 产地中国 具体型号或识别特征型号LDO，LDO-A06（包装上），REF16512（标签上） 缺陷及后果产品的绝缘不够。用户可能会由于可触及的带电部件而触电。 	召回	家用电器及电器附件	空	https://dpac.samr.gov.cn/xfpzh/xfpgwzh/om_208/202106/t20210616_98424.html	电击伤	2	物理危害	电气危害	触电危害	未知	未知	未知	未知	未知		未知	否	未知	未知	未知	未知	未知	未知	未知	未知	空	空	空	空	否	空	无	未知	未知	未知	未知	未知	未知	未知	未知	未知	未知	未知	未知	未知	未知	未知	未知	未知	未知	未知	是	未知	未知	未知	未知	未知	未知	未知	未知	未知	未知	未知	未知	未知	未知	未知	未知	未知	未知	未知	是	未知	未知	未知	未知	无	无	无	未知	未知	未知	未知	未知	未知	未知	未知	未知	未知	未知	未知	未知	未知	未知	未知	未知	未知	未知	未知	未知	未知	未知	未知	未知	未知	未知	未知	未知	未知	未知	未知	未知	未知	未知	未知	未知	未知	未知	未知	未知	无	无	无	无	无	无	无	无	无	无	无	无	无	无	无	无	无	无	无	无	无	无	无	无
43	t2021061	【欧盟】婴儿床中床召回	中国	不详	婴儿床	1	召回发布日期2021/6/7 召回发布国家或地区欧盟 产品名称Tinéo Réducteur de lit évolutif婴儿床中床 产地欧盟（法国） 具体型号或识别特征33x73cm - réversible/Ref. 703771 缺陷及后果产品底部的拉绳在拉紧后过长。婴儿的头部可能会被拉绳勒住，导致窒息。此外，有几个间隙开口，可能会增加婴儿口鼻被完全罩住并窒息的风险。 	召回	儿童用品	儿童家具	https://dpac.samr.gov.cn/xfpzh/xfpgwzh/om_208/202106/t20210616_98404.html	窒息	3	物理危害	机械危害	形状和表面性能危害	未知	未知	未知	未知	未知		未知	否	未知	未知	有	未知	未知	未知	未知	未知	空	空	空	空	否	空	无	未知	未知	未知	未知	未知	未知	未知	未知	未知	未知	未知	未知	未知	未知	未知	未知	未知	未知	未知	未知	未知	未知	未知	未知	未知	未知	未知	未知	未知	未知	未知	未知	未知	未知	未知	未知	未知	未知	未知	是	未知	未知	未知	未知	无	无	无	未知	未知	未知	未知	未知	未知	未知	未知	未知	未知	未知	未知	未知	未知	未知	未知	未知	未知	未知	未知	未知	未知	未知	未知	未知	未知	未知	未知	未知	未知	未知	未知	未知	未知	未知	未知	未知	未知	未知	未知	未知	无	无	无	无	无	无	无	无	无	无	无	无	无	无	无	无	无	无	无	无	无	无	无	无
44	t2021061	【欧盟】AKULA潜水泵召回	中国	不详	潜水泵	1	召回发布日期2021/6/3 召回发布国家或地区欧盟 产品名称AKULA, АКУЛА Hacoc занурювалъний Акула 潜水泵 产地乌克兰 具体型号或识别特征ΠΒ-0.2-40-Y5 缺陷及后果该设备不能充分防止触电。此外，电源线过短。带电部件可触及，导致用户触电。 	召回	日用杂品	空	https://dpac.samr.gov.cn/xfpzh/xfpgwzh/om_208/202106/t20210616_98418.html	电击伤	2	物理危害	电气危害	触电危害	未知	未知	未知	未知	未知		未知	否	未知	未知	未知	未知	未知	未知	未知	未知	空	空	空	空	否	空	无	未知	未知	未知	未知	未知	未知	未知	未知	未知	未知	未知	未知	未知	未知	未知	未知	未知	未知	未知	是	未知	未知	未知	未知	未知	未知	未知	未知	未知	未知	未知	未知	未知	未知	未知	未知	未知	未知	未知	是	未知	未知	未知	未知	无	无	无	未知	未知	未知	未知	未知	未知	未知	未知	未知	未知	未知	未知	未知	未知	未知	未知	未知	未知	未知	未知	未知	未知	未知	未知	未知	未知	未知	未知	未知	未知	未知	未知	未知	未知	未知	未知	未知	未知	未知	未知	未知	无	无	无	无	无	无	无	无	无	无	无	无	无	无	无	无	无	无	无	无	无	无	无	无
45	t2021060	【欧盟】Kawasaki自平衡滑板车（悬滑板）召回	中国	不详	CE 	1	召回发布日期2021/6/3 召回发布国家或地区欧盟 产品名称Kawasaki BALANCE SCOOTER自平衡滑板车（悬滑板） 产地中国 具体型号或识别特征KX-PRO6.5A 缺陷及后果电池没有监控电池温度的设备，因此在充电过程中可能会过热，悬滑板盖可能会点燃。产品可能会引起火灾，用户可能会遭受烧伤。此外，该产品质量差，电源线暴露在两个电机之间的活动部件中，而且还要穿过两端有毛刺的钢管。在产品的使用寿命期间，电源线的绝缘层会被尖锐边缘损坏，导致电池在使用过程中短路和爆炸。因此，用户可能会失控，从滑板车上跌落，遭受伤害。 	召回	交通工具及相关产品	空	https://dpac.samr.gov.cn/xfpzh/xfpgwzh/om_208/202106/t20210608_98255.html	烧伤,烫伤,电击伤	2	物理危害	高/低温物质危害,电气危害	高温物质危害,触电危害	未知	未知	未知	未知	未知		未知	否	未知	未知	未知	未知	未知	未知	电池	未知	空	空	空	空	否	空	无	未知	未知	未知	未知	未知	未知	未知	未知	未知	未知	有	未知	未知	未知	未知	未知	是	未知	是	未知	是	未知	未知	未知	未知	未知	未知	未知	未知	未知	未知	未知	未知	未知	未知	未知	未知	未知	未知	是	未知	未知	未知	未知	无	无	无	未知	未知	未知	未知	未知	未知	未知	未知	未知	未知	未知	未知	未知	未知	未知	未知	未知	未知	未知	未知	未知	未知	未知	未知	未知	未知	未知	未知	未知	未知	未知	未知	未知	未知	未知	未知	未知	未知	未知	未知	未知	无	无	无	无	无	无	无	无	无	无	无	无	无	无	无	无	无	无	无	无	无	无	无	无
46	t2021060	【欧盟】100L LED Musica Lights灯饰链召回	中国	陕西	插头	1	召回发布日期2021/5/28 召回发布国家或地区欧盟 产品名称100L LED Musica Lights灯饰链 产地中国 具体型号或识别特征HL100 缺陷及后果电线没有正确固定，而且太细。可触及电线的绝缘不足。另外，线路延长插座的结构让插头可以单极插入。电缆可能会过热，烧伤用户或导致火灾。用户可能会碰到可触及的带电部件，遭到电击。 	召回	家用电器及电器附件	空	https://dpac.samr.gov.cn/xfpzh/xfpgwzh/om_208/202106/t20210601_98088.html	烧伤,烫伤	2	物理危害	高/低温物质危害,电气危害	高温物质危害,触电危害	未知	未知	未知	未知	未知		未知	否	未知	未知	未知	未知	未知	未知	未知	未知	空	空	空	空	否	空	无	未知	未知	未知	未知	未知	未知	未知	未知	未知	未知	有	未知	未知	未知	未知	未知	是	未知	是	未知	未知	未知	未知	未知	未知	未知	未知	未知	未知	未知	未知	未知	未知	未知	未知	未知	未知	未知	未知	是	未知	未知	未知	未知	无	无	无	未知	未知	未知	未知	未知	未知	未知	未知	未知	未知	未知	未知	未知	未知	未知	未知	未知	未知	未知	未知	未知	未知	未知	未知	未知	未知	未知	未知	未知	未知	未知	未知	未知	未知	未知	未知	未知	未知	未知	未知	未知	无	无	无	无	无	无	无	无	无	无	无	无	无	无	无	无	无	无	无	无	无	无	无	无
47	t2021060	【欧盟】便携式 LED 灯召回	中国	不详	插头	1	召回发布日期2021/5/28 召回发布国家或地区欧盟 产品名称high mountain tiger CAMPING LIGHT 便携式 LED 灯 产地中国 具体型号或识别特征GSH-7088A 缺陷及后果电源线内的电缆太细。电缆在使用过程中可能会过热。电源插头和输出连接器引脚的绝缘不足且尺寸不合适，使带电部件可触及。照明装置集成插头的塑料部分由可燃材料制成。在不使用任何工具的情况下就可以接触到带电部件。因此，用户可能会烧伤，触电，或者产品可能会引起火灾。 	召回	家用电器及电器附件	空	https://dpac.samr.gov.cn/xfpzh/xfpgwzh/om_208/202106/t20210601_98087.html	烧伤,烫伤,电击伤	2	物理危害	高/低温物质危害,电气危害	高温物质危害,触电危害	未知	未知	未知	未知	未知		未知	否	未知	未知	未知	未知	未知	未知	未知	未知	空	空	空	空	否	空	无	未知	未知	未知	未知	未知	未知	未知	未知	未知	未知	有	未知	未知	未知	未知	未知	是	未知	是	是	未知	未知	未知	未知	未知	未知	未知	未知	未知	未知	未知	未知	未知	未知	未知	未知	未知	未知	未知	是	未知	未知	未知	未知	无	无	无	未知	未知	未知	未知	未知	未知	未知	未知	未知	未知	未知	未知	未知	未知	未知	未知	未知	未知	未知	未知	未知	未知	未知	未知	未知	未知	未知	未知	未知	未知	未知	未知	未知	未知	未知	未知	未知	未知	未知	未知	未知	无	无	无	无	无	无	无	无	无	无	无	无	无	无	无	无	无	无	无	无	无	无	无	无
48	t2021060	【欧盟】新奇打火机召回	中国	不详	打火机	1	召回发布日期2021/5/28 召回发布国家或地区欧盟 产品名称新奇打火机 产地未知 具体型号或识别特征 缺陷及后果打火机对儿童有吸引力，很容易被误认为玩具。儿童可能会拿着打火机玩耍，造成烧伤或引发起火。 	召回	日用杂品	空	https://dpac.samr.gov.cn/xfpzh/xfpgwzh/om_208/202106/t20210601_98077.html	烧伤	2	物理危害	高/低温物质危害	高温物质危害	未知	未知	未知	未知	未知		未知	否	未知	未知	未知	未知	未知	未知	未知	未知	空	空	空	空	否	空	无	未知	未知	未知	未知	未知	未知	未知	未知	未知	未知	有	未知	未知	未知	未知	未知	是	未知	未知	未知	未知	未知	未知	未知	未知	未知	未知	未知	未知	未知	未知	未知	未知	未知	未知	未知	未知	未知	未知	是	未知	未知	未知	未知	无	无	无	未知	未知	未知	未知	未知	未知	未知	未知	未知	未知	未知	未知	未知	未知	未知	未知	未知	未知	未知	未知	未知	未知	未知	未知	未知	未知	未知	未知	未知	未知	未知	未知	未知	未知	未知	未知	未知	未知	未知	未知	未知	无	无	无	无	无	无	无	无	无	无	无	无	无	无	无	无	无	无	无	无	无	无	无	无
49	t2021060	【欧盟】Take Eagle 新奇打火机召回	中国	不详	打火机	1	召回发布日期2021/5/28 召回发布国家或地区欧盟 产品名称Take Eagle 新奇打火机 产地未知 具体型号或识别特征 缺陷及后果打火机对儿童有吸引力，很容易被误认为玩具。儿童可能会拿着打火机玩耍，造成烧伤或引发起火。 	召回	日用杂品	空	https://dpac.samr.gov.cn/xfpzh/xfpgwzh/om_208/202106/t20210601_98076.html	烧伤	2	物理危害	高/低温物质危害	高温物质危害	未知	未知	未知	未知	未知		未知	否	未知	未知	未知	未知	未知	未知	未知	未知	空	空	空	空	否	空	无	未知	未知	未知	未知	未知	未知	未知	未知	未知	未知	有	未知	未知	未知	未知	未知	是	未知	未知	未知	未知	未知	未知	未知	未知	未知	未知	未知	未知	未知	未知	未知	未知	未知	未知	未知	未知	未知	未知	是	未知	未知	未知	未知	无	无	无	未知	未知	未知	未知	未知	未知	未知	未知	未知	未知	未知	未知	未知	未知	未知	未知	未知	未知	未知	未知	未知	未知	未知	未知	未知	未知	未知	未知	未知	未知	未知	未知	未知	未知	未知	未知	未知	未知	未知	未知	未知	无	无	无	无	无	无	无	无	无	无	无	无	无	无	无	无	无	无	无	无	无	无	无	无
50	t2021060	【欧盟】Deltasun 新奇打火机召回	中国	不详	打火机	1	召回发布日期2021/5/28 召回发布国家或地区欧盟 产品名称Deltasun 新奇打火机 产地中国 具体型号或识别特征2М-14441 30 缺陷及后果打火机对儿童有吸引力，很容易被误认为玩具。儿童可能会拿着打火机玩耍，造成烧伤或引发起火。 	召回	日用杂品	空	https://dpac.samr.gov.cn/xfpzh/xfpgwzh/om_208/202106/t20210601_98075.html	烧伤	2	物理危害	高/低温物质危害	高温物质危害	未知	未知	未知	未知	未知		未知	否	未知	未知	未知	未知	未知	未知	未知	未知	空	空	空	空	否	空	无	未知	未知	未知	未知	未知	未知	未知	未知	未知	未知	有	未知	未知	未知	未知	未知	是	未知	未知	未知	未知	未知	未知	未知	未知	未知	未知	未知	未知	未知	未知	未知	未知	未知	未知	未知	未知	未知	未知	是	未知	未知	未知	未知	无	无	无	未知	未知	未知	未知	未知	未知	未知	未知	未知	未知	未知	未知	未知	未知	未知	未知	未知	未知	未知	未知	未知	未知	未知	未知	未知	未知	未知	未知	未知	未知	未知	未知	未知	未知	未知	未知	未知	未知	未知	未知	未知	无	无	无	无	无	无	无	无	无	无	无	无	无	无	无	无	无	无	无	无	无	无	无	无
51	t2021060	【美国】METROUS1、METROUS2和METROUS4紧凑型城市婴儿车召回	中国	不详	安全带	1	召回发布日期2021/5/26 召回发布国家或地区美国 产品名称METROUS1、METROUS2和METROUS4紧凑型城市婴儿车 产地中国 具体型号或识别特征此次召回涉及Ergobaby METROUS1、METROUS2或METROUS4紧凑型城市婴儿车。 召回数量2800 缺陷及后果当儿童在婴儿车中时，如果用户按下按钮释放安全带，卡扣上的按钮可能会断裂并脱落，使安全带难以释放，对幼儿构成窒息危险。 	召回	交通工具及相关产品	空	https://dpac.samr.gov.cn/xfpzh/xfpgwzh/mg_207/202106/t20210602_98143.html	窒息	3	物理危害	机械危害	潜在能量危害	未知	未知	未知	未知	未知		未知	否	未知	未知	未知	未知	未知	未知	未知	未知	空	空	空	空	否	空	无	未知	未知	未知	未知	未知	未知	未知	未知	未知	未知	未知	未知	未知	未知	未知	未知	未知	未知	未知	未知	未知	未知	未知	未知	未知	未知	未知	未知	未知	未知	未知	未知	未知	未知	未知	未知	未知	未知	未知	未知	未知	未知	未知	未知	无	无	无	未知	未知	未知	未知	未知	未知	未知	未知	未知	未知	未知	未知	未知	未知	未知	未知	未知	未知	未知	未知	未知	未知	未知	未知	未知	未知	未知	未知	未知	未知	未知	未知	未知	未知	未知	未知	未知	未知	未知	未知	未知	无	无	无	无	无	无	无	无	无	无	无	无	无	无	无	无	无	无	无	无	无	无	无	无
52	t2021060	【欧盟】NEW/LED karácsonyi égősor灯饰链召回	中国	不详	插头	1	召回发布日期2021/5/21 召回发布国家或地区欧盟 产品名称NEW / LED karácsonyi égősor 灯饰链 产地中国 具体型号或识别特征1101069（包装上）1101071（标签上） 缺陷及后果电线没有正确固定，而且太细。可触及的电线仅具有基础绝缘，并且可碰触控制装置的锋利边缘。电线可能会脱落或损坏，露出可触及的带电导体。另外，电源插头的尺寸远远小于规定要求。用户可能会碰到可触及的带电部件，遭到电击。电缆可能会过热，引发烧伤或起火。 	召回	家用电器及电器附件	空	https://dpac.samr.gov.cn/xfpzh/xfpgwzh/om_208/202106/t20210601_98085.html	烧伤,烫伤	2	物理危害	高/低温物质危害,电气危害,机械危害	高温物质危害,触电危害,形状和表面性能危害	未知	未知	未知	未知	未知		未知	否	未知	有	未知	未知	未知	未知	未知	未知	空	空	空	空	否	空	无	未知	未知	未知	未知	未知	未知	未知	未知	未知	未知	有	未知	未知	未知	未知	未知	是	未知	是	未知	未知	未知	未知	未知	未知	未知	未知	未知	未知	未知	未知	未知	未知	未知	未知	未知	未知	未知	未知	是	未知	未知	未知	未知	无	无	无	未知	未知	未知	未知	未知	未知	未知	未知	未知	未知	未知	未知	未知	未知	未知	未知	未知	未知	未知	未知	未知	未知	未知	未知	未知	未知	未知	未知	未知	未知	未知	未知	未知	未知	未知	未知	未知	未知	未知	未知	未知	无	无	无	无	无	无	无	无	无	无	无	无	无	无	无	无	无	无	无	无	无	无	无	无
53	t2021060	【欧盟】148L LED fény灯饰链召回	中国	陕西	插头	1	召回发布日期2021/5/20 召回发布国家或地区欧盟 产品名称148L LED fény灯饰链 产地中国 具体型号或识别特征KD-148L LED fény 缺陷及后果电线没有正确固定，而且太细。可触及电线的绝缘不足。另外，线路延长插座的结构让插头可以单极插入。尽管推荐户外使用，但产品并不防水。电缆可能会过热，引发烧伤或起火。产品可能会渗水，或者用户可能会触碰到带电部件，这可能会导致电击。 	召回	家用电器及电器附件	空	https://dpac.samr.gov.cn/xfpzh/xfpgwzh/om_208/202106/t20210602_98095.html	烧伤,烫伤	2	物理危害	高/低温物质危害,电气危害	高温物质危害,触电危害	未知	未知	未知	未知	未知		未知	否	未知	未知	未知	未知	未知	未知	未知	未知	空	空	空	空	否	空	无	未知	未知	未知	未知	未知	未知	未知	未知	未知	未知	有	未知	未知	未知	未知	未知	是	未知	是	未知	未知	未知	未知	未知	未知	未知	未知	未知	未知	未知	未知	未知	未知	未知	未知	未知	未知	未知	未知	是	未知	未知	未知	未知	无	无	无	未知	未知	未知	未知	未知	未知	未知	未知	未知	未知	未知	未知	未知	未知	未知	未知	未知	未知	未知	未知	未知	未知	未知	未知	未知	未知	未知	未知	未知	未知	未知	未知	未知	未知	未知	未知	未知	未知	未知	未知	未知	无	无	无	无	无	无	无	无	无	无	无	无	无	无	无	无	无	无	无	无	无	无	无	无
54	t2021052	【日本】盘子、碗、杯子召回	中国	不详	玻璃杯	1	召回发布日期2021/5/18 召回发布国家或地区日本 产品名称盘子、碗、杯子 产地不详 具体型号或识别特征 产品名                 JAN码      售出时间     召回数量 HEROISK玻璃杯25cl                 2019年8月 浅红色/黄色2PCS AP    10426861  ～2021年5月    共计14,578件 HEROISK 碗14                      2019年6月 绿色/黄色AP           20414141  ～2021年5月    共计17,561件 HEROISK 盘子(分隔3)22             2019年6月 浅红色/绿色2pcs AP    60414144  ～2021年5月    共计23,249件 HEROISK 餐盘19                    2019年6月 蓝色/浅红色 2PCS AP   80421412   ～2021年5月    共计10,484件 TALRIKA 碗 14                     2019年7月 浅红色 4PCS AP        20421108  ～2021年5月     共计5,450件 TALRIKA 马克杯 25cl               2019年7月 浅红色 4PCS AP        30421117  ～2021年5月     共计2,959件 TALRIKA 深盘 20                   2019年7月 浅绿色 4PCS AP        50421121  ～2021年5月     共计11,330件 TALRIKA 餐盘19                    2019年6月 深蓝色 4PCS AP        90421119  ～2021年5月     共计10,108件 召回数量95719 缺陷及后果如放入热食物或饮料时产品损坏，可能会烫伤。 	召回	日用杂品	空	https://dpac.samr.gov.cn/xfpzh/xfpgwzh/rb_212/202105/t20210520_97928.html	烫伤	2	物理危害	高/低温物质危害	高温物质危害	未知	未知	未知	未知	未知		未知	否	未知	未知	未知	未知	未知	未知	未知	未知	空	空	空	空	否	空	无	未知	未知	未知	未知	未知	未知	未知	未知	未知	未知	有	未知	未知	未知	未知	未知	未知	未知	未知	未知	未知	未知	未知	未知	未知	未知	未知	未知	未知	未知	未知	未知	未知	未知	未知	未知	未知	未知	未知	是	未知	未知	未知	未知	无	无	无	未知	未知	未知	未知	未知	未知	未知	未知	未知	未知	未知	未知	未知	未知	未知	未知	未知	未知	未知	未知	未知	未知	未知	未知	未知	未知	未知	未知	未知	未知	未知	未知	未知	未知	未知	未知	未知	未知	未知	未知	未知	无	无	无	无	无	无	无	无	无	无	无	无	无	无	无	无	无	无	无	无	无	无	无	无
55	t2021051	【欧盟】BIKEME 自平衡滑板车（悬滑板)召回	中国	不详	CE 	1	召回发布日期2021/5/14 召回发布国家或地区欧盟 产品名称BIKEME BALANCE SCOOTER / Elektromos gördeszka自平衡滑板车（悬滑板) 产地中国 具体型号或识别特征 缺陷及后果电池没有监控电池温度的设备，因此在充电过程中可能会过热，悬滑板盖可能会点燃。产品可能会引起火灾，用户可能会遭受烧伤。此外，电源线暴露在两个电机之间的活动部件中，而且还要穿过两端有毛刺的钢管。在产品的使用寿命期间，电源线的绝缘层会被尖锐边缘损坏，导致电池在使用过程中短路和爆炸。因此，用户可能会失控，从滑板车上跌落，遭受伤害。 	召回	交通工具及相关产品	空	https://dpac.samr.gov.cn/xfpzh/xfpgwzh/om_208/202105/t20210517_97834.html	烧伤,烫伤,电击伤	2	物理危害	高/低温物质危害,电气危害	高温物质危害,触电危害	未知	未知	未知	未知	未知		未知	否	未知	未知	未知	未知	未知	未知	电池	未知	空	空	空	空	否	空	无	未知	未知	未知	未知	未知	未知	未知	未知	未知	未知	有	未知	未知	未知	未知	未知	是	未知	是	未知	是	未知	未知	未知	未知	未知	未知	未知	未知	未知	未知	未知	未知	未知	未知	未知	未知	未知	未知	是	未知	未知	未知	未知	无	无	无	未知	未知	未知	未知	未知	未知	未知	未知	未知	未知	未知	未知	未知	未知	未知	未知	未知	未知	未知	未知	未知	未知	未知	未知	未知	未知	未知	未知	未知	未知	未知	未知	未知	未知	未知	未知	未知	未知	未知	未知	未知	无	无	无	无	无	无	无	无	无	无	无	无	无	无	无	无	无	无	无	无	无	无	无	无
56	20211012	【日本】空气净化器（可充电）召回	中国	不详	空气净化器	1	召回发布日期2021/9/27 召回发布国家或地区日本 产品名称空气净化器（可充电） 产地不详 具体型号或识别特征 产品名              机型/型号   JAN码         售出时间     召回数量 便携式空气净化器    PC-AS03BK  4570004570015  2020年10月 Plasma Clear        PC-AS03WH  4570004570022  ～2021年8月 共计9,850台 召回数量9850 缺陷及后果在特定条件下，某些产品发生了起火冒烟事件。 	召回	家用电器及电器附件	空	https://dpac.samr.gov.cn/xfpzh/xfpgwzh/rb_212/202110/t20211012_100390.html	烧伤	2	物理危害	高/低温物质危害	高温物质危害	未知	未知	未知	未知	未知		未知	否	未知	未知	未知	未知	未知	未知	未知	未知	空	空	空	空	否	空	无	未知	未知	未知	未知	未知	未知	未知	未知	未知	未知	未知	未知	未知	未知	未知	未知	是	未知	未知	未知	未知	未知	未知	未知	未知	未知	未知	未知	未知	未知	未知	未知	未知	未知	未知	未知	未知	未知	未知	是	未知	未知	未知	未知	无	无	无	未知	未知	未知	未知	未知	未知	未知	未知	未知	未知	未知	未知	未知	未知	未知	未知	未知	未知	未知	未知	未知	未知	未知	未知	未知	未知	未知	未知	未知	未知	未知	未知	未知	未知	未知	未知	未知	未知	未知	未知	未知	无	无	无	无	无	无	无	无	无	无	无	无	无	无	无	无	无	无	无	无	无	无	无	无
57	20210928	【欧盟】便携式LED灯召回	中国	不详	插头	1	召回发布日期2021/9/24 召回发布国家或地区欧盟 产品名称YX（包装盒上）LE ROYAL（标签上）可充电野营灯笼便携式LED灯 产地中国 具体型号或识别特征YX-5655COB（包装盒上）R2614-22（标签上） 缺陷及后果电源线内的电缆太细，在使用过程中可能会过热。灯具集成插头的塑料部分由可燃材料制成。电源插头和输出连接器引脚的绝缘和尺寸不合适，USB端口的绝缘不足，导致带电部件可触及。在不使用任何工具的情况下，带电部件也可能会被触及到。因此，	召回	家用电器及电器附件	空	https://dpac.samr.gov.cn/xfpzh/xfpgwzh/om_208/202109/t20210928_100254.html	烫伤	2	物理危害	电气危害	触电危害	未知	未知	未知	未知	未知		未知	否	未知	未知	未知	未知	未知	未知	未知	未知	空	空	空	空	否	空	无	未知	未知	未知	未知	未知	未知	未知	未知	未知	未知	未知	未知	未知	未知	未知	未知	未知	未知	是	未知	未知	未知	未知	未知	未知	未知	未知	未知	未知	未知	未知	未知	未知	未知	未知	未知	未知	未知	未知	是	未知	未知	未知	未知	无	无	无	未知	未知	未知	未知	未知	未知	未知	未知	未知	未知	未知	未知	未知	未知	未知	未知	未知	未知	未知	未知	未知	未知	未知	未知	未知	未知	未知	未知	未知	未知	未知	未知	未知	未知	未知	未知	未知	未知	未知	未知	未知	无	无	无	无	无	无	无	无	无	无	无	无	无	无	无	无	无	无	无	无	无	无	无	无
58	20210928	【欧盟】USB充电器召回	中国	不详	充电器	1	召回发布日期2021/9/24 召回发布国家或地区欧盟 产品名称OnePlus USB壁式充电器USB充电器 产地中国 具体型号或识别特征A6199 / 货号2002141 缺陷及后果产品的绝缘不够。用户可能因可触及的带电部件而触电。 	召回	家用电器及电器附件	空	https://dpac.samr.gov.cn/xfpzh/xfpgwzh/om_208/202109/t20210928_100247.html	电击伤	2	物理危害	电气危害	触电危害	未知	未知	未知	未知	未知		未知	否	未知	未知	未知	未知	未知	未知	未知	未知	空	空	空	空	否	空	无	未知	未知	未知	未知	未知	未知	未知	未知	未知	未知	未知	未知	未知	未知	未知	未知	未知	未知	未知	是	未知	未知	未知	未知	未知	未知	未知	未知	未知	未知	未知	未知	未知	未知	未知	未知	未知	未知	未知	是	未知	未知	未知	未知	无	无	无	未知	未知	未知	未知	未知	未知	未知	未知	未知	未知	未知	未知	未知	未知	未知	未知	未知	未知	未知	未知	未知	未知	未知	未知	未知	未知	未知	未知	未知	未知	未知	未知	未知	未知	未知	未知	未知	未知	未知	未知	未知	无	无	无	无	无	无	无	无	无	无	无	无	无	无	无	无	无	无	无	无	无	无	无	无
59	20210928	【欧盟】USB充电器召回	中国	不详	充电器	1	召回发布日期2021/9/24 召回发布国家或地区欧盟 产品名称hoco.CHARGER 2USB USB充电器 产地中国 具体型号或识别特征C59A 缺陷及后果产品的绝缘不够。用户可能因触及带电部件而触电。 	召回	家用电器及电器附件	空	https://dpac.samr.gov.cn/xfpzh/xfpgwzh/om_208/202109/t20210928_100246.html	电击伤	2	物理危害	电气危害	触电危害	未知	未知	未知	未知	未知		未知	否	未知	未知	未知	未知	未知	未知	未知	未知	空	空	空	空	否	空	无	未知	未知	未知	未知	未知	未知	未知	未知	未知	未知	未知	未知	未知	未知	未知	未知	未知	未知	未知	是	未知	未知	未知	未知	未知	未知	未知	未知	未知	未知	未知	未知	未知	未知	未知	未知	未知	未知	未知	是	未知	未知	未知	未知	无	无	无	未知	未知	未知	未知	未知	未知	未知	未知	未知	未知	未知	未知	未知	未知	未知	未知	未知	未知	未知	未知	未知	未知	未知	未知	未知	未知	未知	未知	未知	未知	未知	未知	未知	未知	未知	未知	未知	未知	未知	未知	未知	无	无	无	无	无	无	无	无	无	无	无	无	无	无	无	无	无	无	无	无	无	无	无	无
60	20210928	【欧盟】新奇打火机召回	中国	不详	打火机	1	召回发布日期2021/9/24 召回发布国家或地区欧盟 产品名称ZHONG LONG FUZE M217 ME175B 008-803新奇打火机 产地中国 具体型号或识别特征803 缺陷及后果打火机对儿童有吸引力，很容易被误认为玩具。儿童可能会拿着打火机玩耍，造成烧伤或引发起火。打火机不应吸引儿童。 	召回	日用杂品	空	https://dpac.samr.gov.cn/xfpzh/xfpgwzh/om_208/202109/t20210928_100241.html	烧伤	2	物理危害	高/低温物质危害	高温物质危害	未知	未知	未知	未知	未知		未知	否	未知	未知	未知	未知	未知	未知	未知	未知	空	空	空	空	否	空	无	未知	未知	未知	未知	未知	未知	未知	未知	未知	未知	有	未知	未知	未知	未知	未知	是	未知	未知	未知	未知	未知	未知	未知	未知	未知	未知	未知	未知	未知	未知	未知	未知	未知	未知	未知	未知	未知	未知	是	未知	未知	未知	未知	无	无	无	未知	未知	未知	未知	未知	未知	未知	未知	未知	未知	未知	未知	未知	未知	未知	未知	未知	未知	未知	未知	未知	未知	未知	未知	未知	未知	未知	未知	未知	未知	未知	未知	未知	未知	未知	未知	未知	未知	未知	未知	未知	无	无	无	无	无	无	无	无	无	无	无	无	无	无	无	无	无	无	无	无	无	无	无	无
61	20210929	【澳大利亚】环形灯遥控召回	中国	不详	充电器	1	召回发布日期2021/9/17 召回发布国家或地区澳大利亚 产品名称环形灯遥控 产地不详 具体型号或识别特征以下这些环形灯的遥控。 环形灯本身不受这次召回的影响。 V-Glamour 带三脚架和蓝牙遥控器的10英寸LED环形灯 型号CY3441VCSLRV-Pro 带三脚架和蓝牙遥控器的10英寸LED环形灯 型号CY3442VCSLRV-Pro Travel 12英寸LED环形灯，带三脚架、旅行袋和蓝牙遥控器 型号CY3443VCSLRV-Tuber Pro 19英寸LED环形灯，带便携包、三脚架、直流充电器和蓝牙遥控器 型号CY3485VCSLRV-Dual Classic 2合1自拍环形灯，带手机支架和蓝牙遥控器 型号CY3538VCSLR 缺陷及后果遥控器的电池盒没有充分固定，产品中的纽扣电池可能很容易被拿到。如果幼童拿到纽扣电池并吞咽，可能会遭受内部烧伤，这可能会导致严重的疾病或死亡。此外，电池可能会对幼儿造成窒息危险。 	召回	家用电器及电器附件	空	https://dpac.samr.gov.cn/xfpzh/xfpgwzh/adly/202109/t20210929_100301.html	窒息,烧伤,死亡	4	物理危害	高/低温物质危害	高温物质危害	未知	未知	未知	未知	未知		未知	否	未知	未知	未知	未知	未知	未知	电池	未知	空	空	空	空	否	空	无	未知	未知	未知	未知	未知	未知	未知	未知	未知	未知	有	未知	未知	未知	未知	未知	未知	未知	未知	未知	未知	未知	未知	未知	未知	未知	未知	未知	未知	未知	未知	未知	未知	未知	未知	未知	未知	未知	未知	是	未知	未知	未知	未知	无	无	无	未知	未知	未知	未知	未知	未知	未知	未知	未知	未知	未知	未知	未知	未知	未知	未知	未知	未知	未知	未知	未知	未知	未知	未知	未知	未知	未知	未知	未知	未知	未知	未知	未知	未知	未知	未知	未知	未知	未知	未知	未知	无	无	无	无	无	无	无	无	无	无	无	无	无	无	无	无	无	无	无	无	无	无	无	无
62	20210923	【欧盟】LE ROYAL Led Night Light夜灯召回	中国	不详	插头	1	召回发布日期2021/9/17 召回发布国家或地区欧盟 产品名称LE ROYAL Led Night Light夜灯 产地中国 具体型号或识别特征R22614-5 / 243 缺陷及后果灯对儿童具有吸引力。另外，扁插头的尺寸远远小于规定要求。因此，可能会碰触到带电部件，这可能会导致电击。将导电部件固定到位的插头的塑料部件是可燃的。灯在使用过程中可能着火，导致用户烧伤。 	召回	家用电器及电器附件	空	https://dpac.samr.gov.cn/xfpzh/xfpgwzh/om_208/202109/t20210923_100149.html	烧伤	2	物理危害	高/低温物质危害	高温物质危害	未知	未知	未知	未知	未知		未知	否	未知	未知	未知	未知	未知	未知	未知	夜间	空	空	空	空	否	空	无	未知	未知	未知	未知	未知	未知	未知	未知	未知	未知	有	未知	未知	未知	未知	未知	未知	未知	未知	未知	未知	未知	未知	未知	未知	未知	未知	未知	未知	未知	未知	未知	未知	未知	未知	未知	未知	未知	未知	是	未知	未知	未知	未知	无	无	无	未知	未知	未知	未知	未知	未知	未知	未知	未知	未知	未知	未知	未知	未知	未知	未知	未知	未知	未知	未知	未知	未知	未知	未知	未知	未知	未知	未知	未知	未知	未知	未知	未知	未知	未知	未知	未知	未知	未知	未知	未知	无	无	无	无	无	无	无	无	无	无	无	无	无	无	无	无	无	无	无	无	无	无	无	无
63	20210913	【欧盟】HOCO hoco.配件充电器召回	中国	不详	充电器	1	召回发布日期2021/9/10 召回发布国家或地区欧盟 产品名称HOCO hoco.配件充电器 产地中国 具体型号或识别特征C11 缺陷及后果产品的绝缘不够。用户可能会由于可触及带电部件而触电。 	召回	家用电器及电器附件	空	https://dpac.samr.gov.cn/xfpzh/xfpgwzh/om_208/202109/t20210913_100034.html	电击伤	2	物理危害	电气危害	触电危害	未知	未知	未知	未知	未知		未知	否	未知	未知	未知	未知	未知	未知	未知	未知	空	空	空	空	否	空	无	未知	未知	未知	未知	未知	未知	未知	未知	未知	未知	未知	未知	未知	未知	未知	未知	未知	未知	未知	是	未知	未知	未知	未知	未知	未知	未知	未知	未知	未知	未知	未知	未知	未知	未知	未知	未知	未知	未知	是	未知	未知	未知	未知	无	无	无	未知	未知	未知	未知	未知	未知	未知	未知	未知	未知	未知	未知	未知	未知	未知	未知	未知	未知	未知	未知	未知	未知	未知	未知	未知	未知	未知	未知	未知	未知	未知	未知	未知	未知	未知	未知	未知	未知	未知	未知	未知	无	无	无	无	无	无	无	无	无	无	无	无	无	无	无	无	无	无	无	无	无	无	无	无
64	20210913	【欧盟】延长线召回	中国	陕西	插头	1	召回发布日期2021/9/10 召回发布国家或地区欧盟 产品名称ASTRA 3 WAYS SOCKET OUTLET延长线 产地未知 具体型号或识别特征W203S 缺陷及后果电源线的直径对于插头类型来说太小，导致带电部件可触及。用户可能会接触到产品的部件，造成触电。 	召回	家用电器及电器附件	空	https://dpac.samr.gov.cn/xfpzh/xfpgwzh/om_208/202109/t20210913_100027.html	电击伤	2	物理危害	电气危害	触电危害	未知	未知	未知	未知	未知		未知	否	未知	未知	未知	未知	未知	未知	未知	未知	空	空	空	空	否	空	无	未知	未知	未知	未知	未知	未知	未知	未知	未知	未知	未知	未知	未知	未知	未知	未知	未知	未知	未知	是	未知	未知	未知	未知	未知	未知	未知	未知	未知	未知	未知	未知	未知	未知	未知	未知	未知	未知	未知	是	未知	未知	未知	未知	无	无	无	未知	未知	未知	未知	未知	未知	未知	未知	未知	未知	未知	未知	未知	未知	未知	未知	未知	未知	未知	未知	未知	未知	未知	未知	未知	未知	未知	未知	未知	未知	未知	未知	未知	未知	未知	未知	未知	未知	未知	未知	未知	无	无	无	无	无	无	无	无	无	无	无	无	无	无	无	无	无	无	无	无	无	无	无	无
65	20210913	【欧盟】MXM CHINA新奇打火机召回	中国	不详	打火机	1	召回发布日期2021/9/10 召回发布国家或地区欧盟 产品名称MXM CHINA新奇打火机 产地中国 具体型号或识别特征P10-X08 缺陷及后果打火机对儿童有吸引力，很容易被误认为玩具。儿童可能会拿着打火机玩耍，造成烧伤或引发起火。任何打火机都不能吸引儿童。 	召回	日用杂品	空	https://dpac.samr.gov.cn/xfpzh/xfpgwzh/om_208/202109/t20210913_100025.html	烧伤	2	物理危害	高/低温物质危害	高温物质危害	未知	未知	未知	未知	未知		未知	否	未知	未知	未知	未知	未知	未知	未知	未知	空	空	空	空	否	空	无	未知	未知	未知	未知	未知	未知	未知	未知	未知	未知	有	未知	未知	未知	未知	未知	是	未知	未知	未知	未知	未知	未知	未知	未知	未知	未知	未知	未知	未知	未知	未知	未知	未知	未知	未知	未知	未知	未知	是	未知	未知	未知	未知	无	无	无	未知	未知	未知	未知	未知	未知	未知	未知	未知	未知	未知	未知	未知	未知	未知	未知	未知	未知	未知	未知	未知	未知	未知	未知	未知	未知	未知	未知	未知	未知	未知	未知	未知	未知	未知	未知	未知	未知	未知	未知	未知	无	无	无	无	无	无	无	无	无	无	无	无	无	无	无	无	无	无	无	无	无	无	无	无
66	20210913	【欧盟】新奇打火机召回	中国	不详	打火机	1	召回发布日期2021/9/10 召回发布国家或地区欧盟 产品名称新奇打火机 产地未知 具体型号或识别特征 缺陷及后果打火机对儿童有吸引力，很容易被误认为玩具。儿童可能会拿着打火机玩耍，造成烧伤或引发起火。任何打火机都不能吸引儿童。 国家市场监督管理总局缺陷产品管理中心提示如果您发现您的产品出现类似问题，可以访问本网站“缺陷信息报告”栏目 (dpac.samr..cn/qxts) 提交详细信息，或者拨打 010-59799616 进行咨询。 	召回	日用杂品	空	https://dpac.samr.gov.cn/xfpzh/xfpgwzh/om_208/202109/t20210913_100024.html	烧伤	2	物理危害	高/低温物质危害	高温物质危害	未知	未知	未知	未知	未知		未知	否	未知	未知	未知	未知	未知	未知	未知	未知	空	空	空	空	否	空	无	未知	未知	未知	未知	未知	未知	未知	未知	未知	未知	有	未知	未知	未知	未知	未知	是	未知	未知	未知	未知	未知	未知	未知	未知	未知	未知	未知	未知	未知	未知	未知	未知	未知	未知	未知	未知	未知	未知	是	未知	未知	未知	未知	无	无	无	未知	未知	未知	未知	未知	未知	未知	未知	未知	未知	未知	未知	未知	未知	未知	未知	未知	未知	未知	未知	未知	未知	未知	未知	未知	未知	未知	未知	未知	未知	未知	未知	未知	未知	未知	未知	未知	未知	未知	未知	未知	无	无	无	无	无	无	无	无	无	无	无	无	无	无	无	无	无	无	无	无	无	无	无	无
67	t2021083	【澳大利亚】LT Ultimate Snaffle Bridle随附的卷制缰绳召回	中国	不详	LT 	1	召回发布日期2021/8/27 召回发布国家或地区澳大利亚 产品名称LT Ultimate Snaffle Bridle随附的卷制缰绳 产地不详 具体型号或识别特征不详 缺陷及后果缰绳可能会断裂。如果缰绳在使用过程中断裂，则会增加骑手严重受伤或死亡的风险。 	召回	交通工具及相关产品	空	https://dpac.samr.gov.cn/xfpzh/xfpgwzh/adly/202108/t20210831_99839.html	死亡	4	物理危害	机械危害	潜在能量危害	未知	未知	未知	未知	未知		未知	否	未知	未知	未知	未知	未知	未知	未知	未知	空	空	空	空	否	空	无	未知	未知	未知	未知	未知	未知	未知	未知	未知	未知	未知	未知	未知	未知	未知	未知	未知	未知	未知	未知	未知	未知	未知	未知	未知	未知	未知	未知	未知	未知	未知	未知	未知	未知	未知	未知	未知	未知	未知	未知	未知	未知	未知	未知	无	无	无	未知	未知	未知	未知	未知	未知	未知	未知	未知	未知	未知	未知	未知	未知	未知	未知	未知	未知	未知	未知	未知	未知	未知	未知	未知	未知	未知	未知	未知	未知	未知	未知	未知	未知	未知	未知	未知	未知	未知	未知	未知	无	无	无	无	无	无	无	无	无	无	无	无	无	无	无	无	无	无	无	无	无	无	无	无
68	t2021083	【澳大利亚】Thuraya卫星电话充电器召回	中国	不详	充电器	1	召回发布日期2021/8/25 召回发布国家或地区澳大利亚 产品名称Thuraya卫星电话充电器 产地不详 具体型号或识别特征型号KSAS0100500200D5 缺陷及后果充电器的绝缘引脚可能会破裂，暴露带电引脚。存在造成受伤或死亡的触电或电击风险。 	召回	家用电器及电器附件	空	https://dpac.samr.gov.cn/xfpzh/xfpgwzh/adly/202108/t20210830_99774.html	电击伤,死亡	4	物理危害	电气危害	触电危害	未知	未知	未知	未知	未知		未知	否	未知	未知	未知	未知	未知	未知	未知	未知	空	空	空	空	否	空	无	未知	未知	未知	未知	未知	未知	未知	未知	未知	未知	未知	未知	未知	未知	未知	未知	未知	未知	未知	是	未知	未知	未知	未知	未知	未知	未知	未知	未知	未知	未知	未知	未知	未知	未知	未知	未知	未知	未知	是	未知	未知	未知	未知	无	无	无	未知	未知	未知	未知	未知	未知	未知	未知	未知	未知	未知	未知	未知	未知	未知	未知	未知	未知	未知	未知	未知	未知	未知	未知	未知	未知	未知	未知	未知	未知	未知	未知	未知	未知	未知	未知	未知	未知	未知	未知	未知	无	无	无	无	无	无	无	无	无	无	无	无	无	无	无	无	无	无	无	无	无	无	无	无
69	t2021083	【美国】带GLW电池组的Hovertrax 2.0自平衡滑板车/悬滑板召回	中国	不详	300 	1	召回发布日期2021/8/25 召回发布国家或地区美国 产品名称带GLW电池组的Hovertrax 2.0自平衡滑板车/悬滑板 产地中国 具体型号或识别特征电池组包装上用大写字母写着名称 GLW。电池组具有以GLW开头的序列号，该序列号印在电池组顶部、条形码下方的白色贴纸上。 召回数量237300 缺陷及后果自平衡滑板车/悬滑板中的锂离子GLW电池组可能会过热，导致产品冒烟、着火和/或爆炸风险。 	召回	交通工具及相关产品	空	https://dpac.samr.gov.cn/xfpzh/xfpgwzh/mg_207/202108/t20210830_99772.html	烧伤,烫伤	2	物理危害	电气危害	触电危害	未知	未知	未知	未知	未知		未知	否	未知	未知	未知	未知	未知	未知	电池	未知	空	空	空	空	否	空	无	未知	未知	未知	未知	未知	未知	未知	未知	未知	未知	未知	未知	未知	未知	未知	未知	未知	未知	是	未知	未知	未知	未知	未知	未知	未知	未知	未知	未知	未知	未知	未知	未知	未知	未知	未知	未知	未知	未知	是	未知	未知	未知	未知	无	无	无	未知	未知	未知	未知	未知	未知	未知	未知	未知	未知	未知	未知	未知	未知	未知	未知	未知	未知	未知	未知	未知	未知	未知	未知	未知	未知	未知	未知	未知	未知	未知	未知	未知	未知	未知	未知	未知	未知	未知	未知	未知	无	无	无	无	无	无	无	无	无	无	无	无	无	无	无	无	无	无	无	无	无	无	无	无
70	t2021083	【欧盟】USB充电器召回	中国	不详	充电器	1	召回发布日期2021/8/19 召回发布国家或地区欧盟 产品名称CELLECT HÁLÓZATI TÖLTŐ / TRAVEL CHARGER USB充电器 产地中国 具体型号或识别特征MTCB-TYPE-C 缺陷及后果产品的绝缘不够。用户可能会由于可触及带电部件而触电。 	召回	家用电器及电器附件	空	https://dpac.samr.gov.cn/xfpzh/xfpgwzh/om_208/202108/t20210830_99790.html	电击伤	2	物理危害	电气危害	触电危害	未知	未知	未知	未知	未知		未知	否	未知	未知	未知	未知	未知	未知	未知	未知	空	空	空	空	否	空	无	未知	未知	未知	未知	未知	未知	未知	未知	未知	未知	未知	未知	未知	未知	未知	未知	未知	未知	未知	是	未知	未知	未知	未知	未知	未知	未知	未知	未知	未知	未知	未知	未知	未知	未知	未知	未知	未知	未知	是	未知	未知	未知	未知	无	无	无	未知	未知	未知	未知	未知	未知	未知	未知	未知	未知	未知	未知	未知	未知	未知	未知	未知	未知	未知	未知	未知	未知	未知	未知	未知	未知	未知	未知	未知	未知	未知	未知	未知	未知	未知	未知	未知	未知	未知	未知	未知	无	无	无	无	无	无	无	无	无	无	无	无	无	无	无	无	无	无	无	无	无	无	无	无
71	t2021083	【欧盟】ACTIVER 电热水壶召回	中国	不详	电热水壶	1	召回发布日期2021/8/19 召回发布国家或地区欧盟 产品名称ACTIVER 电热水壶 产地欧盟（捷克） 具体型号或识别特征14018051/A16211 缺陷及后果供电电缆的绝缘可能很容易损坏，使带电部件可被用户触及到。带电部件可能会过热，用户可能会触摸它们并受到电击。 	召回	家用电器及电器附件	空	https://dpac.samr.gov.cn/xfpzh/xfpgwzh/om_208/202108/t20210830_99786.html	烫伤	2	物理危害	电气危害	触电危害	未知	未知	未知	未知	未知		未知	否	未知	未知	未知	未知	未知	未知	未知	未知	空	空	空	空	否	空	无	未知	未知	未知	未知	未知	未知	未知	未知	未知	未知	未知	未知	未知	未知	未知	未知	未知	未知	是	未知	未知	未知	未知	未知	未知	未知	未知	未知	未知	未知	未知	未知	未知	未知	未知	未知	未知	未知	未知	是	未知	未知	未知	未知	无	无	无	未知	未知	未知	未知	未知	未知	未知	未知	未知	未知	未知	未知	未知	未知	未知	未知	未知	未知	未知	未知	未知	未知	未知	未知	未知	未知	未知	未知	未知	未知	未知	未知	未知	未知	未知	未知	未知	未知	未知	未知	未知	无	无	无	无	无	无	无	无	无	无	无	无	无	无	无	无	无	无	无	无	无	无	无	无
72	t2021082	【美国】B-Air VP-33鼓风机召回	中国	不详	500 	1	召回发布日期2021/8/18 召回发布国家或地区美国 产品名称B-Air VP-33鼓风机 产地中国 具体型号或识别特征此次召回涉及在B-Air®品牌下销售的VP-33型号鼓风机 召回数量29500 缺陷及后果召回的VP-33鼓风机中的电容器可能会过热，造成火灾危险。 国家市场监督管理总局缺陷产品管理中心提示如果您发现您的产品出现类似问题，可以访问本网站“缺陷信息报告”栏目 (dpac.samr..cn/qxts) 提交详细信息，或者拨打 010-59799616 进行咨询。 	召回	交通工具及相关产品	空	https://dpac.samr.gov.cn/xfpzh/xfpgwzh/mg_207/202108/t20210823_99650.html	烧伤,烫伤	2	物理危害	高/低温物质危害,电气危害	高温物质危害,触电危害	未知	未知	未知	未知	未知		未知	否	未知	未知	未知	未知	未知	未知	未知	未知	空	空	空	空	否	空	无	未知	未知	未知	未知	未知	未知	未知	未知	未知	未知	未知	未知	未知	未知	未知	未知	是	未知	是	未知	未知	未知	未知	未知	未知	未知	未知	未知	未知	未知	未知	未知	未知	未知	未知	未知	未知	未知	未知	是	未知	未知	未知	未知	无	无	无	未知	未知	未知	未知	未知	未知	未知	未知	未知	未知	未知	未知	未知	未知	未知	未知	未知	未知	未知	未知	未知	未知	未知	未知	未知	未知	未知	未知	未知	未知	未知	未知	未知	未知	未知	未知	未知	未知	未知	未知	未知	无	无	无	无	无	无	无	无	无	无	无	无	无	无	无	无	无	无	无	无	无	无	无	无
73	t2021082	【欧盟】高级USB充电器召回	中国	不详	充电器	1	召回发布日期2021/8/17 召回发布国家或地区欧盟 产品名称FAST TRAVEL CHARGER 3USB高级USB充电器 产地中国 具体型号或识别特征CH-608 缺陷及后果产品的绝缘不够。用户可能会由于可触及带电部件而触电。 	召回	家用电器及电器附件	空	https://dpac.samr.gov.cn/xfpzh/xfpgwzh/om_208/202108/t20210823_99695.html	电击伤	2	物理危害	电气危害	触电危害	未知	未知	未知	未知	未知		未知	否	未知	未知	未知	未知	未知	未知	未知	未知	空	空	空	空	否	空	无	未知	未知	未知	未知	未知	未知	未知	未知	未知	未知	未知	未知	未知	未知	未知	未知	未知	未知	未知	是	未知	未知	未知	未知	未知	未知	未知	未知	未知	未知	未知	未知	未知	未知	未知	未知	未知	未知	未知	是	未知	未知	未知	未知	无	无	无	未知	未知	未知	未知	未知	未知	未知	未知	未知	未知	未知	未知	未知	未知	未知	未知	未知	未知	未知	未知	未知	未知	未知	未知	未知	未知	未知	未知	未知	未知	未知	未知	未知	未知	未知	未知	未知	未知	未知	未知	未知	无	无	无	无	无	无	无	无	无	无	无	无	无	无	无	无	无	无	无	无	无	无	无	无
74	t2021082	【欧盟】USB充电器召回	中国	不详	充电器	1	召回发布日期2021/8/17 召回发布国家或地区欧盟 产品名称Qualcomm WALL CHARGER QC 3.0（包装上），FAST CHARGER（产品上）USB充电器 产地中国 具体型号或识别特征A6085 缺陷及后果产品的绝缘不够。用户可能会由于可触及带电部件而触电。 	召回	家用电器及电器附件	空	https://dpac.samr.gov.cn/xfpzh/xfpgwzh/om_208/202108/t20210823_99694.html	电击伤	2	物理危害	电气危害	触电危害	未知	未知	未知	未知	未知		未知	否	未知	未知	未知	未知	未知	未知	未知	未知	空	空	空	空	否	空	无	未知	未知	未知	未知	未知	未知	未知	未知	未知	未知	未知	未知	未知	未知	未知	未知	未知	未知	未知	是	未知	未知	未知	未知	未知	未知	未知	未知	未知	未知	未知	未知	未知	未知	未知	未知	未知	未知	未知	是	未知	未知	未知	未知	无	无	无	未知	未知	未知	未知	未知	未知	未知	未知	未知	未知	未知	未知	未知	未知	未知	未知	未知	未知	未知	未知	未知	未知	未知	未知	未知	未知	未知	未知	未知	未知	未知	未知	未知	未知	未知	未知	未知	未知	未知	未知	未知	无	无	无	无	无	无	无	无	无	无	无	无	无	无	无	无	无	无	无	无	无	无	无	无
75	20211014	【日本】电池（锂离子、电动吸尘器专用）召回	中国	不详	锂离子电池	1	召回发布日期2021/8/16 召回发布国家或地区日本 产品名称电池（锂离子、电动吸尘器专用） 产地不详 具体型号或识别特征 产品名                           型号                     售出时间        数量 吸尘器专用锂离子电池   Orange Line DC60 20001 V6 2200    2020年11月1日 Orange Line            Orange Line DC60 20006 V6 2200  ～2021年4月23日  共计9,850件 Orange Line DC60 20007 V6 2200 召回数量9850 缺陷及后果当电池安装到电动吸尘器时，电池会起火导致火灾。 	召回	家用电器及电器附件	空	https://dpac.samr.gov.cn/xfpzh/xfpgwzh/rb_212/202110/t20211014_100530.html	烧伤	2	物理危害	高/低温物质危害	高温物质危害	未知	未知	未知	未知	未知		未知	否	未知	未知	未知	未知	未知	未知	锂离子电池,电池	未知	空	空	空	空	否	空	无	未知	未知	未知	未知	未知	未知	未知	未知	未知	未知	未知	未知	未知	未知	未知	未知	是	未知	未知	未知	未知	未知	未知	未知	未知	未知	未知	未知	未知	未知	未知	未知	未知	未知	未知	未知	未知	未知	未知	是	未知	未知	未知	未知	无	无	无	未知	未知	未知	未知	未知	未知	未知	未知	未知	未知	未知	未知	未知	未知	未知	未知	未知	未知	未知	未知	未知	未知	未知	未知	未知	未知	未知	未知	未知	未知	未知	未知	未知	未知	未知	未知	未知	未知	未知	未知	未知	无	无	无	无	无	无	无	无	无	无	无	无	无	无	无	无	无	无	无	无	无	无	无	无
76	t2021082	【欧盟】JOYROOM USB充电器召回	中国	不详	充电器	1	召回发布日期2021/8/12 召回发布国家或地区欧盟 产品名称JOYROOM 2 USB TRAVEL CHARGER USB充电器 产地中国 具体型号或识别特征L-M226 缺陷及后果电源插头的尺寸远远小于规定要求。产品的绝缘不够。用户可能会由于可触及带电部件而触电。 	召回	家用电器及电器附件	空	https://dpac.samr.gov.cn/xfpzh/xfpgwzh/om_208/202108/t20210823_99681.html	电击伤	2	物理危害	电气危害	触电危害	未知	未知	未知	未知	未知		未知	否	未知	未知	未知	未知	未知	未知	未知	未知	空	空	空	空	否	空	无	未知	未知	未知	未知	未知	未知	未知	未知	未知	未知	未知	未知	未知	未知	未知	未知	未知	未知	未知	是	未知	未知	未知	未知	未知	未知	未知	未知	未知	未知	未知	未知	未知	未知	未知	未知	未知	未知	未知	是	未知	未知	未知	未知	无	无	无	未知	未知	未知	未知	未知	未知	未知	未知	未知	未知	未知	未知	未知	未知	未知	未知	未知	未知	未知	未知	未知	未知	未知	未知	未知	未知	未知	未知	未知	未知	未知	未知	未知	未知	未知	未知	未知	未知	未知	未知	未知	无	无	无	无	无	无	无	无	无	无	无	无	无	无	无	无	无	无	无	无	无	无	无	无
77	t2021081	【澳大利亚】Specialized第一代Turbo Levo和Kenevo山地电动自行车电池组召回	中国	不详	电动自行车	1	召回发布日期2021/8/3 召回发布国家或地区澳大利亚 产品名称Specialized 第一代 Turbo Levo 和 Kenevo 山地电动自行车电池组 产地不详 具体型号或识别特征要确定电池组是否受到此次召回的影响，请从自行车上取下电池组，并在标签上查找以下内容1.生产日期在2017年11月至2019年3月之间及2.零件号B9JE2045F、B9JE2056F、B9JE2065F、B9JE2076F或B9JE2098F 缺陷及后果压力清洗会导致水渗入电池控制面板周围的密封件，并可能导致短路。短路会增加火灾的风险，这可能导致人身伤害或财产损失。 	召回	交通工具及相关产品	空	https://dpac.samr.gov.cn/xfpzh/xfpgwzh/adly/202108/t20210810_99445.html	烧伤,电击伤	2	物理危害	高/低温物质危害,电气危害	高温物质危害,触电危害	未知	未知	未知	未知	未知		未知	否	未知	未知	未知	未知	未知	未知	电池	未知	空	空	空	空	否	空	无	未知	未知	未知	未知	未知	未知	未知	未知	未知	未知	未知	未知	未知	未知	未知	未知	是	未知	未知	未知	是	未知	未知	未知	未知	未知	未知	未知	未知	未知	未知	未知	未知	未知	未知	未知	未知	未知	未知	是	未知	未知	未知	未知	无	无	无	未知	未知	未知	未知	未知	未知	未知	未知	未知	未知	未知	未知	未知	未知	未知	未知	未知	未知	未知	未知	未知	未知	未知	未知	未知	未知	未知	未知	未知	未知	未知	未知	未知	未知	未知	未知	未知	未知	未知	未知	未知	无	无	无	无	无	无	无	无	无	无	无	无	无	无	无	无	无	无	无	无	无	无	无	无
78	t2021080	【美国】Specialized 第一代 Turbo Levo 和 Kenevo山地电动自行车电池组召回	中国	台湾	锂离子电池	1	召回发布日期2021/7/29 召回发布国家或地区美国 产品名称Specialized 第一代 Turbo Levo 和 Kenevo山地电动自行车电池组 产地台湾 具体型号或识别特征 制造P/N              制作日期 B9JE2045F     K7 L7 A8 B8 C8 D8 E8 F8 G8 H8 I8 J8 K8 L8 A9 B9 C9 B9JE2056F     K7 L7 A8 B8 C8 D8 E8 F8 G8 H8 I8 J8 K8 L8 A9 B9 C9 B9JE2065F     K7 L7 A8 B8 C8 D8 E8 F8 G8 H8 I8 J8 K8 L8 A9 B9 C9 B9JE2076F     K7 L7 A8 B8 C8 D8 E8 F8 G8 H8 I8 J8 K8 L8 A9 B9 C9 B9JE2098F     K7 L7 A8 B8 C8 D8 E8 F8 G8 H8 I8 J8 K8 L8 A9 B9 C9 召回数量2500 缺陷及后果水可能会渗入自行车锂离子电池组LED控制垫周围的密封圈，导致电池短路，造成火灾和烧伤危险。 	召回	家用电器及电器附件	空	https://dpac.samr.gov.cn/xfpzh/xfpgwzh/mg_207/202108/t20210809_99337.html	烧伤,电击伤	2	物理危害	高/低温物质危害,电气危害	高温物质危害,触电危害	未知	未知	未知	未知	未知		未知	否	未知	未知	未知	未知	未知	未知	锂离子电池,电池	未知	空	空	空	空	否	空	无	未知	未知	未知	未知	未知	未知	未知	未知	未知	未知	有	未知	未知	未知	未知	未知	是	未知	未知	未知	是	未知	未知	未知	未知	未知	未知	未知	未知	未知	未知	未知	未知	未知	未知	未知	未知	未知	未知	是	未知	未知	未知	未知	无	无	无	未知	未知	未知	未知	未知	未知	未知	未知	未知	未知	未知	未知	未知	未知	未知	未知	未知	未知	未知	未知	未知	未知	未知	未知	未知	未知	未知	未知	未知	未知	未知	未知	未知	未知	未知	未知	未知	未知	未知	未知	未知	无	无	无	无	无	无	无	无	无	无	无	无	无	无	无	无	无	无	无	无	无	无	无	无
79	t2021080	【欧盟】插座召回	中国	不详	插头	1	召回发布日期2021/7/26 召回发布国家或地区欧盟 产品名称TCP Smart TCP SMART WIFI 2 GANG SOCKET WHITE UK WiFi连接插头插座 产地中国 具体型号或识别特征TAUWIS2GWUK 缺陷及后果该产品包括2个内部没有连接的独立接地端子，因此安装时存在其中一个插座未接地的风险。将电器插入未接地的插座，如果发生故障，将没有接地保护，有触电危险。 	召回	家用电器及电器附件	空	https://dpac.samr.gov.cn/xfpzh/xfpgwzh/om_208/202108/t20210805_99291.html	电击伤	2	物理危害	电气危害	触电危害	未知	未知	未知	未知	未知		未知	否	未知	未知	未知	未知	未知	未知	未知	未知	空	空	空	空	否	空	无	未知	未知	未知	未知	未知	未知	未知	未知	未知	未知	未知	未知	未知	未知	未知	未知	未知	未知	未知	是	未知	未知	未知	未知	未知	未知	未知	未知	未知	未知	未知	未知	未知	未知	未知	未知	未知	未知	未知	是	未知	未知	未知	未知	无	无	无	未知	未知	未知	未知	未知	未知	未知	未知	未知	未知	未知	未知	未知	未知	未知	未知	未知	未知	未知	未知	未知	未知	未知	未知	未知	未知	未知	未知	未知	未知	未知	未知	未知	未知	未知	未知	未知	未知	未知	未知	未知	无	无	无	无	无	无	无	无	无	无	无	无	无	无	无	无	无	无	无	无	无	无	无	无
80	t2021080	【欧盟】me&my phone Charger 2.1A USB充电器召回	中国	不详	充电器	1	召回发布日期2021/7/26 召回发布国家或地区欧盟 产品名称me&my phone Charger 2.1A USB充电器 产地中国 具体型号或识别特征ID 2288923 缺陷及后果产品的引脚插头之间的距离和插头的金属元件的直径都不足，并且产品的输入电流比声称的额定电流高出10％以上。因此，产品消耗的能量超过预期，导致产品过热。这可能会增加火灾风险，用户在处理过热产品时可能会烧伤。 	召回	家用电器及电器附件	空	https://dpac.samr.gov.cn/xfpzh/xfpgwzh/om_208/202108/t20210809_99323.html	烧伤,烫伤	2	物理危害	高/低温物质危害,电气危害	高温物质危害,触电危害	未知	未知	未知	未知	未知		未知	否	未知	未知	未知	未知	未知	未知	未知	未知	空	空	空	空	否	空	无	未知	未知	未知	未知	未知	未知	未知	未知	未知	未知	有	未知	未知	未知	未知	未知	是	未知	是	未知	未知	未知	未知	未知	未知	未知	未知	未知	未知	未知	未知	未知	未知	未知	未知	未知	未知	未知	未知	是	未知	未知	未知	未知	无	无	无	未知	未知	未知	未知	未知	未知	未知	未知	未知	未知	未知	未知	未知	未知	未知	未知	未知	未知	未知	未知	未知	未知	未知	未知	未知	未知	未知	未知	未知	未知	未知	未知	未知	未知	未知	未知	未知	未知	未知	未知	未知	无	无	无	无	无	无	无	无	无	无	无	无	无	无	无	无	无	无	无	无	无	无	无	无
81	t2021072	【欧盟】ASK 新奇打火机召回	中国	不详	打火机	1	召回发布日期2021/7/23 召回发布国家或地区欧盟 产品名称ASK 新奇打火机 产地未知 具体型号或识别特征 缺陷及后果打火机对儿童有吸引力，很容易被误认为玩具。儿童可能会拿着打火机玩耍，造成烧伤或引发起火。任何打火机都不能吸引儿童。 	召回	日用杂品	空	https://dpac.samr.gov.cn/xfpzh/xfpgwzh/om_208/202107/t20210727_99161.html	烧伤	2	物理危害	高/低温物质危害	高温物质危害	未知	未知	未知	未知	未知		未知	否	未知	未知	未知	未知	未知	未知	未知	未知	空	空	空	空	否	空	无	未知	未知	未知	未知	未知	未知	未知	未知	未知	未知	有	未知	未知	未知	未知	未知	是	未知	未知	未知	未知	未知	未知	未知	未知	未知	未知	未知	未知	未知	未知	未知	未知	未知	未知	未知	未知	未知	未知	是	未知	未知	未知	未知	无	无	无	未知	未知	未知	未知	未知	未知	未知	未知	未知	未知	未知	未知	未知	未知	未知	未知	未知	未知	未知	未知	未知	未知	未知	未知	未知	未知	未知	未知	未知	未知	未知	未知	未知	未知	未知	未知	未知	未知	未知	未知	未知	无	无	无	无	无	无	无	无	无	无	无	无	无	无	无	无	无	无	无	无	无	无	无	无
82	t2021080	【欧盟】Selecline通用家用充电器USB USB充电器召回	中国	不详	充电器	1	召回发布日期2021/7/22 召回发布国家或地区欧盟 产品名称Selecline通用家用充电器USB USB充电器 产地中国 具体型号或识别特征874040/TC3A842A 缺陷及后果装置的电气绝缘不够。用户可能会由于可触及带电部件而触电。 	召回	家用电器及电器附件	空	https://dpac.samr.gov.cn/xfpzh/xfpgwzh/om_208/202108/t20210809_99322.html	电击伤	2	物理危害	电气危害	触电危害	未知	未知	未知	未知	未知		未知	否	未知	未知	未知	未知	未知	未知	未知	未知	空	空	空	空	否	空	无	未知	未知	未知	未知	未知	未知	未知	未知	未知	未知	未知	未知	未知	未知	未知	未知	未知	未知	未知	是	未知	未知	未知	未知	未知	未知	未知	未知	未知	未知	未知	未知	未知	未知	未知	未知	未知	未知	未知	是	未知	未知	未知	未知	无	无	无	未知	未知	未知	未知	未知	未知	未知	未知	未知	未知	未知	未知	未知	未知	未知	未知	未知	未知	未知	未知	未知	未知	未知	未知	未知	未知	未知	未知	未知	未知	未知	未知	未知	未知	未知	未知	未知	未知	未知	未知	未知	无	无	无	无	无	无	无	无	无	无	无	无	无	无	无	无	无	无	无	无	无	无	无	无
83	t2021072	【美国】可充电手持风扇召回	中国	不详	锂离子电池	1	召回发布日期2021/7/21 召回发布国家或地区美国 产品名称可充电手持风扇 产地中国 具体型号或识别特征产品包装盒和风扇背面的贴纸上有货号9050103。 召回数量9780 缺陷及后果风扇的锂离子电池在充电期间可能会过热，引发火灾危险。 	召回	家用电器及电器附件	空	https://dpac.samr.gov.cn/xfpzh/xfpgwzh/mg_207/202107/t20210728_99256.html	烧伤,烫伤	2	物理危害	高/低温物质危害,电气危害	高温物质危害,触电危害	未知	未知	未知	未知	未知		未知	否	未知	未知	未知	未知	未知	未知	锂离子电池,电池	未知	空	空	空	空	否	空	无	未知	未知	未知	未知	未知	未知	未知	未知	未知	未知	未知	未知	未知	未知	未知	未知	是	未知	是	未知	未知	未知	未知	未知	未知	未知	未知	未知	未知	未知	未知	未知	未知	未知	未知	未知	未知	未知	未知	是	未知	未知	未知	未知	无	无	无	未知	未知	未知	未知	未知	未知	未知	未知	未知	未知	未知	未知	未知	未知	未知	未知	未知	未知	未知	未知	未知	未知	未知	未知	未知	未知	未知	未知	未知	未知	未知	未知	未知	未知	未知	未知	未知	未知	未知	未知	未知	无	无	无	无	无	无	无	无	无	无	无	无	无	无	无	无	无	无	无	无	无	无	无	无
84	t2021072	【欧盟】Otterbox 英式墙壁充电器18W USB充电器召回	中国	不详	充电器	1	召回发布日期2021/7/19 召回发布国家或地区欧盟 产品名称Otterbox 英式墙壁充电器18W USB充电器 产地中国 具体型号或识别特征OBFTC-0037-A 78-52691, 78-52692, 78-52694, 78-52558, OBFTC-0049-A 78-80028, 78-80030, OBTFC-0030-A 78-52712, 78-52713, 78-52717, 78-52718, 缺陷及后果产品的内部铁氧体磁珠可能会出现故障。因此，产品可能会过热和熔化，从而使带电部件可触及。用户可能会碰触到这些带电部件，遭到电击。 	召回	家用电器及电器附件	空	https://dpac.samr.gov.cn/xfpzh/xfpgwzh/om_208/202107/t20210727_99144.html	烫伤	2	物理危害	电气危害	触电危害	未知	未知	未知	未知	未知		未知	否	未知	未知	未知	未知	未知	未知	未知	未知	空	空	空	空	否	空	无	未知	未知	未知	未知	未知	未知	未知	未知	未知	未知	未知	未知	未知	未知	未知	未知	未知	未知	是	未知	未知	未知	未知	未知	未知	未知	未知	未知	未知	未知	未知	未知	未知	未知	未知	未知	未知	未知	未知	是	未知	未知	未知	未知	无	无	无	未知	未知	未知	未知	未知	未知	未知	未知	未知	未知	未知	未知	未知	未知	未知	未知	未知	未知	未知	未知	未知	未知	未知	未知	未知	未知	未知	未知	未知	未知	未知	未知	未知	未知	未知	未知	未知	未知	未知	未知	未知	无	无	无	无	无	无	无	无	无	无	无	无	无	无	无	无	无	无	无	无	无	无	无	无
85	t2021072	【欧盟】Heat Experience加热手套召回	中国	不详	充电器	1	召回发布日期2021/7/15 召回发布国家或地区欧盟 产品名称Heat Experience加热手套 产地欧盟（挪威） 具体型号或识别特征Everyday musta 男女通用 M 码，HYK084120（充电器） 缺陷及后果初级电路与可接触的次级电路之间的间隙/爬电距离不足。用户可能会由于可触及的带电部件而触电。 	召回	家用电器及电器附件	空	https://dpac.samr.gov.cn/xfpzh/xfpgwzh/om_208/202107/t20210727_99173.html	电击伤	2	物理危害	电气危害	触电危害	未知	未知	未知	未知	未知		未知	否	未知	未知	未知	未知	未知	未知	未知	未知	空	空	空	空	否	空	无	未知	未知	未知	未知	未知	未知	未知	未知	未知	未知	未知	未知	未知	未知	未知	未知	未知	未知	未知	是	未知	未知	未知	未知	未知	未知	未知	未知	未知	未知	未知	未知	未知	未知	未知	未知	未知	未知	未知	是	未知	未知	未知	未知	无	无	无	未知	未知	未知	未知	未知	未知	未知	未知	未知	未知	未知	未知	未知	未知	未知	未知	未知	未知	未知	未知	未知	未知	未知	未知	未知	未知	未知	未知	未知	未知	未知	未知	未知	未知	未知	未知	未知	未知	未知	未知	未知	无	无	无	无	无	无	无	无	无	无	无	无	无	无	无	无	无	无	无	无	无	无	无	无
86	t2021072	【欧盟】带三个插座的 SPIN 电子适配器/连接插头 适配器召回	中国	不详	插头	1	召回发布日期2021/7/13 召回发布国家或地区欧盟 产品名称带三个插座的 SPIN 电子适配器/ 连接插头 适配器 产地中国 具体型号或识别特征SPN2304 缺陷及后果铆钉连接不充分。因此，当产品插入电源插座时，带电部件仍可触及。用户可能会碰触到这些带电部件，遭到电击。产品过载防护不足。因此，在正常使用过程中可能会过热，增加烧伤风险。 	召回	家用电器及电器附件	空	https://dpac.samr.gov.cn/xfpzh/xfpgwzh/om_208/202107/t20210721_99037.html	烧伤,烫伤	2	物理危害	高/低温物质危害,电气危害	高温物质危害,触电危害	未知	未知	未知	未知	未知		未知	否	未知	未知	未知	未知	未知	未知	未知	未知	空	空	空	空	否	空	无	未知	未知	未知	未知	未知	未知	未知	未知	未知	未知	有	未知	未知	未知	未知	未知	未知	未知	是	未知	未知	未知	未知	未知	未知	未知	未知	未知	未知	未知	未知	未知	未知	未知	未知	未知	未知	未知	未知	是	未知	未知	未知	未知	无	无	无	未知	未知	未知	未知	未知	未知	未知	未知	未知	未知	未知	未知	未知	未知	未知	未知	未知	未知	未知	未知	未知	未知	未知	未知	未知	未知	未知	未知	未知	未知	未知	未知	未知	未知	未知	未知	未知	未知	未知	未知	未知	无	无	无	无	无	无	无	无	无	无	无	无	无	无	无	无	无	无	无	无	无	无	无	无
87	t2021072	【欧盟】BOROFONE USB 旅行充电器 USB充电器召回	中国	不详	充电器	1	召回发布日期2021/7/8 召回发布国家或地区欧盟 产品名称BOROFONE USB 旅行充电器 USB 充电器 产地中国 具体型号或识别特征BA20A 缺陷及后果产品的绝缘不够。用户可能会由于可触及的带电部件而触电。 	召回	家用电器及电器附件	空	https://dpac.samr.gov.cn/xfpzh/xfpgwzh/om_208/202107/t20210721_99036.html	电击伤	2	物理危害	电气危害	触电危害	未知	未知	未知	未知	未知		未知	否	未知	未知	未知	未知	未知	未知	未知	未知	空	空	空	空	否	空	无	未知	未知	未知	未知	未知	未知	未知	未知	未知	未知	未知	未知	未知	未知	未知	未知	未知	未知	未知	是	未知	未知	未知	未知	未知	未知	未知	未知	未知	未知	未知	未知	未知	未知	未知	未知	未知	未知	未知	是	未知	未知	未知	未知	无	无	无	未知	未知	未知	未知	未知	未知	未知	未知	未知	未知	未知	未知	未知	未知	未知	未知	未知	未知	未知	未知	未知	未知	未知	未知	未知	未知	未知	未知	未知	未知	未知	未知	未知	未知	未知	未知	未知	未知	未知	未知	未知	无	无	无	无	无	无	无	无	无	无	无	无	无	无	无	无	无	无	无	无	无	无	无	无
88	t2021072	【欧盟】SBS旅行充电器 USB充电器召回	中国	不详	充电器	1	召回发布日期2021/7/8 召回发布国家或地区欧盟 产品名称SBS 旅行充电器 USB 充电器 产地中国 具体型号或识别特征37386 / TETR1USB1ASTD 缺陷及后果产品的绝缘不够。用户可能会由于可触及的带电部件而触电。 	召回	家用电器及电器附件	空	https://dpac.samr.gov.cn/xfpzh/xfpgwzh/om_208/202107/t20210721_99034.html	电击伤	2	物理危害	电气危害	触电危害	未知	未知	未知	未知	未知		未知	否	未知	未知	未知	未知	未知	未知	未知	未知	空	空	空	空	否	空	无	未知	未知	未知	未知	未知	未知	未知	未知	未知	未知	未知	未知	未知	未知	未知	未知	未知	未知	未知	是	未知	未知	未知	未知	未知	未知	未知	未知	未知	未知	未知	未知	未知	未知	未知	未知	未知	未知	未知	是	未知	未知	未知	未知	无	无	无	未知	未知	未知	未知	未知	未知	未知	未知	未知	未知	未知	未知	未知	未知	未知	未知	未知	未知	未知	未知	未知	未知	未知	未知	未知	未知	未知	未知	未知	未知	未知	未知	未知	未知	未知	未知	未知	未知	未知	未知	未知	无	无	无	无	无	无	无	无	无	无	无	无	无	无	无	无	无	无	无	无	无	无	无	无
89	t2021070	【日本】充电器（内置锂电池）召回	中国	不详	充电器	1	召回发布日期2021/7/2 召回发布国家或地区日本 产品名称充电器（内置锂电池） 产地不详 具体型号或识别特征 产品名               型号   JAN代码       生产日期   召回数量 poke ball移动电池   A1270  4521329207759  2017年4月 Anker 10000mAh    ,                     ～2017年8月  8653台 召回数量8653 缺陷及后果源于发生了两起起火事故 	召回	家用电器及电器附件	空	https://dpac.samr.gov.cn/xfpzh/xfpgwzh/rb_212/202107/t20210706_98722.html	烧伤	2	物理危害	高/低温物质危害	高温物质危害	未知	未知	未知	未知	未知		未知	否	未知	未知	未知	未知	未知	未知	电池	未知	空	空	空	空	否	空	无	未知	未知	未知	未知	未知	未知	未知	未知	未知	未知	未知	未知	未知	未知	未知	未知	是	未知	未知	未知	未知	未知	未知	未知	未知	未知	未知	未知	未知	未知	未知	未知	未知	未知	未知	未知	未知	未知	未知	是	未知	未知	未知	未知	无	无	无	未知	未知	未知	未知	未知	未知	未知	未知	未知	未知	未知	未知	未知	未知	未知	未知	未知	未知	未知	未知	未知	未知	未知	未知	未知	未知	未知	未知	未知	未知	未知	未知	未知	未知	未知	未知	未知	未知	未知	未知	未知	无	无	无	无	无	无	无	无	无	无	无	无	无	无	无	无	无	无	无	无	无	无	无	无
90	t2021070	【欧盟】HX 2合1快速智能充电器 USB充电器召回	中国	不详	充电器	1	召回发布日期2021/7/2 召回发布国家或地区欧盟 产品名称HX 2合1快速智能充电器 USB充电器 产地中国 具体型号或识别特征HX101（产品上）XH-101（包装上）XH-101C（标签上） 缺陷及后果产品的绝缘不够。用户可能会由于可触及的带电部件而触电。 	召回	家用电器及电器附件	空	https://dpac.samr.gov.cn/xfpzh/xfpgwzh/om_208/202107/t20210706_98682.html	电击伤	2	物理危害	电气危害	触电危害	未知	未知	未知	未知	未知		未知	否	未知	未知	未知	未知	未知	未知	未知	未知	空	空	空	空	否	空	无	未知	未知	未知	未知	未知	未知	未知	未知	未知	未知	未知	未知	未知	未知	未知	未知	未知	未知	未知	是	未知	未知	未知	未知	未知	未知	未知	未知	未知	未知	未知	未知	未知	未知	未知	未知	未知	未知	未知	是	未知	未知	未知	未知	无	无	无	未知	未知	未知	未知	未知	未知	未知	未知	未知	未知	未知	未知	未知	未知	未知	未知	未知	未知	未知	未知	未知	未知	未知	未知	未知	未知	未知	未知	未知	未知	未知	未知	未知	未知	未知	未知	未知	未知	未知	未知	未知	无	无	无	无	无	无	无	无	无	无	无	无	无	无	无	无	无	无	无	无	无	无	无	无
91	t2021083	【日本】移动电源召回	中国	不详	移动电源	1	召回发布日期2021/7/1 召回发布国家或地区日本 产品名称移动电源 产地不详 具体型号或识别特征 产品名                     机型/型号    JAN码          售出时间     召回数量 AIPER移动电源 ELECTRO500                            2019年4月25日 露营/户外适用             ELECTRO500  631924691571   ～             共计217台 150000mAh/540WH                                     2019年7月3日 召回数量217 缺陷及后果发现该产品有故障，如连续使用可能会发热或起火。 	召回	家用电器及电器附件	空	https://dpac.samr.gov.cn/xfpzh/xfpgwzh/rb_212/202108/t20210830_99776.html	烧伤	2	物理危害	高/低温物质危害	高温物质危害	未知	未知	未知	未知	未知		未知	否	未知	未知	未知	未知	未知	未知	未知	未知	空	空	空	空	否	空	无	未知	未知	未知	未知	未知	未知	未知	未知	未知	未知	未知	未知	未知	未知	未知	未知	是	未知	未知	未知	未知	未知	未知	未知	未知	未知	未知	未知	未知	未知	未知	未知	未知	未知	未知	未知	未知	未知	未知	是	未知	未知	未知	未知	无	无	无	未知	未知	未知	未知	未知	未知	未知	未知	未知	未知	未知	未知	未知	未知	未知	未知	未知	未知	未知	未知	未知	未知	未知	未知	未知	未知	未知	未知	未知	未知	未知	未知	未知	未知	未知	未知	未知	未知	未知	未知	未知	无	无	无	无	无	无	无	无	无	无	无	无	无	无	无	无	无	无	无	无	无	无	无	无
92	t2021070	【欧盟】婴儿床中床召回	中国	不详	婴儿床	1	召回发布日期2021/6/25 召回发布国家或地区欧盟 产品名称Babysom Réducteur de lit/Nid d'ange婴儿床中床 产地法国 具体型号或识别特征1433116 缺陷及后果绳子可能会绊住孩子的脚趾，可能导致受伤。儿童的口鼻可能会卡在床垫和床侧之间的水平间隙中，导致窒息风险。婴儿床中床两侧连接处有开口，可能会卡住儿童的头，导致窒息风险。 	召回	儿童用品	儿童家具	https://dpac.samr.gov.cn/xfpzh/xfpgwzh/om_208/202107/t20210706_98683.html	窒息	3	物理危害	机械危害	形状和表面性能危害	未知	未知	未知	未知	未知		未知	否	未知	未知	有	未知	未知	未知	未知	未知	空	空	空	空	否	空	无	未知	未知	未知	未知	未知	未知	未知	未知	未知	未知	未知	未知	未知	未知	未知	未知	未知	未知	未知	未知	未知	未知	未知	未知	未知	未知	未知	未知	未知	未知	未知	未知	未知	未知	未知	未知	未知	未知	未知	是	未知	未知	未知	未知	无	无	无	未知	未知	未知	未知	未知	未知	未知	未知	未知	未知	未知	未知	未知	未知	未知	未知	未知	未知	未知	未知	未知	未知	未知	未知	未知	未知	未知	未知	未知	未知	未知	未知	未知	未知	未知	未知	未知	未知	未知	未知	未知	无	无	无	无	无	无	无	无	无	无	无	无	无	无	无	无	无	无	无	无	无	无	无	无
93	t2021070	【欧盟】CAVION HOVER BOARD自平衡滑板车（悬滑板）召回	中国	不详	充电器	1	召回发布日期2021/6/24 召回发布国家或地区欧盟 产品名称CAVION HOVER BOARD自平衡滑板车（悬滑板） 产地中国 具体型号或识别特征GO 6.5 缺陷及后果电池没有监控电池温度的设备，因此在充电过程中可能会过热，悬滑板盖可能会点燃。产品可能会引起火灾，用户可能会遭受烧伤。此外，电池充电器插座的尺寸不适合。用户可能会碰到可触及的带电部件，遭到电击。此外，电源线暴露在两个电机之间的活动部件中，而且还要穿过两端有毛刺的钢管。在产品的使用寿命期间，电源线的绝缘层可能会被尖锐边缘损坏，导致电池在使用过程中短路和爆炸。因此，用户可能会失控，从滑板车上跌落，遭受伤害。 	召回	家用电器及电器附件	空	https://dpac.samr.gov.cn/xfpzh/xfpgwzh/om_208/202107/t20210706_98694.html	烧伤,烫伤,电击伤	2	物理危害	高/低温物质危害,电气危害	高温物质危害,触电危害	未知	未知	未知	未知	未知		未知	否	未知	未知	未知	未知	未知	未知	电池	未知	空	空	空	空	否	空	无	未知	未知	未知	未知	未知	未知	未知	未知	未知	未知	有	未知	未知	未知	未知	未知	是	未知	是	未知	是	未知	未知	未知	未知	未知	未知	未知	未知	未知	未知	未知	未知	未知	未知	未知	未知	未知	未知	是	未知	未知	未知	未知	无	无	无	未知	未知	未知	未知	未知	未知	未知	未知	未知	未知	未知	未知	未知	未知	未知	未知	未知	未知	未知	未知	未知	未知	未知	未知	未知	未知	未知	未知	未知	未知	未知	未知	未知	未知	未知	未知	未知	未知	未知	未知	未知	无	无	无	无	无	无	无	无	无	无	无	无	无	无	无	无	无	无	无	无	无	无	无	无
94	t2021071	【欧盟】lampki ozdobne 灯饰链召回	中国	陕西	插头	1	召回发布日期2021/6/21 召回发布国家或地区欧盟 产品名称lampki ozdobne 灯饰链 产地中国 具体型号或识别特征货号1789 缺陷及后果电线没有正确固定，而且太细。可触及电线的绝缘不足。另外，电源插头的尺寸远远小于规定要求。此外，线路延长插座的结构让插头可以单极插入。尽管推荐户外使用，但产品并不防水。电缆可能会过热，引发烧伤或起火。产品可能会渗水，或者用户可能会触碰到带电部件，这可能会导致电击。 	召回	家用电器及电器附件	空	https://dpac.samr.gov.cn/xfpzh/xfpgwzh/om_208/202107/t20210712_98849.html	烧伤,烫伤	2	物理危害	高/低温物质危害,电气危害	高温物质危害,触电危害	未知	未知	未知	未知	未知		未知	否	未知	未知	未知	未知	未知	未知	未知	未知	空	空	空	空	否	空	无	未知	未知	未知	未知	未知	未知	未知	未知	未知	未知	有	未知	未知	未知	未知	未知	是	未知	是	未知	未知	未知	未知	未知	未知	未知	未知	未知	未知	未知	未知	未知	未知	未知	未知	未知	未知	未知	未知	是	未知	未知	未知	未知	无	无	无	未知	未知	未知	未知	未知	未知	未知	未知	未知	未知	未知	未知	未知	未知	未知	未知	未知	未知	未知	未知	未知	未知	未知	未知	未知	未知	未知	未知	未知	未知	未知	未知	未知	未知	未知	未知	未知	未知	未知	未知	未知	无	无	无	无	无	无	无	无	无	无	无	无	无	无	无	无	无	无	无	无	无	无	无	无
95	t2021062	【欧盟】HMS Massage Gun按摩枪召回	中国	不详	充电器	1	召回发布日期2021/6/15 召回发布国家或地区欧盟 产品名称HMS Massage Gun按摩枪 产地中国 具体型号或识别特征PDM3125，电源充电器HC-122002 缺陷及后果按摩枪自带的充电器，由于绝缘不足，初级和次级电路之间的爬电距离不够，存在触电危险。 	召回	家用电器及电器附件	空	https://dpac.samr.gov.cn/xfpzh/xfpgwzh/om_208/202106/t20210623_98514.html	电击伤	2	物理危害	电气危害	触电危害	未知	未知	未知	未知	未知		未知	否	未知	未知	未知	未知	未知	未知	未知	未知	空	空	空	空	否	空	无	未知	未知	未知	未知	未知	未知	未知	未知	未知	未知	未知	未知	未知	未知	未知	未知	未知	未知	未知	是	未知	未知	未知	未知	未知	未知	未知	未知	未知	未知	未知	未知	未知	未知	未知	未知	未知	未知	未知	是	未知	未知	未知	未知	无	无	无	未知	未知	未知	未知	未知	未知	未知	未知	未知	未知	未知	未知	未知	未知	未知	未知	未知	未知	未知	未知	未知	未知	未知	未知	未知	未知	未知	未知	未知	未知	未知	未知	未知	未知	未知	未知	未知	未知	未知	未知	未知	无	无	无	无	无	无	无	无	无	无	无	无	无	无	无	无	无	无	无	无	无	无	无	无
96	t2021061	【欧盟】XTORM 移动电源召回	中国	不详	充电器	1	召回发布日期2021/6/9 召回发布国家或地区欧盟 产品名称XTORM AC Power Bank Pro LAPTOP 移动电源 产地欧盟（荷兰） 具体型号或识别特征AL490 Pro 41.600 mAh, BX-240200（充电器） 缺陷及后果移动电源上的插座尺寸不合适。因此，在将笔记本电脑充电器插入产品时，插头引脚可能会部分插入，从而使带电部件可触及，增加用户触电的风险。 	召回	家用电器及电器附件	空	https://dpac.samr.gov.cn/xfpzh/xfpgwzh/om_208/202106/t20210616_98409.html	电击伤	2	物理危害	电气危害	触电危害	未知	未知	未知	未知	未知		未知	否	未知	未知	未知	未知	未知	未知	未知	未知	空	空	空	空	否	空	无	未知	未知	未知	未知	未知	未知	未知	未知	未知	未知	未知	未知	未知	未知	未知	未知	未知	未知	未知	是	未知	未知	未知	未知	未知	未知	未知	未知	未知	未知	未知	未知	未知	未知	未知	未知	未知	未知	未知	是	未知	未知	未知	未知	无	无	无	未知	未知	未知	未知	未知	未知	未知	未知	未知	未知	未知	未知	未知	未知	未知	未知	未知	未知	未知	未知	未知	未知	未知	未知	未知	未知	未知	未知	未知	未知	未知	未知	未知	未知	未知	未知	未知	未知	未知	未知	未知	无	无	无	无	无	无	无	无	无	无	无	无	无	无	无	无	无	无	无	无	无	无	无	无
97	t2021061	【欧盟】自平衡滑板车（悬滑板)召回	中国	不详	充电器	1	召回发布日期2021/6/9 召回发布国家或地区欧盟 产品名称智能平衡轮（包装上）Hardbower（标签上）自平衡滑板车（悬滑板) 产地中国 具体型号或识别特征165-NJ-V3，8/690 缺陷及后果电池没有监控电池温度的设备，因此在充电过程中可能会过热，悬滑板盖可能会点燃。产品可能会引起火灾，用户可能会遭受烧伤。此外，插座和扁平插头的尺寸以及电池充电器初级和次级之间的绝缘不合适。用户可能会碰到可触及的带电部件，遭到电击。此外，电源线暴露在两个电机之间的活动部件中，而且还要穿过两端有毛刺的钢管。在产品的使用寿命期间，电源线的绝缘层可能会被尖锐边缘损坏，导致电池在使用过程中短路和爆炸。因此，用户可能会失控，从滑板车上跌落，遭受伤害。 	召回	家用电器及电器附件	空	https://dpac.samr.gov.cn/xfpzh/xfpgwzh/om_208/202106/t20210616_98392.html	烧伤,烫伤,电击伤	2	物理危害	高/低温物质危害,电气危害	高温物质危害,触电危害	未知	未知	未知	未知	未知		未知	否	未知	未知	未知	未知	未知	未知	电池	未知	空	空	空	空	否	空	无	未知	未知	未知	未知	未知	未知	未知	未知	未知	未知	有	未知	未知	未知	未知	未知	是	未知	是	未知	是	未知	未知	未知	未知	未知	未知	未知	未知	未知	未知	未知	未知	未知	未知	未知	未知	未知	未知	是	未知	未知	未知	未知	无	无	无	未知	未知	未知	未知	未知	未知	未知	未知	未知	未知	未知	未知	未知	未知	未知	未知	未知	未知	未知	未知	未知	未知	未知	未知	未知	未知	未知	未知	未知	未知	未知	未知	未知	未知	未知	未知	未知	未知	未知	未知	未知	无	无	无	无	无	无	无	无	无	无	无	无	无	无	无	无	无	无	无	无	无	无	无	无
98	t2021061	【欧盟】Qualcomm 充电器召回	中国	不详	充电器	1	召回发布日期2021/6/8 召回发布国家或地区欧盟 产品名称Qualcomm SUPER CHARGER / POWER Quick Charge 3.0 USB充电器 产地中国 具体型号或识别特征型号LDO，LDO-A06（包装上），REF16512（标签上） 缺陷及后果产品的绝缘不够。用户可能会由于可触及的带电部件而触电。 	召回	家用电器及电器附件	空	https://dpac.samr.gov.cn/xfpzh/xfpgwzh/om_208/202106/t20210616_98424.html	电击伤	2	物理危害	电气危害	触电危害	未知	未知	未知	未知	未知		未知	否	未知	未知	未知	未知	未知	未知	未知	未知	空	空	空	空	否	空	无	未知	未知	未知	未知	未知	未知	未知	未知	未知	未知	未知	未知	未知	未知	未知	未知	未知	未知	未知	是	未知	未知	未知	未知	未知	未知	未知	未知	未知	未知	未知	未知	未知	未知	未知	未知	未知	未知	未知	是	未知	未知	未知	未知	无	无	无	未知	未知	未知	未知	未知	未知	未知	未知	未知	未知	未知	未知	未知	未知	未知	未知	未知	未知	未知	未知	未知	未知	未知	未知	未知	未知	未知	未知	未知	未知	未知	未知	未知	未知	未知	未知	未知	未知	未知	未知	未知	无	无	无	无	无	无	无	无	无	无	无	无	无	无	无	无	无	无	无	无	无	无	无	无
99	t2021061	【欧盟】婴儿床中床召回	中国	不详	婴儿床	1	召回发布日期2021/6/7 召回发布国家或地区欧盟 产品名称Tinéo Réducteur de lit évolutif婴儿床中床 产地欧盟（法国） 具体型号或识别特征33x73cm - réversible/Ref. 703771 缺陷及后果产品底部的拉绳在拉紧后过长。婴儿的头部可能会被拉绳勒住，导致窒息。此外，有几个间隙开口，可能会增加婴儿口鼻被完全罩住并窒息的风险。 	召回	儿童用品	儿童家具	https://dpac.samr.gov.cn/xfpzh/xfpgwzh/om_208/202106/t20210616_98404.html	窒息	3	物理危害	机械危害	形状和表面性能危害	未知	未知	未知	未知	未知		未知	否	未知	未知	有	未知	未知	未知	未知	未知	空	空	空	空	否	空	无	未知	未知	未知	未知	未知	未知	未知	未知	未知	未知	未知	未知	未知	未知	未知	未知	未知	未知	未知	未知	未知	未知	未知	未知	未知	未知	未知	未知	未知	未知	未知	未知	未知	未知	未知	未知	未知	未知	未知	是	未知	未知	未知	未知	无	无	无	未知	未知	未知	未知	未知	未知	未知	未知	未知	未知	未知	未知	未知	未知	未知	未知	未知	未知	未知	未知	未知	未知	未知	未知	未知	未知	未知	未知	未知	未知	未知	未知	未知	未知	未知	未知	未知	未知	未知	未知	未知	无	无	无	无	无	无	无	无	无	无	无	无	无	无	无	无	无	无	无	无	无	无	无	无
100	t2021061	【欧盟】AKULA潜水泵召回	中国	不详	潜水泵	1	召回发布日期2021/6/3 召回发布国家或地区欧盟 产品名称AKULA, АКУЛА Hacoc занурювалъний Акула 潜水泵 产地乌克兰 具体型号或识别特征ΠΒ-0.2-40-Y5 缺陷及后果该设备不能充分防止触电。此外，电源线过短。带电部件可触及，导致用户触电。 	召回	日用杂品	空	https://dpac.samr.gov.cn/xfpzh/xfpgwzh/om_208/202106/t20210616_98418.html	电击伤	2	物理危害	电气危害	触电危害	未知	未知	未知	未知	未知		未知	否	未知	未知	未知	未知	未知	未知	未知	未知	空	空	空	空	否	空	无	未知	未知	未知	未知	未知	未知	未知	未知	未知	未知	未知	未知	未知	未知	未知	未知	未知	未知	未知	是	未知	未知	未知	未知	未知	未知	未知	未知	未知	未知	未知	未知	未知	未知	未知	未知	未知	未知	未知	是	未知	未知	未知	未知	无	无	无	未知	未知	未知	未知	未知	未知	未知	未知	未知	未知	未知	未知	未知	未知	未知	未知	未知	未知	未知	未知	未知	未知	未知	未知	未知	未知	未知	未知	未知	未知	未知	未知	未知	未知	未知	未知	未知	未知	未知	未知	未知	无	无	无	无	无	无	无	无	无	无	无	无	无	无	无	无	无	无	无	无	无	无	无	无
101	t2021060	【欧盟】Kawasaki自平衡滑板车（悬滑板）召回	中国	不详	CE 	1	召回发布日期2021/6/3 召回发布国家或地区欧盟 产品名称Kawasaki BALANCE SCOOTER自平衡滑板车（悬滑板） 产地中国 具体型号或识别特征KX-PRO6.5A 缺陷及后果电池没有监控电池温度的设备，因此在充电过程中可能会过热，悬滑板盖可能会点燃。产品可能会引起火灾，用户可能会遭受烧伤。此外，该产品质量差，电源线暴露在两个电机之间的活动部件中，而且还要穿过两端有毛刺的钢管。在产品的使用寿命期间，电源线的绝缘层会被尖锐边缘损坏，导致电池在使用过程中短路和爆炸。因此，用户可能会失控，从滑板车上跌落，遭受伤害。 	召回	交通工具及相关产品	空	https://dpac.samr.gov.cn/xfpzh/xfpgwzh/om_208/202106/t20210608_98255.html	烧伤,烫伤,电击伤	2	物理危害	高/低温物质危害,电气危害	高温物质危害,触电危害	未知	未知	未知	未知	未知		未知	否	未知	未知	未知	未知	未知	未知	电池	未知	空	空	空	空	否	空	无	未知	未知	未知	未知	未知	未知	未知	未知	未知	未知	有	未知	未知	未知	未知	未知	是	未知	是	未知	是	未知	未知	未知	未知	未知	未知	未知	未知	未知	未知	未知	未知	未知	未知	未知	未知	未知	未知	是	未知	未知	未知	未知	无	无	无	未知	未知	未知	未知	未知	未知	未知	未知	未知	未知	未知	未知	未知	未知	未知	未知	未知	未知	未知	未知	未知	未知	未知	未知	未知	未知	未知	未知	未知	未知	未知	未知	未知	未知	未知	未知	未知	未知	未知	未知	未知	无	无	无	无	无	无	无	无	无	无	无	无	无	无	无	无	无	无	无	无	无	无	无	无
102	t2021060	【欧盟】100L LED Musica Lights灯饰链召回	中国	陕西	插头	1	召回发布日期2021/5/28 召回发布国家或地区欧盟 产品名称100L LED Musica Lights灯饰链 产地中国 具体型号或识别特征HL100 缺陷及后果电线没有正确固定，而且太细。可触及电线的绝缘不足。另外，线路延长插座的结构让插头可以单极插入。电缆可能会过热，烧伤用户或导致火灾。用户可能会碰到可触及的带电部件，遭到电击。 	召回	家用电器及电器附件	空	https://dpac.samr.gov.cn/xfpzh/xfpgwzh/om_208/202106/t20210601_98088.html	烧伤,烫伤	2	物理危害	高/低温物质危害,电气危害	高温物质危害,触电危害	未知	未知	未知	未知	未知		未知	否	未知	未知	未知	未知	未知	未知	未知	未知	空	空	空	空	否	空	无	未知	未知	未知	未知	未知	未知	未知	未知	未知	未知	有	未知	未知	未知	未知	未知	是	未知	是	未知	未知	未知	未知	未知	未知	未知	未知	未知	未知	未知	未知	未知	未知	未知	未知	未知	未知	未知	未知	是	未知	未知	未知	未知	无	无	无	未知	未知	未知	未知	未知	未知	未知	未知	未知	未知	未知	未知	未知	未知	未知	未知	未知	未知	未知	未知	未知	未知	未知	未知	未知	未知	未知	未知	未知	未知	未知	未知	未知	未知	未知	未知	未知	未知	未知	未知	未知	无	无	无	无	无	无	无	无	无	无	无	无	无	无	无	无	无	无	无	无	无	无	无	无
103	t2021060	【欧盟】便携式 LED 灯召回	中国	不详	插头	1	召回发布日期2021/5/28 召回发布国家或地区欧盟 产品名称high mountain tiger CAMPING LIGHT 便携式 LED 灯 产地中国 具体型号或识别特征GSH-7088A 缺陷及后果电源线内的电缆太细。电缆在使用过程中可能会过热。电源插头和输出连接器引脚的绝缘不足且尺寸不合适，使带电部件可触及。照明装置集成插头的塑料部分由可燃材料制成。在不使用任何工具的情况下就可以接触到带电部件。因此，用户可能会烧伤，触电，或者产品可能会引起火灾。 	召回	家用电器及电器附件	空	https://dpac.samr.gov.cn/xfpzh/xfpgwzh/om_208/202106/t20210601_98087.html	烧伤,烫伤,电击伤	2	物理危害	高/低温物质危害,电气危害	高温物质危害,触电危害	未知	未知	未知	未知	未知		未知	否	未知	未知	未知	未知	未知	未知	未知	未知	空	空	空	空	否	空	无	未知	未知	未知	未知	未知	未知	未知	未知	未知	未知	有	未知	未知	未知	未知	未知	是	未知	是	是	未知	未知	未知	未知	未知	未知	未知	未知	未知	未知	未知	未知	未知	未知	未知	未知	未知	未知	未知	是	未知	未知	未知	未知	无	无	无	未知	未知	未知	未知	未知	未知	未知	未知	未知	未知	未知	未知	未知	未知	未知	未知	未知	未知	未知	未知	未知	未知	未知	未知	未知	未知	未知	未知	未知	未知	未知	未知	未知	未知	未知	未知	未知	未知	未知	未知	未知	无	无	无	无	无	无	无	无	无	无	无	无	无	无	无	无	无	无	无	无	无	无	无	无
104	t2021060	【欧盟】新奇打火机召回	中国	不详	打火机	1	召回发布日期2021/5/28 召回发布国家或地区欧盟 产品名称新奇打火机 产地未知 具体型号或识别特征 缺陷及后果打火机对儿童有吸引力，很容易被误认为玩具。儿童可能会拿着打火机玩耍，造成烧伤或引发起火。 	召回	日用杂品	空	https://dpac.samr.gov.cn/xfpzh/xfpgwzh/om_208/202106/t20210601_98077.html	烧伤	2	物理危害	高/低温物质危害	高温物质危害	未知	未知	未知	未知	未知		未知	否	未知	未知	未知	未知	未知	未知	未知	未知	空	空	空	空	否	空	无	未知	未知	未知	未知	未知	未知	未知	未知	未知	未知	有	未知	未知	未知	未知	未知	是	未知	未知	未知	未知	未知	未知	未知	未知	未知	未知	未知	未知	未知	未知	未知	未知	未知	未知	未知	未知	未知	未知	是	未知	未知	未知	未知	无	无	无	未知	未知	未知	未知	未知	未知	未知	未知	未知	未知	未知	未知	未知	未知	未知	未知	未知	未知	未知	未知	未知	未知	未知	未知	未知	未知	未知	未知	未知	未知	未知	未知	未知	未知	未知	未知	未知	未知	未知	未知	未知	无	无	无	无	无	无	无	无	无	无	无	无	无	无	无	无	无	无	无	无	无	无	无	无
105	t2021060	【欧盟】Take Eagle 新奇打火机召回	中国	不详	打火机	1	召回发布日期2021/5/28 召回发布国家或地区欧盟 产品名称Take Eagle 新奇打火机 产地未知 具体型号或识别特征 缺陷及后果打火机对儿童有吸引力，很容易被误认为玩具。儿童可能会拿着打火机玩耍，造成烧伤或引发起火。 	召回	日用杂品	空	https://dpac.samr.gov.cn/xfpzh/xfpgwzh/om_208/202106/t20210601_98076.html	烧伤	2	物理危害	高/低温物质危害	高温物质危害	未知	未知	未知	未知	未知		未知	否	未知	未知	未知	未知	未知	未知	未知	未知	空	空	空	空	否	空	无	未知	未知	未知	未知	未知	未知	未知	未知	未知	未知	有	未知	未知	未知	未知	未知	是	未知	未知	未知	未知	未知	未知	未知	未知	未知	未知	未知	未知	未知	未知	未知	未知	未知	未知	未知	未知	未知	未知	是	未知	未知	未知	未知	无	无	无	未知	未知	未知	未知	未知	未知	未知	未知	未知	未知	未知	未知	未知	未知	未知	未知	未知	未知	未知	未知	未知	未知	未知	未知	未知	未知	未知	未知	未知	未知	未知	未知	未知	未知	未知	未知	未知	未知	未知	未知	未知	无	无	无	无	无	无	无	无	无	无	无	无	无	无	无	无	无	无	无	无	无	无	无	无
106	t2021060	【欧盟】Deltasun 新奇打火机召回	中国	不详	打火机	1	召回发布日期2021/5/28 召回发布国家或地区欧盟 产品名称Deltasun 新奇打火机 产地中国 具体型号或识别特征2М-14441 30 缺陷及后果打火机对儿童有吸引力，很容易被误认为玩具。儿童可能会拿着打火机玩耍，造成烧伤或引发起火。 	召回	日用杂品	空	https://dpac.samr.gov.cn/xfpzh/xfpgwzh/om_208/202106/t20210601_98075.html	烧伤	2	物理危害	高/低温物质危害	高温物质危害	未知	未知	未知	未知	未知		未知	否	未知	未知	未知	未知	未知	未知	未知	未知	空	空	空	空	否	空	无	未知	未知	未知	未知	未知	未知	未知	未知	未知	未知	有	未知	未知	未知	未知	未知	是	未知	未知	未知	未知	未知	未知	未知	未知	未知	未知	未知	未知	未知	未知	未知	未知	未知	未知	未知	未知	未知	未知	是	未知	未知	未知	未知	无	无	无	未知	未知	未知	未知	未知	未知	未知	未知	未知	未知	未知	未知	未知	未知	未知	未知	未知	未知	未知	未知	未知	未知	未知	未知	未知	未知	未知	未知	未知	未知	未知	未知	未知	未知	未知	未知	未知	未知	未知	未知	未知	无	无	无	无	无	无	无	无	无	无	无	无	无	无	无	无	无	无	无	无	无	无	无	无
107	t2021060	【美国】METROUS1、METROUS2和METROUS4紧凑型城市婴儿车召回	中国	不详	安全带	1	召回发布日期2021/5/26 召回发布国家或地区美国 产品名称METROUS1、METROUS2和METROUS4紧凑型城市婴儿车 产地中国 具体型号或识别特征此次召回涉及Ergobaby METROUS1、METROUS2或METROUS4紧凑型城市婴儿车。 召回数量2800 缺陷及后果当儿童在婴儿车中时，如果用户按下按钮释放安全带，卡扣上的按钮可能会断裂并脱落，使安全带难以释放，对幼儿构成窒息危险。 	召回	交通工具及相关产品	空	https://dpac.samr.gov.cn/xfpzh/xfpgwzh/mg_207/202106/t20210602_98143.html	窒息	3	物理危害	机械危害	潜在能量危害	未知	未知	未知	未知	未知		未知	否	未知	未知	未知	未知	未知	未知	未知	未知	空	空	空	空	否	空	无	未知	未知	未知	未知	未知	未知	未知	未知	未知	未知	未知	未知	未知	未知	未知	未知	未知	未知	未知	未知	未知	未知	未知	未知	未知	未知	未知	未知	未知	未知	未知	未知	未知	未知	未知	未知	未知	未知	未知	未知	未知	未知	未知	未知	无	无	无	未知	未知	未知	未知	未知	未知	未知	未知	未知	未知	未知	未知	未知	未知	未知	未知	未知	未知	未知	未知	未知	未知	未知	未知	未知	未知	未知	未知	未知	未知	未知	未知	未知	未知	未知	未知	未知	未知	未知	未知	未知	无	无	无	无	无	无	无	无	无	无	无	无	无	无	无	无	无	无	无	无	无	无	无	无
108	t2021060	【欧盟】NEW/LED karácsonyi égősor灯饰链召回	中国	不详	插头	1	召回发布日期2021/5/21 召回发布国家或地区欧盟 产品名称NEW / LED karácsonyi égősor 灯饰链 产地中国 具体型号或识别特征1101069（包装上）1101071（标签上） 缺陷及后果电线没有正确固定，而且太细。可触及的电线仅具有基础绝缘，并且可碰触控制装置的锋利边缘。电线可能会脱落或损坏，露出可触及的带电导体。另外，电源插头的尺寸远远小于规定要求。用户可能会碰到可触及的带电部件，遭到电击。电缆可能会过热，引发烧伤或起火。 	召回	家用电器及电器附件	空	https://dpac.samr.gov.cn/xfpzh/xfpgwzh/om_208/202106/t20210601_98085.html	烧伤,烫伤	2	物理危害	高/低温物质危害,电气危害,机械危害	高温物质危害,触电危害,形状和表面性能危害	未知	未知	未知	未知	未知		未知	否	未知	有	未知	未知	未知	未知	未知	未知	空	空	空	空	否	空	无	未知	未知	未知	未知	未知	未知	未知	未知	未知	未知	有	未知	未知	未知	未知	未知	是	未知	是	未知	未知	未知	未知	未知	未知	未知	未知	未知	未知	未知	未知	未知	未知	未知	未知	未知	未知	未知	未知	是	未知	未知	未知	未知	无	无	无	未知	未知	未知	未知	未知	未知	未知	未知	未知	未知	未知	未知	未知	未知	未知	未知	未知	未知	未知	未知	未知	未知	未知	未知	未知	未知	未知	未知	未知	未知	未知	未知	未知	未知	未知	未知	未知	未知	未知	未知	未知	无	无	无	无	无	无	无	无	无	无	无	无	无	无	无	无	无	无	无	无	无	无	无	无
109	t2021060	【欧盟】148L LED fény灯饰链召回	中国	陕西	插头	1	召回发布日期2021/5/20 召回发布国家或地区欧盟 产品名称148L LED fény灯饰链 产地中国 具体型号或识别特征KD-148L LED fény 缺陷及后果电线没有正确固定，而且太细。可触及电线的绝缘不足。另外，线路延长插座的结构让插头可以单极插入。尽管推荐户外使用，但产品并不防水。电缆可能会过热，引发烧伤或起火。产品可能会渗水，或者用户可能会触碰到带电部件，这可能会导致电击。 	召回	家用电器及电器附件	空	https://dpac.samr.gov.cn/xfpzh/xfpgwzh/om_208/202106/t20210602_98095.html	烧伤,烫伤	2	物理危害	高/低温物质危害,电气危害	高温物质危害,触电危害	未知	未知	未知	未知	未知		未知	否	未知	未知	未知	未知	未知	未知	未知	未知	空	空	空	空	否	空	无	未知	未知	未知	未知	未知	未知	未知	未知	未知	未知	有	未知	未知	未知	未知	未知	是	未知	是	未知	未知	未知	未知	未知	未知	未知	未知	未知	未知	未知	未知	未知	未知	未知	未知	未知	未知	未知	未知	是	未知	未知	未知	未知	无	无	无	未知	未知	未知	未知	未知	未知	未知	未知	未知	未知	未知	未知	未知	未知	未知	未知	未知	未知	未知	未知	未知	未知	未知	未知	未知	未知	未知	未知	未知	未知	未知	未知	未知	未知	未知	未知	未知	未知	未知	未知	未知	无	无	无	无	无	无	无	无	无	无	无	无	无	无	无	无	无	无	无	无	无	无	无	无
110	t2021052	【日本】盘子、碗、杯子召回	中国	不详	玻璃杯	1	召回发布日期2021/5/18 召回发布国家或地区日本 产品名称盘子、碗、杯子 产地不详 具体型号或识别特征 产品名                 JAN码      售出时间     召回数量 HEROISK玻璃杯25cl                 2019年8月 浅红色/黄色2PCS AP    10426861  ～2021年5月    共计14,578件 HEROISK 碗14                      2019年6月 绿色/黄色AP           20414141  ～2021年5月    共计17,561件 HEROISK 盘子(分隔3)22             2019年6月 浅红色/绿色2pcs AP    60414144  ～2021年5月    共计23,249件 HEROISK 餐盘19                    2019年6月 蓝色/浅红色 2PCS AP   80421412   ～2021年5月    共计10,484件 TALRIKA 碗 14                     2019年7月 浅红色 4PCS AP        20421108  ～2021年5月     共计5,450件 TALRIKA 马克杯 25cl               2019年7月 浅红色 4PCS AP        30421117  ～2021年5月     共计2,959件 TALRIKA 深盘 20                   2019年7月 浅绿色 4PCS AP        50421121  ～2021年5月     共计11,330件 TALRIKA 餐盘19                    2019年6月 深蓝色 4PCS AP        90421119  ～2021年5月     共计10,108件 召回数量95719 缺陷及后果如放入热食物或饮料时产品损坏，可能会烫伤。 	召回	日用杂品	空	https://dpac.samr.gov.cn/xfpzh/xfpgwzh/rb_212/202105/t20210520_97928.html	烫伤	2	物理危害	高/低温物质危害	高温物质危害	未知	未知	未知	未知	未知		未知	否	未知	未知	未知	未知	未知	未知	未知	未知	空	空	空	空	否	空	无	未知	未知	未知	未知	未知	未知	未知	未知	未知	未知	有	未知	未知	未知	未知	未知	未知	未知	未知	未知	未知	未知	未知	未知	未知	未知	未知	未知	未知	未知	未知	未知	未知	未知	未知	未知	未知	未知	未知	是	未知	未知	未知	未知	无	无	无	未知	未知	未知	未知	未知	未知	未知	未知	未知	未知	未知	未知	未知	未知	未知	未知	未知	未知	未知	未知	未知	未知	未知	未知	未知	未知	未知	未知	未知	未知	未知	未知	未知	未知	未知	未知	未知	未知	未知	未知	未知	无	无	无	无	无	无	无	无	无	无	无	无	无	无	无	无	无	无	无	无	无	无	无	无
111	t2021051	【欧盟】BIKEME 自平衡滑板车（悬滑板)召回	中国	不详	CE 	1	召回发布日期2021/5/14 召回发布国家或地区欧盟 产品名称BIKEME BALANCE SCOOTER / Elektromos gördeszka自平衡滑板车（悬滑板) 产地中国 具体型号或识别特征 缺陷及后果电池没有监控电池温度的设备，因此在充电过程中可能会过热，悬滑板盖可能会点燃。产品可能会引起火灾，用户可能会遭受烧伤。此外，电源线暴露在两个电机之间的活动部件中，而且还要穿过两端有毛刺的钢管。在产品的使用寿命期间，电源线的绝缘层会被尖锐边缘损坏，导致电池在使用过程中短路和爆炸。因此，用户可能会失控，从滑板车上跌落，遭受伤害。 	召回	交通工具及相关产品	空	https://dpac.samr.gov.cn/xfpzh/xfpgwzh/om_208/202105/t20210517_97834.html	烧伤,烫伤,电击伤	2	物理危害	高/低温物质危害,电气危害	高温物质危害,触电危害	未知	未知	未知	未知	未知		未知	否	未知	未知	未知	未知	未知	未知	电池	未知	空	空	空	空	否	空	无	未知	未知	未知	未知	未知	未知	未知	未知	未知	未知	有	未知	未知	未知	未知	未知	是	未知	是	未知	是	未知	未知	未知	未知	未知	未知	未知	未知	未知	未知	未知	未知	未知	未知	未知	未知	未知	未知	是	未知	未知	未知	未知	无	无	无	未知	未知	未知	未知	未知	未知	未知	未知	未知	未知	未知	未知	未知	未知	未知	未知	未知	未知	未知	未知	未知	未知	未知	未知	未知	未知	未知	未知	未知	未知	未知	未知	未知	未知	未知	未知	未知	未知	未知	未知	未知	无	无	无	无	无	无	无	无	无	无	无	无	无	无	无	无	无	无	无	无	无	无	无	无
